path,genre,mfcc0_mean,mfcc0_std,mfcc1_mean,mfcc1_std,mfcc2_mean,mfcc2_std,mfcc3_mean,mfcc3_std,mfcc4_mean,mfcc4_std,mfcc5_mean,mfcc5_std,mfcc6_mean,mfcc6_std,mfcc7_mean,mfcc7_std,mfcc8_mean,mfcc8_std,mfcc9_mean,mfcc9_std,mfcc10_mean,mfcc10_std,mfcc11_mean,mfcc11_std,mfcc12_mean,mfcc12_std,mfcc13_mean,mfcc13_std,mfcc14_mean,mfcc14_std,mfcc15_mean,mfcc15_std,mfcc16_mean,mfcc16_std,mfcc17_mean,mfcc17_std,mfcc18_mean,mfcc18_std,mfcc19_mean,mfcc19_std,chroma0_mean,chroma1_mean,chroma2_mean,chroma3_mean,chroma4_mean,chroma5_mean,chroma6_mean,chroma7_mean,chroma8_mean,chroma9_mean,chroma10_mean,chroma11_mean,centroid_mean,centroid_std,bandwidth_mean,bandwidth_std,rolloff_mean,rolloff_std,contrast0_mean,contrast1_mean,contrast2_mean,contrast3_mean,contrast4_mean,contrast5_mean,contrast6_mean,zcr_mean,zcr_std,rms_mean,rms_std,tempo
genres_original\blues\blues.00000.wav,blues,-113.619385,50.703182,121.55302,17.19664,-19.151056,15.34861,42.345768,12.281505,-6.3711677,12.962431,18.613033,9.442965,-13.69206,8.222213,15.339378,8.310419,-12.283617,9.063802,10.973775,7.9624414,-8.32241,7.8619676,8.8067875,7.1618433,-3.6658025,6.4227433,5.745939,6.3687506,-5.161711,7.058576,0.750298,7.2432137,-1.6883581,6.0468674,-0.4093285,6.453187,-2.298869,7.421366,1.2199471,6.8538775,0.36172682,0.3676192,0.43998018,0.24463451,0.2478018,0.33561516,0.36457565,0.435647,0.29584128,0.3146339,0.40656048,0.38477015,1784.416545970319,360.1941660724689,2002.6571063943209,292.96645874446284,3806.4186497738488,949.3838319123846,15.987602688701612,15.102477692088824,18.458409057377718,18.363125053822007,18.9187388027038,17.190236092452114,39.66757667158581,0.08306639113293343,0.02768996741355138,0.130192,0.053201236,123.046875
genres_original\blues\blues.00001.wav,blues,-207.58151,88.151985,123.99715,23.667763,8.939115,23.931154,35.870758,16.274376,2.9199705,16.734621,21.518787,12.508815,-8.555368,14.176376,23.355938,11.931994,-10.101037,12.893105,11.906445,10.215605,-5.5581226,10.257861,5.375942,9.813216,-2.2378328,8.0561075,4.217125,8.554412,-6.0110474,7.2446527,0.93266803,7.4407187,-0.7170279,7.7532763,0.2923333,6.9381366,-0.28571695,7.150609,0.5321443,6.7692857,0.45962265,0.34987718,0.32096848,0.21158579,0.20090811,0.33100522,0.39764687,0.5606766,0.38437906,0.25547394,0.28495893,0.3342382,1529.8713140945188,613.1978884116917,2038.6121427572907,462.4822959687798,3548.9868730952494,1725.3383493061522,15.984914561002014,17.0562328248644,19.129323982388623,19.18787122800779,18.324038624421977,17.50447952941415,37.51898531757912,0.056044256724071206,0.03805920843998772,0.095891684,0.04872404,67.99958881578948
genres_original\blues\blues.00002.wav,blues,-90.776344,57.61765,140.44861,22.563513,-29.10056,20.297462,31.68734,12.006151,-13.975971,12.490621,25.741686,8.629561,-13.644712,10.328758,11.623112,10.32607,-11.775921,8.104654,9.700466,8.236836,-13.115349,7.592525,5.7857633,8.037509,-8.899733,7.776661,-1.0870236,7.598978,-9.216774,6.038823,2.4536483,6.373398,-7.721793,6.9065385,-1.8164973,7.24004,-3.4343534,6.828621,-2.2313912,5.5340967,0.2726714,0.1958688,0.3152544,0.40813464,0.54708266,0.32177523,0.30478674,0.2885171,0.33424178,0.40191102,0.38430834,0.5881899,1552.6377863181906,395.64920650086106,1747.3820283016646,275.95414242794845,3041.0899442784926,884.8426541198174,26.33225553065585,14.191932556756637,17.706643575580642,19.417249535025636,20.344435037793545,18.314964839749916,39.035077300462454,0.07630074799245357,0.031737819011002394,0.17549369,0.052465174,161.4990234375
genres_original\blues\blues.00003.wav,blues,-199.462,74.13483,150.09474,21.36742,5.649167,16.032692,26.870144,12.57767,1.7554406,16.367716,14.23688,11.264206,-4.8288727,12.492485,9.297849,9.009487,-0.7531419,9.610511,8.147393,8.439375,-3.1952357,10.503591,6.0853534,6.941436,-2.4761882,7.5374665,-1.0762246,7.8901334,-2.8760564,7.1865416,0.77690876,6.667608,-3.3200555,7.0878043,0.63726276,6.1116214,-0.6175069,6.1066494,-3.40694,5.6558323,0.3408617,0.4085767,0.52456856,0.5470746,0.6571129,0.51167065,0.35563073,0.25169033,0.24638645,0.31520894,0.31654343,0.38285506,1070.1100585189856,429.54237913885146,1596.244204184935,408.2126509040693,2185.0617872303114,1222.3723095329324,29.797804247563928,14.765636719360783,17.239783565071527,18.63621706926385,18.49075823426367,16.790485158755587,34.27801571154383,0.03330894446594427,0.02056877198727728,0.14113921,0.079623215,63.02400914634146
genres_original\blues\blues.00004.wav,blues,-160.29185,72.09816,126.19576,29.218794,-35.6025,18.267778,22.151169,13.916656,-32.48764,18.342604,10.862022,11.6102,-23.357162,9.659235,0.5005232,11.169667,-11.80477,11.401259,1.2038777,9.989755,-13.085074,8.961199,-2.8098488,9.300109,-6.935621,9.46644,-7.5592937,8.422141,-9.172152,8.704552,-4.5104084,9.274307,-5.4537363,8.679181,-0.92446774,7.3196697,-4.408076,7.9327493,-11.701833,7.430688,0.19272676,0.31723183,0.39155164,0.25590557,0.1928041,0.53058153,0.2539424,0.13921534,0.27655506,0.32433617,0.5552977,0.27303,1835.5070084014953,585.947298852198,1748.3674767249406,297.42236166042295,3581.003346162684,1253.8472082559008,17.057412884710494,15.693513459090605,19.12555886683112,20.526383065422213,20.785517461022902,19.713926518666607,37.33880412136976,0.1015001421004257,0.044198516021300496,0.0915404,0.04801099,135.99917763157896
genres_original\blues\blues.00005.wav,blues,-177.88876,85.460556,118.18953,56.54741,-17.55073,25.576311,30.753101,22.045116,-21.732107,20.820208,11.898545,16.312283,-20.73228,13.032559,3.176169,11.562216,-8.57577,13.127508,-0.9401844,10.00648,-11.773799,8.751917,-2.426076,8.860253,-9.342486,8.951683,-9.947082,6.895875,-3.9053469,7.74928,-5.568541,8.519501,-1.8399693,8.289742,-2.7841752,6.516645,-3.046112,6.311036,-8.115228,6.803858,0.2383077,0.30017728,0.6168902,0.23552333,0.12392123,0.24363413,0.2795118,0.41132167,0.2439938,0.28561246,0.28419933,0.36587507,1831.9900685948733,1015.5272536119529,1729.4562589469772,449.44388769480264,3480.8539517523704,1810.097358189528,17.47173427154148,19.563742281296186,21.294820438166678,21.350197303286826,20.782888052062248,19.40352798039331,37.94590337195688,0.09403986975135449,0.07897575479333778,0.10343772,0.063116826,69.83741554054055
genres_original\blues\blues.00006.wav,blues,-190.17502,98.21622,130.29242,43.98217,-36.348473,36.161358,33.02909,21.916225,11.085681,32.917904,-0.5963725,16.739882,-20.882357,12.316179,0.27711618,10.143775,-6.5008707,11.45195,-5.515623,12.389086,-7.8452888,9.358328,-3.123599,8.014027,-6.595716,8.897414,-9.947578,7.9419365,-6.540925,9.296062,-10.071381,9.128132,-10.912119,7.5457077,-6.970003,6.186081,-3.4485128,6.9349537,-6.4984574,8.36777,0.42547852,0.2233068,0.13130385,0.1526468,0.24185747,0.49107304,0.24560349,0.16917838,0.28823328,0.46142796,0.35944885,0.3073089,1459.0353761872718,661.9048512246574,1388.725515468785,430.2696982143311,2795.67476160386,1273.8488337810736,24.761686388889366,21.07530470251667,22.20890664723946,21.261253966206972,21.647741736833122,20.145598260935973,32.880478388843535,0.07302790308146284,0.0436989109483751,0.1416879,0.09371678,71.77734375
genres_original\blues\blues.00007.wav,blues,-179.42007,81.08917,136.4421,38.470413,-26.644339,24.310026,39.97959,18.792528,5.3018146,25.503872,10.921237,11.677463,-20.555347,12.794587,8.507477,12.307668,-11.35436,13.115827,-3.469098,13.357224,-8.414114,12.151825,-6.956977,9.153007,-3.5483484,9.660816,-8.051683,7.580675,-8.9604845,9.071809,-8.421077,8.395058,-10.5585985,7.213344,-10.790193,7.7794085,-4.7007947,8.0987625,-8.638816,7.505687,0.25941798,0.26425827,0.32542002,0.21780159,0.21512048,0.2952168,0.19004409,0.1808651,0.2643502,0.39014107,0.6485513,0.4365872,1451.8494584581751,670.7739279240661,1577.5518583197488,410.192949810905,2955.7654602239745,1276.9357186257082,20.215365526323623,20.094576698389947,20.711897948475954,19.629865396658026,20.705410723231054,19.60440192458332,36.12081799513814,0.06143500266060371,0.043011742599829005,0.13174523,0.07439894,92.28515625
genres_original\blues\blues.00008.wav,blues,-121.387115,51.20196,122.505394,20.3649,-14.739394,18.476788,46.135292,13.921793,-8.160384,13.293729,20.17051,10.343644,-19.169321,7.594192,23.050188,8.770052,-11.82594,6.5177164,21.17341,7.6440315,-6.7202907,6.9971523,7.0050187,7.4997573,-12.739911,7.8674307,5.064209,7.1095953,-5.173075,5.7297416,-1.446995,7.110611,-7.036928,5.3751597,2.6948745,6.077127,3.4093323,5.807247,-2.6991909,6.008099,0.31952116,0.304665,0.36683202,0.42233863,0.52400357,0.4506939,0.49352214,0.35298562,0.3803426,0.46188298,0.36648244,0.46470785,1719.2739373344168,404.2148603391187,2031.6873439502422,324.9818521856879,3781.5188003398316,1123.830736936971,29.493772582869763,15.129731925950475,17.020851583382814,17.03142049834697,19.69371660973148,17.621792078515444,40.62273896813749,0.06402757957623839,0.02705344827055859,0.14236063,0.038767237,83.35433467741936
genres_original\blues\blues.00009.wav,blues,-213.20453,78.31431,115.15454,28.262222,-11.720503,25.864157,39.032555,18.730318,-20.357819,23.071655,13.089926,16.684895,-9.180815,11.249238,9.023639,8.2433195,-14.101023,10.496001,4.283337,9.617187,-6.044196,9.212237,3.7863674,10.222245,0.22368738,8.740899,-5.114481,9.242065,-0.4145367,10.200085,-1.1848985,7.702675,-1.9183391,7.647867,-2.2957964,9.120192,2.89123,8.777185,-4.234533,9.566596,0.24841247,0.27330655,0.48874417,0.26811442,0.17957145,0.2677974,0.22273742,0.41564548,0.2728808,0.18116425,0.22930479,0.24049188,1817.5295464146707,546.1286759179139,1973.6903092151892,337.9483596955139,3944.584480970637,1169.2472363386128,14.330905860745972,17.63960709820347,21.926797282717327,20.2309716071656,18.564728908036567,18.909647349158625,36.50457567144057,0.0792153184258901,0.03710199195397739,0.08132098,0.06593492,80.74951171875
genres_original\blues\blues.00010.wav,blues,-173.71587,90.2122,137.14024,32.895638,-23.767647,32.04959,26.99174,22.262089,-16.687662,17.024559,4.2143745,12.638329,-12.582618,12.267991,5.8545594,9.082866,-2.884673,10.4207115,-1.1866812,8.099662,-1.9771541,7.44855,1.8001548,7.6134143,-3.0044115,9.680582,-1.8699358,6.3364367,-0.7962682,7.0526485,-3.0132642,7.9358287,-0.43592528,7.554105,-2.00181,7.4576225,-0.7466386,6.870872,-5.001238,6.8177133,0.46167365,0.17095318,0.19264798,0.37859696,0.35386527,0.45910814,0.2763882,0.32404935,0.1876989,0.20247589,0.32372454,0.3163996,1410.6753570562078,453.11712875661004,1512.971789272328,380.6953780625899,2767.5082652561437,1194.0923722471903,16.17116056160471,16.379389883865013,21.29912243778801,21.590195304112104,18.679928625556116,17.768053539391577,35.72734561156319,0.06298072271671827,0.021005301234394137,0.14286481,0.09589651,161.4990234375
genres_original\blues\blues.00011.wav,blues,-287.92355,77.045265,123.97102,31.523533,5.456122,17.381048,33.684544,18.55079,1.0892011,21.01286,14.704721,15.348381,-4.898606,12.217013,8.653276,13.753051,0.78279763,12.197827,6.5667357,10.686265,-4.87944,9.686741,-3.1806588,9.17844,-5.5570035,8.085729,-6.786621,7.797515,-2.644233,7.4516063,-2.9824314,7.382002,-3.3811383,6.313457,-1.8614974,6.845003,1.8359203,6.0883555,-4.8965116,5.3012223,0.2483915,0.23022659,0.30491772,0.41385746,0.658542,0.5414394,0.35246077,0.34857565,0.34565005,0.34801096,0.27664185,0.32097086,1353.3291189300633,715.47446584206,1757.3310044069237,469.274972885103,2882.31590436339,1712.5018145222573,27.483370752926515,16.876059884810612,17.698070264509987,17.865403485970518,17.39974569243824,16.091277790468002,32.171529630726695,0.04395891785990712,0.04354469611875666,0.065684564,0.050005443,161.4990234375
genres_original\blues\blues.00012.wav,blues,-207.20874,67.661995,132.79709,25.794357,-15.460706,30.592875,60.99486,18.18241,0.7102412,17.721489,12.461279,10.059374,1.1609277,10.392875,-1.5278946,10.568409,-17.901815,9.819367,8.369234,9.735622,-2.4538186,11.820317,-0.5966886,9.624631,0.36881655,9.283365,2.6052277,7.3317795,-5.1930146,6.773997,-9.530149,8.326241,-9.2374,7.975776,-2.8406758,8.298301,-1.4114445,10.610353,-5.931029,9.567372,0.3036762,0.16028026,0.21962775,0.20349415,0.19680668,0.26644194,0.30161816,0.15768713,0.1824606,0.21346904,0.3755524,0.65087664,1361.1004062354928,507.00601443997215,1567.6007717770153,211.96910144314313,2739.791766187355,976.0043854573764,16.89251432562536,18.890022518002528,21.01584864579434,20.099728297279288,21.6373619142718,22.808864086386276,33.5453591271736,0.06912392064144737,0.04879831148262711,0.11902389,0.0636934,184.5703125
genres_original\blues\blues.00013.wav,blues,-209.7822,44.38294,124.46592,23.290462,10.285805,25.728228,47.030174,12.177268,6.4823856,10.098318,15.417021,12.095588,-2.0100777,8.332418,6.735786,8.717909,-21.54862,9.820377,10.728498,9.790461,-5.532432,9.524994,-2.202038,7.695251,-3.051727,7.2376456,8.644019,8.474669,-0.31084567,8.28486,-0.6361449,9.414431,-2.9359381,9.872068,-1.706597,10.213806,-1.7654228,9.428778,-7.755964,10.674804,0.12737738,0.14210582,0.1711676,0.14698231,0.18988648,0.23153718,0.15596735,0.2164879,0.34531885,0.38492703,0.69153094,0.3734268,1324.3317542217221,414.2953027543849,1827.3844642890333,279.4935025959381,2710.3669441152283,1037.1194677358196,17.056353195477545,18.542702162287576,21.60647995746491,18.863213934739992,19.59525017568339,19.25900587118478,34.98918333543087,0.051417300575657895,0.03544030759515154,0.11318897,0.064741395,107.666015625
genres_original\blues\blues.00014.wav,blues,-305.69858,90.5473,113.041626,26.103662,12.114901,38.257935,45.039444,14.991419,17.739239,15.779799,14.59463,12.438758,4.157129,12.554844,0.24009794,12.913716,-7.013088,9.8775425,13.649843,8.767174,8.923058,9.4865055,1.3016899,7.920795,5.9521284,8.022303,8.542282,8.720549,1.1171257,11.709361,0.58821857,8.224779,0.060077537,9.831122,-3.706519,8.102942,-1.001884,9.452686,-1.8044139,10.656262,0.2962065,0.31608945,0.2948223,0.2400488,0.29478687,0.3142644,0.23711222,0.23535705,0.28419036,0.37784427,0.62039816,0.4373699,1172.2763008557504,383.77702373407834,1705.8583767615453,310.43031693283615,2345.777482071159,936.497139040366,17.679665640268443,19.680118393936823,23.622879377867008,19.5089505837423,20.49066736990628,19.44084079545518,30.897990128109065,0.045045834945820436,0.03950987106446065,0.06693625,0.05204608,151.99908088235293
genres_original\blues\blues.00015.wav,blues,-238.53304,66.202576,120.08829,26.99122,-4.2245555,31.297773,42.310043,19.574749,5.9163294,17.288061,13.914182,10.838106,5.3575773,10.939125,1.9037086,11.995671,-16.92988,9.480667,12.33931,8.733511,3.9409604,9.037074,-1.3906769,7.8046145,0.014792061,7.7852073,3.5804958,9.4633465,-4.5049934,10.096966,-5.541951,8.801717,-6.883077,9.676661,-4.8263903,8.10849,1.7385828,8.848998,-1.8840166,11.454889,0.2628895,0.1662414,0.24380182,0.24289559,0.28420228,0.29283315,0.26068223,0.16922717,0.19756256,0.24369335,0.36236724,0.51776236,1420.4114787701458,447.3246402980111,1730.9171016184662,285.16918566241634,2930.240614569224,836.9628042321557,16.861067863521296,18.557984670671026,20.967541267495033,19.732013398389174,20.289203300415945,20.02401341760077,33.11842282825507,0.0637176797116873,0.04406925502867672,0.080638945,0.05321031,103.359375
genres_original\blues\blues.00016.wav,blues,-233.79489,70.44123,120.66705,23.711533,-3.1675606,34.757095,39.53927,19.910841,3.858855,16.844215,18.839672,12.497924,-3.6889172,10.01887,4.431845,10.562872,-14.975374,10.074906,17.571033,10.108127,1.8447447,10.42193,2.5386066,8.149384,-1.2386856,8.067007,8.439363,8.063074,-0.20983854,7.6912823,-3.9067852,8.820778,-4.478641,9.075767,-0.012232187,9.240238,1.293265,9.145825,-2.0874293,10.037048,0.23256344,0.1688748,0.14962575,0.27871922,0.40747797,0.24971187,0.27227315,0.35508335,0.52867246,0.5375006,0.26503965,0.25401476,1455.0424713770037,390.38911330846514,1825.9090251786272,341.8276045457172,3009.9651324859715,1005.4885183924602,16.84794720165796,17.97105586817448,21.036888068185412,18.751087452086956,20.263356045176963,18.601751201307497,33.928423770161004,0.061350725014512386,0.03767737157691678,0.08141902,0.051397182,198.76802884615384
genres_original\blues\blues.00017.wav,blues,-245.75414,72.074905,140.48093,28.298141,-2.771439,28.210205,60.42012,18.994875,18.9254,15.329366,9.8371,9.987851,3.566577,10.89083,0.53618747,9.650059,-16.367361,11.359439,6.629854,10.260236,7.269149,9.8356695,-4.015731,8.446647,1.6074536,8.5421295,5.898682,8.871509,-3.0176077,7.486734,-4.7748995,7.642668,-3.02707,8.104085,-1.9985329,8.059941,-0.058759093,7.929194,-3.9718897,8.046971,0.30284932,0.2071584,0.15734114,0.15960145,0.3067427,0.25651148,0.2541382,0.3122528,0.42534295,0.57891184,0.35321257,0.31281096,1088.7781161784512,481.44119724619634,1410.8359525015333,264.16997658064673,2134.7537581027477,1040.1175624181956,15.959212895559233,18.994416583119243,22.643051923774156,19.93258214146661,21.30462333692694,21.693830900603267,31.50836415755714,0.04832397083010836,0.029080134268729036,0.09325911,0.046387743,172.265625
genres_original\blues\blues.00018.wav,blues,-252.51877,53.61874,104.93699,24.581554,15.316828,25.72705,42.67347,12.750804,6.7626176,9.637907,21.623577,10.824915,-1.3132769,8.57424,5.691933,10.023236,-16.619516,11.194995,12.161627,11.117655,-1.96795,7.221668,1.969765,8.042828,-0.88895845,6.976862,7.771046,8.456111,2.3869514,10.096329,1.7799876,9.651304,1.3449866,11.483342,3.6371126,13.482834,4.9108076,12.319188,-2.6554036,9.823951,0.2109819,0.16093785,0.1887495,0.20268127,0.21735209,0.28019822,0.32945487,0.25060403,0.33041683,0.37706187,0.2986024,0.39391088,1537.56091926741,439.6508001183023,2054.224165444145,381.49604145575444,3495.4621967516446,1352.6626778846232,18.185877760346703,18.673023731109385,23.508252433841353,18.937140327090116,19.755208714604706,18.237134724863786,34.69768191079407,0.056131935710139316,0.041510898956046816,0.07964064,0.054376032,83.35433467741936
genres_original\blues\blues.00019.wav,blues,-236.6889,74.70635,138.40428,23.166365,-4.923575,34.172825,47.647713,17.647171,5.152376,21.601051,8.895284,9.574511,0.4828563,9.904786,-3.801668,12.6051855,-14.974891,8.792124,10.432587,10.22606,-0.3539616,11.592767,0.7883455,8.970575,1.7829305,8.832467,4.230211,8.583075,-0.47101694,7.9588156,-6.1056542,8.9880905,-5.387077,9.773833,-1.3430606,9.6274805,-3.7227933,8.518503,-4.3624997,8.173014,0.19436334,0.19354911,0.15701011,0.25425065,0.34076017,0.1469292,0.13923539,0.24408185,0.43789995,0.5547579,0.25239977,0.17307648,1195.4133983085592,499.72228766743984,1480.9442638678327,216.57655920498243,2235.2114839819565,1099.3750886750324,16.522419692297596,18.326953021649267,22.749064648528883,19.253089158777943,20.706566982002187,20.6686122755776,32.14242770977516,0.05887114817143963,0.04241648363749193,0.09763429,0.050781094,123.046875
genres_original\blues\blues.00020.wav,blues,-230.42657,54.645504,127.100525,19.935543,7.1453543,24.487255,39.784317,13.249691,1.9449425,10.760223,17.40534,10.012038,-5.6394286,8.914257,8.25213,8.327551,-18.104385,7.745546,13.842513,8.527892,-3.760913,8.461935,2.5718598,8.635147,-4.3208055,7.9143233,6.8123913,7.8676,-6.1598387,7.7892566,-6.2154546,7.0458207,-4.5115924,7.26744,-1.8506044,8.523207,-0.53948647,9.7045555,1.504397,8.595275,0.2498888,0.17251883,0.21738866,0.29259938,0.4965706,0.24946384,0.22612867,0.34282172,0.3883362,0.29949108,0.28352606,0.4148595,1389.952283760105,320.81513964141294,1911.3143992689452,297.89752190202256,3005.7401580338137,972.856996829294,16.324950510016254,15.953200069486634,20.516873042659764,17.65363809086513,18.531188159554937,17.219513999857888,34.29043512237343,0.05256015080785604,0.02481177495607362,0.07535405,0.04988359,135.99917763157896
genres_original\blues\blues.00021.wav,blues,-264.67847,79.659164,138.85834,31.658894,11.156023,35.838104,48.538254,19.26861,14.895925,15.755783,20.584368,11.40654,3.2051423,10.956984,1.2625881,10.222084,-15.847021,9.767315,15.986576,9.229901,3.3616717,8.8989725,-1.513741,8.480931,1.8921548,8.370803,6.3119216,8.279677,-0.994862,9.066076,-2.4167242,9.464651,-3.6847513,9.694317,0.4993974,10.922235,5.050747,10.852341,-0.7867031,12.190392,0.2332014,0.16180475,0.17967814,0.21733353,0.3863222,0.5575255,0.45657688,0.4428041,0.40352055,0.29652038,0.2842472,0.23417078,1046.7275070203582,540.0754646880029,1480.5791610107574,264.7677545990596,1831.1222607875386,1161.5990322554355,19.326919707873692,18.664104411251994,22.581228815136896,20.36983990496458,21.419999360091595,20.5285863326646,32.16056963125086,0.04793735185274768,0.04829025097065128,0.101118095,0.05685033,99.38401442307692
genres_original\blues\blues.00022.wav,blues,-233.85751,80.59228,136.17209,30.97792,3.2713184,34.091278,48.931213,19.602709,8.685134,17.44671,13.97951,12.861816,5.354868,10.272586,0.39087018,11.302638,-13.504575,12.309769,16.856106,9.099173,5.1309385,10.696425,-2.23188,8.792097,3.9640331,8.120822,5.318362,9.128711,0.8122657,10.052718,-1.097914,8.963112,-4.539752,8.870395,-2.434786,10.018896,3.313449,10.920519,-0.6142794,11.975881,0.3897471,0.23288275,0.21152727,0.25629792,0.32878277,0.49499997,0.35562545,0.32009515,0.28151312,0.31772652,0.25046688,0.23763904,1156.2023631215013,560.5751355792373,1497.7588839195676,243.07704876981532,2170.511875211639,1153.7443478601008,18.65293979507618,17.909654138483507,22.69234471145266,20.27898307685397,21.424414512702562,21.98610505406235,33.057225880540784,0.05861340218653251,0.05355133885466522,0.1134315,0.060719416,95.703125
genres_original\blues\blues.00023.wav,blues,-227.26886,64.407616,137.7307,22.50393,-14.493466,35.303543,63.555702,14.52175,5.612641,12.356342,11.984639,9.678051,1.885552,10.130399,-1.8633765,9.341696,-7.6205554,9.878339,-2.4471745,9.883728,-2.886725,10.20205,-9.429529,9.378918,-10.923913,10.746888,3.562558,8.305822,4.137706,8.779295,0.09554388,6.7268453,-2.9725447,8.175537,-1.378875,9.086503,7.541176,9.666952,-3.0374627,8.606777,0.2080751,0.27335852,0.18795398,0.20785005,0.48305637,0.22900419,0.124760345,0.16496514,0.28222013,0.65096676,0.36525834,0.1911824,1210.457126026275,363.08462230283806,1498.0546093389983,227.26333698329265,2522.5430798604393,781.1815275234986,16.078663085535215,19.496394484527514,24.151916666335392,21.211439044362944,20.580586373407975,20.623994438158494,30.653466381284947,0.052482675841718264,0.03298931566314875,0.101914905,0.059668284,184.5703125
genres_original\blues\blues.00024.wav,blues,-274.31186,76.93624,130.41371,22.375294,-6.3927994,36.63964,70.405014,17.646696,13.269141,15.1845045,9.461284,12.469622,7.7256413,11.023465,-1.2474908,12.25672,-0.57758844,9.70369,-2.3025885,8.300184,3.783147,8.762743,0.08482309,8.577574,-0.939436,11.257425,2.2965147,7.948856,4.2883782,8.345617,-1.6618618,6.9223866,-10.444594,7.0067477,-6.7975335,6.278752,-1.0660518,6.6526833,-1.5959948,9.138179,0.3060674,0.23341651,0.23148823,0.17517252,0.20543848,0.23799178,0.11788571,0.08235784,0.12760812,0.2973147,0.60895485,0.53360045,1120.39098022859,420.01051912533836,1447.852625055179,231.9948576792643,2325.127606938129,1067.2899656487189,16.01154497185364,21.706906472652637,23.97697226456178,20.16184667197599,20.0508330749294,21.274111672802825,28.83713952341195,0.047297899937113,0.03285126675852585,0.08696161,0.05012074,103.359375
genres_original\blues\blues.00025.wav,blues,-249.2894,63.097847,130.98703,18.39497,0.67739,39.751873,66.68578,17.279259,17.897806,13.54569,4.623737,13.16553,6.5983076,9.820876,1.2490499,9.916266,1.4163896,8.703126,-1.5791419,9.580453,-0.9626631,10.0616665,-3.5719957,9.229387,-2.9279816,9.29168,4.596818,7.9050574,7.478901,9.577049,-0.18313693,10.029368,-2.8253267,9.348755,-2.6788447,8.793169,0.74854714,8.717638,-0.5342603,8.226057,0.24268854,0.20951727,0.26639333,0.18093732,0.23689632,0.30532306,0.13582206,0.112154,0.1764555,0.43691015,0.77591383,0.41275704,1109.721378629315,372.4129388140998,1463.539070397656,194.51148697609224,2243.744765715702,915.8907256851093,14.45383455114729,18.314835324475524,22.937615946056177,20.23225983848405,20.236060917887283,20.7834038752293,30.20482009920334,0.05172493288022446,0.03659632145372818,0.089179605,0.055826195,92.28515625
genres_original\blues\blues.00026.wav,blues,-284.69736,78.72231,108.8052,26.004622,9.088283,38.027424,51.22274,17.19745,18.091757,14.505343,7.612261,13.483986,8.779499,11.017855,2.362829,10.1540785,0.005786246,9.670384,2.250966,10.304089,4.2050996,9.183078,-3.293317,9.884417,1.6082983,8.278565,2.6657817,8.6039915,3.3244853,9.557657,3.260079,10.747011,-4.558311,11.710986,0.47801903,10.28702,5.9297876,11.854821,3.2283406,13.026428,0.3756735,0.24711104,0.21831048,0.14892973,0.20581445,0.3700151,0.20077403,0.15389934,0.19805415,0.24975121,0.46622962,0.5094303,1198.7544985722177,402.34690852292533,1573.0851132732269,289.457198885092,2478.8266775408765,995.8270323101638,17.45540250538128,19.93629658376786,23.140222729816635,21.207091239341683,21.689472577798174,20.329503002638393,29.94338983795626,0.051987591911764705,0.038570568194024366,0.076938555,0.07693016,83.35433467741936
genres_original\blues\blues.00027.wav,blues,-228.25066,53.045006,130.3444,26.254774,-23.29129,30.45399,70.1721,19.922174,1.1422709,13.483706,7.6024475,12.392956,0.90993816,10.015294,1.9782512,9.411504,-6.167008,7.8687525,-9.396024,9.273236,-2.5628405,10.388402,-4.5228944,7.6830554,-0.26295036,8.23643,0.17933396,7.554366,-1.5074475,8.90211,1.4652516,8.974135,-6.9718475,8.062834,-8.32218,9.584707,4.2389526,10.943593,0.98148614,11.4906435,0.3903359,0.23876807,0.28077316,0.24514459,0.41312164,0.29711848,0.20195581,0.12534323,0.16362871,0.2144192,0.33201396,0.5618315,1391.4439037459135,447.3847820799293,1494.8508338204401,208.5677441744773,2811.1413347462753,735.6703511002595,18.540155202701797,19.932572194453606,24.471910295719866,22.175503521712525,22.380437577432488,22.852239215304483,30.80065407891615,0.07235897288602941,0.050426781842714534,0.09572528,0.04683949,92.28515625
genres_original\blues\blues.00028.wav,blues,-248.98674,70.45575,139.0672,19.95378,-16.2825,34.153843,57.117985,18.137451,20.192654,12.5826235,10.188038,11.546414,4.5439763,11.243721,0.3312792,10.879306,-7.8779507,8.35849,-3.4479153,8.276775,-2.646489,8.910005,-2.8313823,8.167048,-0.9021665,9.77107,-2.4017205,7.4166226,2.567503,7.891943,-5.855444,6.81609,-12.398049,7.473594,-7.3100653,6.1257963,-0.94395065,6.9741673,-2.6873753,9.312646,0.291271,0.22079144,0.25846356,0.17772087,0.21079645,0.30909243,0.16693708,0.10157751,0.16217622,0.3373442,0.5991711,0.47678888,1115.5411952519357,324.9461498067472,1398.5093836910733,229.82468317921766,2290.3194840847523,798.9420886424391,15.095577909314152,20.20157282720697,22.859478421685854,20.084169064630878,20.185187608822183,21.052145763388406,30.33501376622833,0.04802843217879257,0.028583845087897613,0.09958247,0.0640708,103.359375
genres_original\blues\blues.00029.wav,blues,-233.75082,60.73033,101.178276,29.759796,17.649767,19.37721,23.733776,14.810776,2.0820332,15.089254,25.941923,11.64793,-16.958849,18.422504,15.098034,10.653247,-22.278715,9.919083,4.3951225,11.071766,-23.207403,12.938664,-6.057175,9.040496,-5.068857,8.996857,1.0673921,9.997811,-5.785367,9.428632,-8.311131,9.17986,-11.389136,9.916581,-6.72795,9.83148,-10.025586,8.5985365,-14.032895,8.824235,0.2694162,0.35720202,0.4740206,0.4313817,0.28132442,0.22534508,0.20336455,0.22684225,0.2407508,0.31954265,0.1771938,0.16026363,1649.2877536970097,844.1165770066829,2190.221833503233,430.48029227941,3761.610587388738,2039.7830928171659,35.202080999439936,21.488814487881722,25.40052494974118,21.79429528858369,21.452103438645963,19.740211290556168,40.11491343157114,0.05292636174535604,0.0569964788512264,0.124669306,0.069402546,129.19921875
genres_original\blues\blues.00030.wav,blues,-206.96808,44.998665,117.792984,27.640547,23.23588,16.772326,28.297827,16.167501,-1.1239153,13.96435,18.862036,12.688659,-21.949682,14.560504,17.849985,11.72113,-25.585644,14.150613,2.129925,10.150413,-17.794416,8.543368,-8.015903,7.7710433,-17.607277,8.536092,-8.139437,9.254873,-8.648127,10.739602,-15.528326,9.264425,-15.317337,8.839042,-9.66383,9.863529,-10.0986805,7.4347506,-17.833735,9.539692,0.24510252,0.1638222,0.19979613,0.27149555,0.29217273,0.467108,0.375355,0.38638896,0.22237642,0.16280453,0.20548445,0.1656464,1378.9657764881297,742.5598956925825,2003.5852163311847,519.3949949380157,3015.0567683642125,2139.362055292999,36.75804648080158,21.678001410431268,24.46702717731478,22.64861304284951,21.568066603448724,20.526931980357194,40.25787170285996,0.03937580120452786,0.030759514337925453,0.17003015,0.056516208,151.99908088235293
genres_original\blues\blues.00031.wav,blues,-221.83113,50.119884,110.83949,24.21455,18.616821,13.784725,30.920137,13.439665,3.295923,14.88303,22.587362,10.032215,-20.41635,17.846128,12.118737,10.704249,-26.350498,10.423561,-4.3674846,10.114692,-26.413198,11.338236,-13.045098,10.3709955,-12.654766,12.096415,-1.8243434,9.751993,-7.258695,10.529498,-6.661085,10.440178,-14.686605,10.160801,-11.720062,10.763692,-11.023768,10.889058,-13.388401,9.9305935,0.13407156,0.28721797,0.44904152,0.3309781,0.15556236,0.10287249,0.19881536,0.28719687,0.24909952,0.41848806,0.24736334,0.18295357,1331.0365912698596,593.534751495194,1973.6486462859368,484.23074786547403,2900.174129710478,1926.053370980482,36.24509315616503,22.60260609307472,27.633458584701323,23.7062136010296,23.305945527169534,21.721655712264198,40.275457498041,0.04296723829334365,0.033113697129623997,0.1515323,0.05651747,151.99908088235293
genres_original\blues\blues.00032.wav,blues,-288.8077,72.8932,105.89604,28.811167,18.777039,20.835323,23.710392,18.487328,5.711881,19.508598,25.549088,12.826236,-13.47376,15.1079,12.428972,11.214014,-11.942034,13.991224,1.5714257,11.506952,-15.635912,11.23659,-6.6506157,9.026455,-11.713253,10.104417,-2.9383888,10.261639,-7.3725796,9.061206,-15.697483,7.3844423,-10.9741535,7.825854,-10.8895445,6.7085514,-18.505476,7.477589,-19.103352,8.6831875,0.35371417,0.21901569,0.19678904,0.18292837,0.22371411,0.29618075,0.31177628,0.43531692,0.2774196,0.2480182,0.29640093,0.27394462,1309.6646971460593,869.8875194588803,1883.062611501245,533.2848661781876,2765.658276442773,2165.6504450058424,36.99222531303489,24.47196301884721,23.823482934848588,22.558329390315585,23.411675168610255,20.734487470329224,36.909026887484934,0.03939318583107585,0.05621806192176271,0.101156905,0.062732466,143.5546875
genres_original\blues\blues.00033.wav,blues,-239.03807,56.806374,108.6572,28.653454,34.15189,16.713604,30.23917,17.37024,-0.47574335,15.392647,27.292637,11.857561,-21.379398,16.936935,14.150509,11.793535,-24.510178,10.83934,-1.8840461,13.388098,-28.050291,11.275904,-11.256651,9.364659,-16.47693,9.511205,-7.637184,8.889134,-12.799123,7.962122,-15.357241,9.055611,-13.729804,11.879879,-7.3977776,8.2939415,-10.089319,8.393451,-13.291538,9.376072,0.31172606,0.21653482,0.17708136,0.15544468,0.2441822,0.4570797,0.31716093,0.23538397,0.21042238,0.26943257,0.2820013,0.2533914,1430.5981944868497,837.4770937268797,2075.6524158312614,524.7579181006594,3246.7553673144835,2360.3217720791267,37.02210811528998,21.684838049035033,25.75964610556832,23.24239344981391,21.390631137116365,21.044582247948373,39.98716441151989,0.04196988982681889,0.0379496553493765,0.13312429,0.047443505,151.99908088235293
genres_original\blues\blues.00034.wav,blues,-217.23868,59.990208,105.792366,23.115158,15.617069,18.933636,25.256382,14.815605,-1.4402744,14.700709,30.18982,10.843642,-17.71522,14.958717,17.318172,11.252166,-27.209528,10.59742,4.339167,13.319507,-20.059492,10.741461,-10.695945,8.423242,-14.220667,10.2477865,-5.1562176,9.113313,-3.473266,10.062026,-6.189413,8.158462,-15.326929,10.775942,-6.845921,9.668399,-9.82767,9.530916,-13.943093,9.638111,0.23829414,0.32618284,0.46905524,0.38103145,0.24735825,0.23893572,0.19860108,0.21174581,0.23596495,0.314289,0.15840225,0.12556376,1536.7310778930726,584.084287628481,2157.0586117243593,401.2923242335017,3600.91989239672,1927.3072014806512,35.41780062980818,21.97278964342382,25.423441731930875,22.486294729515873,21.489922441011004,20.890153915603392,40.47668946971536,0.04570040392801858,0.026297618383381533,0.13591798,0.05681256,184.5703125
genres_original\blues\blues.00035.wav,blues,-171.8102,44.066055,120.280624,26.339233,15.327537,16.410706,21.09045,12.1079235,-5.4192963,13.230188,24.189465,10.922334,-24.138222,12.067552,18.551981,10.033207,-22.348904,11.810193,1.3031775,10.757241,-20.763931,8.2519865,-4.988852,9.02465,-17.118925,9.299758,-7.886534,7.933983,-15.308929,6.5858765,-9.351315,7.037621,-8.913866,6.555442,-8.525089,7.564258,-14.333635,7.5584908,-19.933723,6.9754405,0.19509724,0.17154746,0.25225744,0.2959511,0.33865768,0.378855,0.29348505,0.2932329,0.2847712,0.35736337,0.3982796,0.19950087,1507.1047288496127,643.6135421108559,2096.7176284693273,497.0455797589229,3405.4127412683824,2045.7335105485793,34.96391012770514,21.537253838775587,24.475948341492987,24.14671648449336,22.36146453168536,19.772296374599517,40.907825541498774,0.045430186363196595,0.0239646253594904,0.17330876,0.057787284,129.19921875
genres_original\blues\blues.00036.wav,blues,-200.19609,53.639206,116.34013,22.017796,18.00621,14.098095,25.31356,17.055521,0.29173443,13.399639,24.192478,9.99952,-22.255909,17.523314,11.186425,9.751172,-26.848732,9.858025,-7.6384597,10.522113,-24.889929,11.091403,-12.015526,9.940616,-17.017954,8.813387,-8.120277,9.186008,-11.956443,8.930819,-12.609149,9.784341,-14.181589,9.709867,-8.206693,9.467731,-15.028046,8.095962,-10.327059,9.702635,0.2650594,0.13887765,0.13094987,0.14859901,0.25637898,0.49997875,0.27027428,0.12934479,0.17703049,0.24998271,0.3173719,0.2145049,1247.4080160193982,513.7195674698339,1907.7056718339772,441.0355313796834,2621.5758143563758,1739.8818684653004,36.19967035790173,21.658155973634155,26.53834743736564,23.158822005278143,22.67547258073475,21.192472845601223,40.11592449275164,0.03690378289473684,0.01867459484688581,0.19774859,0.06866755,151.99908088235293
genres_original\blues\blues.00037.wav,blues,-328.68088,86.36875,102.71113,25.157715,19.895552,26.520039,26.732681,13.050382,7.151481,15.905884,22.704803,15.76667,-6.9743266,14.440801,12.781994,12.450975,-10.7257805,12.59991,-0.43366092,9.147376,-12.373165,10.48921,-8.907054,10.537226,-9.2401085,11.236177,-9.106373,11.556875,-9.001113,13.733203,-7.6363454,13.930095,-7.1891537,12.578861,-9.366816,13.279711,-4.469685,11.937344,-3.6831248,13.265839,0.32037562,0.12673256,0.087964,0.19924003,0.34101805,0.6233107,0.35199025,0.19951086,0.20577632,0.17814235,0.16852282,0.18161833,1188.1011591132929,608.110605863039,1682.7073903752769,447.6366860813597,2339.3941873367357,1730.8508732075327,32.745983612040106,21.1847846637752,24.469735392700432,24.945179125581063,24.945064166897634,22.83928175465683,35.14621917967146,0.04816032858455882,0.03568096538436703,0.069129966,0.047238857,123.046875
genres_original\blues\blues.00038.wav,blues,-192.69382,56.739044,111.18816,27.56909,21.37331,17.267372,26.392143,15.827249,-0.64837533,13.802647,23.48088,13.057931,-25.470797,10.971771,16.924429,11.921765,-16.979984,13.807707,5.79015,9.874645,-25.725246,9.267196,-5.045352,8.560281,-17.632244,9.009292,-7.9208665,7.599789,-15.150279,9.779815,-12.345927,8.140284,-17.235107,8.47281,-7.7819333,8.196814,-13.04201,8.71113,-17.948872,7.6850114,0.12093214,0.101037785,0.17656429,0.3550184,0.26481816,0.24474372,0.29145768,0.3114587,0.34649327,0.31772664,0.4434206,0.21708651,1513.5200525685516,742.8313017098624,2140.702823776187,471.6955538779378,3449.8458059210525,2057.28726714078,34.825051917013866,23.605651994285964,24.29781496475934,22.982241569970416,22.9339584965614,20.723487032935363,40.98523631502431,0.044378038530379256,0.04489877912957517,0.1680856,0.062646054,86.1328125
genres_original\blues\blues.00039.wav,blues,-301.70715,71.19023,111.53472,24.37523,21.896408,17.374683,16.14818,15.562968,8.19624,16.855888,22.085075,11.763415,-8.614955,16.760614,1.4815574,11.000077,-17.084373,10.639835,-8.345809,10.656773,-17.013063,10.321919,-10.57562,9.448168,-15.689096,8.853007,-12.605565,9.092191,-12.253903,9.543081,-14.553243,12.045946,-10.102509,11.945544,-5.7855344,8.875916,-7.775144,9.422666,-7.1861963,11.727061,0.33049223,0.22631808,0.18006524,0.16500482,0.28336155,0.48211765,0.24665105,0.14493403,0.17802916,0.28716663,0.28442958,0.25572893,1151.378029921571,717.654794737246,1709.3165900923677,574.7560000988763,2312.5276831281444,1980.6383071910088,36.661831494178614,22.49621863138443,25.47388043351838,22.384569519012963,22.289639758513,20.02030815908403,35.22688013554301,0.03533878857875387,0.03076238592057611,0.08583747,0.05129097,117.45383522727273
genres_original\blues\blues.00040.wav,blues,-110.284325,35.878113,90.705605,15.167055,-2.5283113,15.0864725,74.052734,10.68273,-11.746768,10.651399,39.214577,8.131296,-13.1743,9.294344,20.531588,7.0995426,-17.167608,6.857616,12.827254,9.664528,-21.434446,6.412121,5.952132,7.007523,-8.032604,6.8647223,4.243276,6.7987924,-16.482643,5.8253984,6.545287,5.9532557,-5.693636,6.292524,-3.6378522,6.023805,-4.857603,6.9476113,1.8532673,6.785187,0.37617847,0.4513209,0.3558238,0.4382876,0.29016566,0.28402352,0.32641563,0.48981044,0.6704003,0.45774186,0.33629048,0.29706383,2272.517619263623,449.97978144983153,2356.8453843678935,224.18437595735801,5108.277444278493,762.7345013131381,18.363915395109398,14.839755270613722,20.120213024425652,18.19709954041654,18.656463080014568,17.27480105169109,41.642670036992676,0.09765700585332818,0.03718772697787366,0.13483502,0.027908027,172.265625
genres_original\blues\blues.00041.wav,blues,-107.18975,37.677284,88.47057,19.470879,-4.177788,18.012087,55.48549,11.380266,-8.01038,10.343913,38.416542,8.398808,-6.402575,9.457869,28.576523,9.260255,-19.820787,7.405511,13.252739,11.172143,-19.239792,8.289798,12.076225,7.239753,-4.583088,7.5390935,3.789716,6.8866796,-16.9937,6.371404,11.624961,6.272177,-7.362244,6.5991178,-3.6578155,8.045523,-7.1791234,7.5075345,1.9747294,6.813668,0.3245604,0.35915062,0.41972682,0.56741166,0.30381754,0.2517711,0.32479158,0.39408132,0.4538378,0.42725912,0.49134222,0.32737917,2390.7715766040606,553.7759667647165,2463.374815737767,283.1034274679729,5403.758990875339,976.8830958780043,19.724751463187378,14.579776439451624,20.112956996734624,19.089651149818177,18.698696779339368,17.854780947676367,42.46197355114744,0.10228887504837461,0.03994803263481814,0.12912002,0.029550284,129.19921875
genres_original\blues\blues.00042.wav,blues,-159.56772,49.402905,69.78482,15.499965,-4.3918796,22.704235,76.851135,10.563346,3.9159083,10.905473,45.16753,6.404392,-4.867353,7.6270676,32.200516,6.7155423,-9.796341,8.270694,7.812512,8.185381,-21.826967,8.5084715,9.682441,6.372847,-2.5915892,8.91886,3.3045378,8.886941,-14.970442,8.193773,10.232261,9.053178,-4.08953,8.207473,-5.8507586,9.7992735,-2.4700005,12.817007,6.6611314,10.446841,0.45202062,0.48421344,0.3460901,0.2488407,0.31260228,0.36538517,0.42622983,0.36145985,0.329645,0.3440003,0.3950585,0.4666785,2302.0756478879343,452.7272665689078,2367.720442614766,217.42966649164842,5188.535292303599,749.9595597932391,22.584050005743627,17.483220245142146,20.106928750766656,20.576989775976784,22.50442209837957,19.215763805875554,41.44775937431195,0.09786448759191177,0.04272208046263614,0.11095126,0.022970853,89.10290948275862
genres_original\blues\blues.00043.wav,blues,-109.195,46.979744,100.62705,15.189344,-8.620549,19.57143,47.36422,9.1129265,-6.559237,9.474176,39.620792,9.614017,-8.523994,9.541743,29.564737,6.400323,-16.583515,7.653522,13.170685,10.657838,-24.20932,6.4215527,6.5919027,7.937022,-8.641899,6.5860963,4.917566,6.2334113,-15.442783,6.21961,1.5376118,6.20933,-6.739273,6.686439,1.4151819,8.71334,-3.9658139,6.364548,3.2878773,8.257393,0.44725418,0.3154096,0.3227351,0.3677556,0.4090804,0.36744937,0.4641902,0.38035843,0.41961047,0.38539618,0.39044046,0.51891214,2155.63129587812,433.81039520191774,2372.29140285925,245.46880194732674,5011.978026587896,968.9260287287233,19.285217908455333,14.137932142600972,18.05922009549159,17.743993381745323,17.79732715347211,16.59384763604151,41.95195887039161,0.08716538373161764,0.03500117514815884,0.12724723,0.036236584,129.19921875
genres_original\blues\blues.00044.wav,blues,-109.53234,28.748568,86.9265,15.097681,-8.6249895,16.685371,64.4895,9.073115,-6.306035,7.424357,43.64582,6.2325554,-8.293103,7.187097,28.546427,7.4103127,-14.081592,8.81322,8.136635,9.246449,-21.490427,8.340617,11.0866165,9.750324,-5.0944676,9.564591,3.9787722,8.298536,-12.864777,7.267036,12.342427,7.829472,0.020585535,8.559997,-0.7392383,7.5042186,-5.130451,9.798366,3.3071313,9.623665,0.318014,0.4359695,0.43366367,0.4646152,0.3147547,0.26139688,0.32799363,0.35045734,0.48082486,0.4686766,0.49815157,0.32740244,2279.265543032407,413.45338890270006,2375.084795451032,230.21953068222226,5198.476898854731,755.0914133861111,19.849244690622033,14.500344015069102,19.577430209491336,18.908191235971334,19.5298081016117,17.1529265576233,42.594461240304774,0.09257049088138544,0.030007162506780354,0.136178,0.021601217,135.99917763157896
genres_original\blues\blues.00045.wav,blues,-163.24313,25.894104,89.78489,14.411772,12.977459,11.619854,80.69248,6.5833554,3.6667745,5.7342224,39.74513,6.231464,-5.4003787,6.629444,26.49867,5.619318,-13.163736,6.1616793,2.7070134,5.9930935,-20.552906,6.2388144,6.0071893,6.1441875,-2.908132,7.0898404,-0.43483505,5.65596,-17.545372,6.2337303,4.1541677,5.653897,-5.9900985,6.005536,-7.8620358,5.65389,-8.565295,5.6413636,1.8571713,6.544448,0.41372755,0.3770358,0.3270785,0.3767585,0.31578285,0.28818816,0.36011964,0.43059203,0.54481435,0.57080245,0.63398385,0.517766,1739.0461604116053,380.77886545287856,2290.4006079789,255.78399375524737,4551.180812965606,905.7070860611025,24.20033494261302,15.850984238914588,19.495703202393276,17.59924029698433,19.718682794158134,17.326422935328218,39.33221423042959,0.048051863631965945,0.016320103242275348,0.14830446,0.026622588,129.19921875
genres_original\blues\blues.00046.wav,blues,-182.66501,47.64554,90.68653,21.247242,14.118146,16.351315,67.55459,13.175603,2.6876106,10.841653,38.431614,8.112804,-8.420627,12.129936,24.123554,8.499423,-13.787512,7.7365427,4.8449693,7.6656685,-16.676622,6.6674166,5.823079,6.515848,-5.149289,7.040258,0.19378856,5.9955125,-14.486603,6.341234,6.864802,5.52321,-4.444831,6.3371925,-2.9868777,5.11617,-4.8211694,5.973793,5.399324,6.859735,0.2961908,0.41959468,0.4235668,0.48048714,0.3638699,0.26518136,0.34930396,0.40148497,0.5097166,0.45436838,0.3903117,0.3008445,1912.443629773089,575.8147340739963,2361.3904727614045,304.2829513031295,4776.687782689145,1135.2819127349276,21.02576441504501,16.573770483865463,19.79902657132671,17.487122144553744,18.631095211034328,17.089935691159297,39.33881271972428,0.05842595056114551,0.030114251431500618,0.1025371,0.030762052,123.046875
genres_original\blues\blues.00047.wav,blues,-149.97588,33.248043,93.640755,13.94058,6.3362436,13.134135,71.51115,9.87239,-8.113178,9.827999,36.21202,6.2438993,-9.784973,7.15745,17.641598,8.127805,-21.119003,7.441288,-0.12590314,8.030063,-22.200989,6.3848066,5.435663,5.9211693,-7.4677796,6.4879336,-4.3329644,6.3761435,-12.409764,5.592808,9.624794,6.8175635,-5.02424,6.1832814,-3.706313,6.7732773,2.3359404,7.3213186,4.162244,6.601189,0.3113162,0.45997247,0.27087128,0.3215021,0.53853405,0.308421,0.3324157,0.31175798,0.4304753,0.25547954,0.21191922,0.28458568,2013.3644495068743,403.2557535842367,2310.256346927856,209.82731944748528,4849.570675309597,762.0562738864305,23.66078185760094,15.902420246181618,20.91126138039073,18.09027390225141,18.743955090039695,18.371289939196714,41.07142938371665,0.07534497145897832,0.02898383071360161,0.11219596,0.022986155,151.99908088235293
genres_original\blues\blues.00048.wav,blues,-106.34815,38.921463,102.64147,16.337152,-20.172258,19.256971,59.375206,11.132086,-9.9672785,11.407001,33.70612,7.7215395,-14.182175,10.855755,23.516733,9.680226,-13.329085,7.878339,16.026072,8.864678,-18.923178,7.872163,7.8317666,8.304169,-7.8003836,7.1171713,4.0504375,7.3347325,-11.348732,6.1036744,2.0717623,6.8545113,-5.7422748,5.674427,0.46529788,8.110832,-1.9167938,8.079482,-3.1317525,6.8274665,0.3291549,0.39682338,0.41826907,0.46914294,0.29863614,0.27471387,0.32672578,0.38416043,0.45922667,0.40055308,0.47301963,0.32249966,2148.749819335174,407.5403731518754,2204.3524129166544,282.85597751001114,4673.621739248742,905.8536942445713,20.566092193658132,14.938782519853197,18.7782875803216,18.58251619082514,18.81619740824853,18.032907953198784,41.53278090128453,0.09881232766544118,0.03616616794604211,0.12392563,0.030320479,123.046875
genres_original\blues\blues.00049.wav,blues,-255.97383,56.268208,110.82752,25.847937,21.460573,18.763063,67.588135,14.287946,4.288312,14.052719,43.11846,9.076972,-4.508348,8.623626,10.442597,8.7017565,-8.718592,10.130153,1.6548898,8.96156,-20.587791,8.327671,-2.430674,7.7540817,-7.144061,8.128005,-11.172763,7.7128367,-12.612459,6.5505133,2.7417226,7.133616,-8.942421,7.7246294,-7.9461575,7.6939955,-2.3538342,8.3893175,-0.71479535,9.092851,0.27453744,0.36567342,0.34684452,0.32847896,0.21961512,0.23861666,0.18790057,0.17457929,0.21846335,0.2568942,0.4226709,0.2968307,1318.6237037811225,642.108462114213,1904.407867651936,412.74198611529636,3046.8565760751258,1752.1408511833672,25.499474300732583,19.092094102865108,20.62600046390207,17.990107492561418,19.863145784418187,18.93943438018952,35.85143051744599,0.03997292533378483,0.027574162439430464,0.08856345,0.02138667,123.046875
genres_original\blues\blues.00050.wav,blues,-83.00168,50.086,107.06744,17.731567,-25.32368,18.459555,57.122074,14.294721,0.081298664,11.751493,34.708904,8.546209,-11.047215,10.087645,20.53328,7.2216797,-11.220151,7.8038473,14.839782,7.6935725,-10.229966,6.6168017,12.542858,7.1029644,-9.772626,6.7176075,2.560521,6.720517,-6.298749,6.825884,3.0084887,5.8169093,-8.717001,6.22794,-0.32524624,7.5466413,-2.9847343,6.5135,0.7146168,7.454405,0.42411512,0.31023788,0.38499475,0.42739132,0.45153147,0.36444554,0.4061641,0.30242807,0.3274086,0.39381963,0.4418069,0.57656395,1945.6207939267476,383.88741999010296,2082.176477128781,270.8671384222183,4175.766416378435,898.2229020662336,19.98034441965735,15.890840736277738,17.24725250891258,17.972490755280567,18.393898847516372,17.103194955175717,41.34284546133113,0.08580598152089783,0.034928695269452505,0.18233933,0.06304518,135.99917763157896
genres_original\blues\blues.00051.wav,blues,-55.59663,31.829872,114.9512,17.848873,-37.06935,14.322847,64.90438,8.300191,-7.164943,9.678401,15.254703,10.725654,-16.23533,9.887148,18.643576,8.827359,-9.752286,8.275676,21.46539,8.566148,-5.6520977,8.486259,12.78424,9.965743,-16.537031,7.4745545,3.797079,7.3610716,-7.8952417,7.601765,8.47764,7.505052,-4.067899,6.8635826,3.2060173,7.084124,-5.1801424,7.3961473,-1.2800465,7.6160393,0.27397302,0.29739708,0.36324012,0.48123467,0.5496209,0.4155251,0.3547117,0.39161915,0.44028154,0.38726267,0.3819837,0.3876865,1977.1089040094187,370.50678833479896,1927.4390139416107,271.77383445013743,3942.8761579672987,834.209234345384,22.309370523234275,14.456362021794096,17.72310079069125,18.0384839093917,17.761752121304713,19.251335843228173,41.312895698971005,0.1066270952254257,0.030753901057487897,0.19665055,0.041328505,99.38401442307692
genres_original\blues\blues.00052.wav,blues,-225.30031,88.708855,117.64152,25.920029,-14.544607,28.568794,64.80238,13.206562,12.931657,17.741417,19.029236,15.860204,10.688534,14.028731,9.883125,10.623294,-2.382837,10.08331,11.688008,8.108186,1.5453439,7.890538,3.0493672,7.7054734,-7.628483,7.394865,-8.961092,9.345339,-4.351271,7.1590085,-0.06528475,6.9420276,-2.5532408,6.8312407,-3.436927,9.5627365,-3.8674524,9.723206,1.3170226,9.079399,0.40358204,0.2970437,0.24479222,0.19054851,0.26879263,0.33137187,0.4205206,0.623737,0.42846075,0.29913136,0.27262378,0.28812405,1443.2688618053005,669.8851411139078,1670.2395750483765,435.00450139424544,3069.306440323868,1443.4119232810701,24.490638239621777,18.760985797422457,20.147077162821507,20.65870424302483,20.521105746082572,20.852487311314256,33.20421133506036,0.06719384916795666,0.055548805665320465,0.098878264,0.05475379,151.99908088235293
genres_original\blues\blues.00053.wav,blues,-76.75777,53.91492,105.77048,20.797628,-43.208836,19.769321,60.950108,20.19015,-8.791271,14.2785225,21.246782,11.005673,-12.877674,12.86428,18.621216,12.1974535,-11.3991165,7.5521464,14.550057,8.861442,-6.057422,8.304399,12.74034,8.029878,-9.374367,7.406716,1.3606244,8.014502,-3.6204464,7.55769,7.0045776,6.6829615,-4.063001,7.7833443,-0.26885954,7.253204,-3.7049413,7.387239,-0.49661157,7.53969,0.42383063,0.46404916,0.43576124,0.44259843,0.30321577,0.390732,0.49989358,0.39941594,0.4172977,0.36348498,0.40588397,0.40372705,2171.15861909454,412.29160099835855,1954.1375650548994,291.37718162220784,4237.0993788397345,863.9152045781502,20.432652401800638,14.923893805501764,18.47826754766239,18.41846631375226,18.9280586085515,19.78197831766616,40.625994243646495,0.13280229598006965,0.04846691288105842,0.16826628,0.060638655,103.359375
genres_original\blues\blues.00054.wav,blues,-58.0011,41.790462,109.01412,21.27297,-36.218388,17.445034,64.04036,12.273864,1.4301567,13.40582,26.315119,9.352259,-17.482681,12.2768545,20.431017,7.7694035,-9.543072,7.6444077,18.177134,7.9606586,-6.057144,7.8374734,13.878273,7.9798007,-11.2975645,6.535388,4.668999,7.6937366,-6.410602,6.1571574,3.2177243,6.5110335,-8.079231,5.78352,-1.7114851,6.5795527,-5.424766,5.931164,-2.5814133,6.1998897,0.36941317,0.47348797,0.54716045,0.48001963,0.5049679,0.38620508,0.40740967,0.42260233,0.49907115,0.5493309,0.42888644,0.3659526,2030.3725287964605,470.0548380540584,1987.0908589175308,271.99261061669165,4062.6921001233554,920.8232293326361,21.773263661590708,13.681077584650787,17.37013447138147,16.587541972057192,17.566785306105057,17.618409682882223,41.563954154615814,0.10338599615421827,0.04376583803985729,0.20081738,0.05973566,89.10290948275862
genres_original\blues\blues.00055.wav,blues,-98.69757,57.74339,104.80117,18.436836,-35.10867,18.689377,60.695045,16.873322,-2.8393273,12.452478,22.231003,11.219764,-7.8374567,10.403761,19.03072,10.220307,-11.578804,7.167099,17.021759,10.253882,-5.3873515,7.6049805,12.199111,8.244773,-9.960819,7.627303,0.35878807,7.4434967,-4.2613454,6.5871425,6.1379223,6.65705,-4.8302402,7.547618,1.4995238,6.596515,-1.494247,8.363634,3.5056384,6.3524013,0.42442742,0.37559184,0.39717326,0.31778756,0.47164774,0.4791594,0.53072286,0.5678776,0.40186387,0.40485877,0.41310224,0.4098375,2032.120014161525,437.10727019087307,1976.2784101797843,281.30824599235564,4023.509003724845,879.0448638646468,19.68519360741432,14.500620781857988,18.048766606705634,18.258088057055872,18.7047592158923,19.44282108626418,39.97725843048771,0.11316673822078173,0.05027458263338556,0.15775262,0.06557126,135.99917763157896
genres_original\blues\blues.00056.wav,blues,-145.42918,68.025696,102.859566,23.049591,-12.5421295,18.82324,56.96205,16.705215,2.2472627,16.146055,26.607046,13.806886,-4.2670345,13.823071,17.337631,10.403022,-7.9970355,8.964413,15.232125,9.082201,-6.937478,6.943203,7.4603834,10.203325,-10.468326,7.057501,-2.3522398,9.615319,-6.785084,8.8602295,2.668579,6.8253164,-4.7798715,8.550663,-0.94475675,7.932606,0.030942699,9.545175,-2.0021632,7.300286,0.3006837,0.26945305,0.3997366,0.40748316,0.5191968,0.42089757,0.4363142,0.42180517,0.3778805,0.39052713,0.34542632,0.41914067,1810.9603368829592,589.2471333098247,2052.0430152756708,346.143196164965,3927.2429191660217,1231.3315034909467,24.963823970339487,19.150502542947375,20.48094136959235,19.126594157941984,20.517386843386067,19.702404543374318,39.61429526381271,0.07547951335139319,0.041213635699253966,0.13766219,0.057110447,161.4990234375
genres_original\blues\blues.00057.wav,blues,-92.76854,55.972378,115.340775,22.854706,-35.060043,20.218718,57.853596,18.190098,1.8453195,17.37288,26.61206,12.355354,-14.544862,12.20724,22.132044,10.488263,-8.207086,8.489207,11.007707,10.186833,-5.6440935,8.931248,7.2728615,8.384762,-10.202147,7.5254083,1.3271272,8.203899,-4.106722,8.319855,0.97495973,6.9353275,-6.550568,5.9767327,-0.6835875,6.8008986,-2.125002,6.8947563,-1.5218054,7.076435,0.41189954,0.36027285,0.40026233,0.4300283,0.48665494,0.4606786,0.511973,0.38285983,0.35020998,0.3751789,0.40800425,0.5138371,1886.705706255258,503.49150013505897,1913.2319286636473,351.46997427582465,3828.0685188600523,1117.112217395679,22.987485583904935,15.332525717949311,17.452778267371677,17.376685805539612,18.320647950910654,17.22386339785807,40.06958981137518,0.08992387045278638,0.03919053771719102,0.17587894,0.05973548,92.28515625
genres_original\blues\blues.00058.wav,blues,-95.45586,56.730705,105.22937,24.767412,-26.962673,19.399773,60.836983,10.807546,-4.847295,12.35181,21.54521,12.959323,-13.523774,10.899709,12.135234,10.16805,-20.232872,9.508672,12.151344,9.26716,-5.229753,8.556035,10.264026,7.878365,-9.45371,8.147224,3.8617477,8.203077,-10.19307,7.700232,3.5859,7.2842464,-3.0982797,6.9531717,0.20068094,7.616842,0.8410299,8.135456,-3.420522,7.7942452,0.34883457,0.46315828,0.41224486,0.482739,0.30612728,0.28170228,0.37204313,0.30498123,0.33809182,0.2930503,0.2866458,0.3904013,2068.327653288531,532.5324782660266,2033.7527183132102,341.17863451021725,4231.51607926785,1063.8712928617733,20.826612046880303,16.544119130348147,20.123708614657577,18.8326975985696,18.71965932845338,19.921111341768317,40.54230637505463,0.10437162889415634,0.04393353270571209,0.16195586,0.06921854,107.666015625
genres_original\blues\blues.00059.wav,blues,-86.25098,50.78418,91.9421,17.92661,-23.4035,15.449378,68.2495,11.966831,-3.8901277,15.1101055,22.742178,12.817476,-9.895618,11.2094555,16.891766,8.376993,-11.393833,7.744341,18.429016,8.578916,-7.011848,6.4322996,10.766728,7.4396086,-11.93729,7.653249,1.0025737,6.549404,-5.922303,7.3092823,5.314186,6.3472204,-6.139845,6.922502,1.9491451,7.581248,-5.0979905,7.3446956,-0.66548777,6.3077693,0.45165223,0.40428236,0.41462457,0.27452153,0.37102732,0.44361153,0.43187013,0.52681947,0.3669958,0.3941783,0.40887395,0.38436428,2235.921973430139,489.20793007098604,2100.036805579493,224.91720359090613,4390.048453977603,850.8177194651106,20.5539629036129,15.108198359660353,18.111037427623867,18.254356565778675,19.599301384485347,20.14049994620856,41.58012842957587,0.14228825524864552,0.06490177105601948,0.16994148,0.06523968,107.666015625
genres_original\blues\blues.00060.wav,blues,-67.805534,40.13649,111.709366,17.547247,-34.657303,14.935414,61.34179,15.109497,0.045181323,13.24554,30.571093,10.644033,-12.704326,10.468065,21.166828,9.5824995,-13.13489,7.4559345,16.2878,8.569169,-6.343271,6.169791,12.295478,7.082756,-12.483006,6.3551407,1.6834177,6.392707,-5.1477942,6.076106,4.646902,6.2793603,-6.9180565,5.762555,1.048274,6.8279724,-4.7390194,7.4843454,-0.6583496,7.0865607,0.3115998,0.36686894,0.44531897,0.4371696,0.56559175,0.41455653,0.42376274,0.38662857,0.4655998,0.59528077,0.42169842,0.33708847,1946.5344115984576,353.5431150324762,1979.7546736384302,236.10083729191686,3955.776079963235,799.9113808803812,20.749536113906984,14.329481765344196,16.792277893652106,17.506377079810598,18.432116478843586,17.52868227908424,41.451649563037236,0.09745368130804953,0.03737641302462226,0.19614176,0.05874354,151.99908088235293
genres_original\blues\blues.00061.wav,blues,-82.485886,32.275726,94.17034,14.43215,-27.139208,12.876875,75.66252,7.440472,-27.529984,8.232283,35.589035,6.5060577,-20.298962,7.0223374,25.121317,7.393479,-15.379855,6.909714,11.346788,7.514196,-13.402289,7.407376,8.153384,7.0775895,-8.504352,8.042338,8.285465,8.527643,-10.359801,8.486935,-3.460236,7.0808654,-5.226153,5.746103,-2.5910985,6.180421,-8.365252,8.523694,-6.978115,5.990988,0.36946556,0.31469265,0.54774415,0.3568964,0.5215464,0.45586157,0.44225848,0.48695093,0.36730602,0.5596932,0.49255243,0.5081905,2503.952796432079,403.7717102052379,2180.283243535687,184.53896882871405,5077.135965920085,630.3619881738924,19.154099796043376,14.98292991907326,17.637631602129694,18.948405799339813,20.59585128954884,20.744913710110435,43.86524889179448,0.16758439858262383,0.05048480330342755,0.14170721,0.024906576,129.19921875
genres_original\blues\blues.00062.wav,blues,-144.99365,42.683697,95.742805,26.677668,-21.61032,20.495413,49.62971,13.649543,-29.898346,16.374376,29.358599,12.086357,-18.849941,15.779714,17.890139,9.581666,-9.674273,10.388695,5.5135674,8.794596,-9.5545635,8.613421,6.3690124,10.402982,-21.091816,8.889981,2.459829,9.511781,-9.537454,8.414478,-1.4153433,8.90213,-9.326942,9.518553,5.140728,14.844091,-8.113004,10.138572,-2.449215,10.4695635,0.44032973,0.29651564,0.29633343,0.2783535,0.26171717,0.44035372,0.27770168,0.34898996,0.35150164,0.24913767,0.24539751,0.25549793,2279.808618295741,649.9564353800653,2119.6717332041376,189.7706966333819,4732.271384602361,883.8977883955886,24.73066916154616,15.96684261364293,19.894673567898362,21.55964398549757,21.970439397461924,21.235267077622275,39.879656216159034,0.11714895148026316,0.061511483579146375,0.10619286,0.029403226,112.34714673913044
genres_original\blues\blues.00063.wav,blues,-129.11397,45.12903,72.11977,20.64157,-7.7658463,24.3766,49.26091,11.91869,-32.721977,10.362789,21.608433,8.862956,-27.37464,13.7178135,15.002842,7.259599,-10.258776,11.020269,12.437438,7.2050767,-17.034569,7.566778,7.118173,8.279775,-18.020405,8.136256,2.9276602,6.847246,-14.486263,8.35447,4.0620627,7.534234,-14.537421,8.168277,7.2582917,8.994842,-8.20802,9.0225115,-1.9981062,8.768538,0.47293502,0.31483087,0.33855322,0.34527218,0.2841187,0.41323277,0.29263753,0.29421964,0.30484635,0.32462725,0.28528932,0.2942189,2839.267572265232,537.8106853667489,2443.9434801361367,237.25293014160965,5710.907133592541,690.0803817298515,22.961144238008455,16.31421389835071,20.450671114616178,20.170225323827125,19.725650618309015,19.60293415340131,42.52981141052211,0.15435583155959753,0.05536551395836385,0.096282795,0.04163391,92.28515625
genres_original\blues\blues.00064.wav,blues,-85.17353,29.802996,88.81205,13.120524,-16.331642,13.800973,59.223236,11.406731,-35.993603,8.837474,14.391535,6.4052744,-22.306257,7.155024,9.651897,7.3110046,-14.823916,6.7260404,11.181605,6.761967,-14.808832,6.493383,8.478196,6.045524,-19.59089,6.1495347,6.4134293,6.496256,-13.782541,6.361636,6.1157637,6.242176,-13.154796,6.6578183,3.934137,6.9293985,-7.6171,6.5820627,3.7527044,6.399239,0.5866399,0.30649674,0.37001395,0.26211178,0.30945235,0.60768753,0.24195555,0.25562072,0.23626341,0.32434908,0.19706695,0.29215702,2553.2225631938227,328.53283294631166,2280.079407033503,181.20443205032672,5148.04387048302,525.9242194108207,22.023606896446122,14.893100080036506,19.259172213505863,18.250189356180368,18.73798700325623,20.259990578512898,41.52974913235953,0.14685171971749225,0.03254157297223645,0.11736054,0.023370555,78.30255681818181
genres_original\blues\blues.00065.wav,blues,-118.37033,34.392292,74.86732,24.618467,-19.869467,18.496996,46.947586,11.247219,-32.569054,11.349248,23.835136,9.156273,-26.374111,12.564976,17.692514,7.4685826,-13.826244,8.638019,11.946739,8.283414,-17.88878,7.8866673,7.555982,8.182704,-22.900585,6.789591,4.764417,7.966542,-12.797208,8.7267885,5.6202664,7.610267,-14.7387495,9.50012,6.6824026,10.130565,-9.169973,11.659667,-2.2361934,10.045778,0.5685388,0.26252842,0.21288566,0.24416174,0.2732517,0.24869744,0.24989319,0.42419133,0.21923985,0.22793435,0.2706989,0.31032977,2816.7459196931127,589.6449713216034,2372.144439490832,211.7255525280966,5614.507716506628,785.3509586715169,20.249789403786288,16.411929661603942,20.794434822098204,20.532554353498718,20.0347564049492,19.510043080515583,41.90079721462884,0.14631846519446595,0.05052950067317384,0.10030478,0.029393932,107.666015625
genres_original\blues\blues.00066.wav,blues,-116.546364,39.871937,97.444626,22.476055,-13.895614,17.079191,48.974854,12.439756,-22.594566,12.745575,27.76544,8.904488,-20.240068,13.646211,18.63935,8.125933,-14.6516695,8.596005,8.481434,7.1695347,-16.655897,8.360844,11.001678,9.096074,-13.869425,8.632579,9.742047,8.724988,-5.09433,8.708261,2.6373725,8.957879,-9.890765,7.4528055,6.1601152,9.998928,-7.6891356,9.512688,-4.8510084,8.719205,0.3452091,0.3324326,0.43564326,0.303406,0.388483,0.35458755,0.31120205,0.35241273,0.30162236,0.43754664,0.4690718,0.46648127,2340.3362115325717,589.5184674257699,2256.3224355209627,213.2029676591698,4972.26993336397,857.0153623584257,23.686025324023213,14.238257140629315,19.166876432543962,19.348650890328063,20.28262073834391,19.546189843231957,41.37636164416118,0.1217751517753483,0.06325598886261481,0.11046952,0.02652226,161.4990234375
genres_original\blues\blues.00067.wav,blues,-95.46325,30.58796,101.38038,19.127058,-20.697004,18.622171,48.66807,13.27899,-30.27181,11.826027,20.812763,9.246248,-18.313585,15.521367,14.146872,7.890979,-12.79889,8.929351,13.44428,7.5193987,-14.0782,10.285284,7.732656,8.544687,-19.232273,7.694887,2.8622494,6.969721,-9.816176,7.8947005,6.9179144,8.140315,-11.309343,8.734514,8.943026,8.041785,-2.960888,7.747421,-0.97386485,7.7759852,0.2848427,0.23302844,0.3383879,0.2749188,0.41894057,0.33385494,0.31326866,0.6014236,0.38233578,0.3138185,0.2794166,0.2810163,2258.5305012842978,468.14281509908454,2175.8838042087814,236.2540794322119,4755.35457835478,831.3704934981387,22.08749566492957,15.303133388341255,19.92836360202702,19.875612734607692,19.47388077932136,19.6786493661125,40.94087619762421,0.11276500217685759,0.04127225714341651,0.12903935,0.023658618,161.4990234375
genres_original\blues\blues.00068.wav,blues,-113.19473,39.848755,88.705864,17.779747,-8.925186,15.088199,49.482693,11.827608,-34.573833,11.089028,15.864125,8.27489,-17.744791,8.249305,14.710542,7.6810136,-11.202,7.097695,15.367768,7.398869,-15.07657,8.2917795,8.7476635,7.8730865,-18.63179,5.7331767,5.4699717,8.840856,-9.263917,8.880411,8.01712,8.655128,-9.552175,7.515327,5.871999,6.6766086,-4.401514,7.47307,3.614706,9.036128,0.3729444,0.20997737,0.2229083,0.18258333,0.2647106,0.5765504,0.2440072,0.25425133,0.27502748,0.3953608,0.26487166,0.21109381,2513.747081320468,419.4104751618391,2345.239509313882,217.24656866804065,5247.468269277283,687.598034997615,21.855621563614854,14.17951792701447,19.446554545676765,20.159861426856125,19.313062928818432,20.366898148855444,40.98845975688339,0.13514619715073528,0.03891602475866829,0.103048086,0.031367052,161.4990234375
genres_original\blues\blues.00069.wav,blues,-121.42954,34.363224,96.12303,20.879114,-19.616804,16.482618,48.020565,11.434186,-38.80819,14.125262,24.758066,10.168196,-32.945824,11.49897,8.104195,10.0631895,-17.81152,8.302625,6.1132855,8.609018,-19.998335,6.5518837,6.7939243,8.016491,-19.340662,9.341377,-0.10921188,8.141939,-12.248765,7.791221,-4.92023,7.7574725,-10.407991,7.68795,-2.0489688,10.741832,-1.765213,10.239141,-3.9528494,8.785823,0.2925962,0.19067232,0.34227175,0.24157658,0.36495325,0.39834797,0.2830319,0.43520588,0.22767921,0.21458964,0.25218087,0.26069006,2370.963292267619,486.60006378282543,2209.514583707103,207.22464050245262,5004.08640764077,696.192153206146,20.695134730496097,16.51582433779527,20.335422966652015,20.90558140201062,20.98825101623755,21.173815040519337,42.4465863579854,0.12514096664570434,0.05004558396192482,0.11654019,0.031051956,78.30255681818181
genres_original\blues\blues.00070.wav,blues,-133.0444,44.086506,105.72739,28.292496,-22.146265,17.777912,41.81865,11.986281,-26.996668,12.452715,19.124523,9.394031,-26.56932,14.962376,19.24604,9.735196,-15.334524,9.586288,6.9896555,8.522209,-10.818551,9.9478035,6.7937427,8.349661,-11.729828,8.448084,4.40094,8.108913,-6.044507,7.9421787,1.9662837,8.41255,-12.326304,9.642855,3.2550435,8.037016,-8.811428,8.030591,-3.3753583,8.450787,0.40472203,0.2848425,0.2389807,0.27340004,0.33967137,0.45552605,0.30007723,0.26518556,0.2504923,0.32097462,0.4155128,0.32286367,2159.5483196611644,573.6728600487546,2130.34934530605,261.9377190179947,4685.038336880805,1036.7165589095857,22.278806196420586,16.508945533431454,20.329586368499083,20.206709100049306,19.74844197181745,19.125250193594848,40.20748646266433,0.0983489895752709,0.04178806022625173,0.10612649,0.033264417,143.5546875
genres_original\blues\blues.00071.wav,blues,-89.391495,26.365196,93.78779,13.877611,-14.57109,11.565832,54.391533,9.965017,-33.51502,8.034672,19.421158,6.4575763,-19.763674,6.8561482,13.022463,6.7869925,-13.869496,7.2411647,14.611718,7.1788096,-14.970264,7.759084,10.589299,5.9476805,-18.023413,5.8660297,6.658279,7.423386,-10.205867,7.3675923,6.529359,6.306222,-10.848846,6.037091,3.3216321,6.4182053,-6.1875305,6.520218,2.9994206,6.3439803,0.48343652,0.24265382,0.25104445,0.23521727,0.3149,0.61323136,0.25641727,0.26311594,0.24248484,0.34634528,0.19143592,0.22271124,2429.3359591758494,312.5634625855416,2286.6949825737365,158.2755187747333,5065.152705047891,481.85747263527605,23.10537895293792,14.388790607483132,19.96250400302798,18.774378028310235,19.422436844634422,20.834815919841454,41.54337053415232,0.13468663832720587,0.03778011820899467,0.12049466,0.018094737,73.828125
genres_original\blues\blues.00072.wav,blues,-118.68192,27.544687,87.62362,17.512915,6.558794,15.7531,45.09805,9.346289,-38.915707,8.874774,20.813007,7.76144,-26.863337,6.815141,13.798009,7.5975666,-17.23861,6.620034,5.1101575,6.775267,-15.709853,6.462982,3.981842,6.5889206,-27.549044,6.4168434,3.04777,6.5209956,-15.956566,5.998538,10.867772,7.1434813,-12.65191,5.7611866,2.8237092,5.756521,-13.335965,5.9097385,-4.3752894,6.6472855,0.22623044,0.23746426,0.4872735,0.25895855,0.3801621,0.220369,0.28979242,0.52307004,0.24706219,0.22697638,0.22581808,0.36114118,2595.2893633321173,541.1551878108893,2519.120266733765,244.7522450937676,5660.282439713139,740.6599720847397,22.96247895919051,17.374017543709133,20.287841596859792,20.34320278893678,19.346832384391174,21.149443652500658,42.79403298710256,0.12924562814434984,0.052906390250971186,0.10387338,0.021147737,103.359375
genres_original\blues\blues.00073.wav,blues,-30.129288,33.51265,103.7448,14.297933,-19.765732,13.60187,56.411625,13.169631,-12.72487,11.017195,20.194227,9.728699,-17.348097,9.495388,16.309156,8.041274,-18.444427,7.5397625,8.932052,7.23784,-11.661623,7.330301,11.210427,6.2823644,-8.851257,7.2036586,9.101229,7.277629,-3.5740457,6.1425753,4.384886,6.2248282,-2.8308275,6.7280455,4.7261167,6.6403728,0.48242334,7.1788573,1.4773945,8.367189,0.3497718,0.33089766,0.2912843,0.47610924,0.30759257,0.30076173,0.32088193,0.33775768,0.32189003,0.281916,0.49956357,0.28590176,2094.775833910309,329.60864110379254,2158.1057474122135,204.98123684478983,4482.2562297431305,704.1613658976624,19.123870638706958,16.509216056335735,20.298396136877805,19.84578646085035,19.271447532564007,18.923410156390794,42.89606892659168,0.10056968665344428,0.03151751233882172,0.2596552,0.07407714,99.38401442307692
genres_original\blues\blues.00074.wav,blues,-56.03289,53.535896,87.84067,18.924461,-1.6012412,16.973742,41.205364,12.876564,-5.620271,11.840067,27.784927,10.419751,-24.002584,9.57093,21.768122,8.053003,-18.42899,9.235815,12.328123,8.115022,-13.717034,8.101607,11.850819,8.420446,-3.9822721,7.656824,7.09853,9.386303,-4.468587,7.5653014,5.1225457,7.4836574,-6.652361,7.7228785,5.871458,7.34377,-3.6964025,8.227749,-1.9647617,8.310805,0.32479718,0.36816028,0.3500517,0.4973701,0.31926966,0.30865017,0.28408775,0.34904116,0.36942622,0.32760426,0.5794871,0.32814226,2515.8691600222824,522.0635580738317,2531.420001055373,257.991883923057,5771.615099833108,999.0489814240641,16.918105972475086,14.902894497147255,19.89083617840361,20.56127069306647,20.80107483129711,18.075427280294463,44.31231841026049,0.12091612446787926,0.040863540300005635,0.19690311,0.065450355,112.34714673913044
genres_original\blues\blues.00075.wav,blues,-86.33548,82.7458,92.7005,27.925388,-15.399187,22.380814,54.05201,15.440881,0.8667875,14.643135,31.560293,11.38976,-14.622711,9.690005,23.325447,7.0023365,-14.978637,8.602311,15.339354,8.679087,-7.0493617,9.119103,12.182225,7.868888,-6.110912,9.615434,7.021336,6.8952217,-5.8126974,6.9384685,7.440921,8.238558,-6.0741916,6.850536,3.3776991,6.433537,-4.2786126,7.3125973,1.2500929,6.6509624,0.57652164,0.46035898,0.42200953,0.39439765,0.5309071,0.4711452,0.40355265,0.52017313,0.4332712,0.49211693,0.4549156,0.4381214,2225.1768658281667,680.1128749243286,2255.135044259996,314.64308631882074,4703.588224712171,1362.2821307432253,14.319803541437789,16.314598692118885,18.628850678893137,18.952787992245906,19.281651097890194,17.867714478232276,42.13718988553301,0.10858664497871517,0.05666198042229122,0.19203044,0.08954655,117.45383522727273
genres_original\blues\blues.00076.wav,blues,-52.701164,36.66622,74.455414,14.907643,-18.715458,14.807901,56.307217,10.623829,-3.9593265,11.321793,31.987156,10.068303,-16.45779,11.785487,22.41769,8.951863,-12.262029,8.1551075,27.228352,8.110143,-9.233885,9.128318,7.8071027,7.192313,-10.567175,7.6914587,6.944951,7.052297,-9.136492,9.241713,13.022678,7.1684647,-9.85732,7.276358,3.6924515,7.5116687,-4.954326,8.416817,4.4225,8.077817,0.32584456,0.26377282,0.38028714,0.30837166,0.31682402,0.5364334,0.32602274,0.39766026,0.27765173,0.4278607,0.47710013,0.34922057,2645.5300364910313,431.72351197604445,2426.0057919712367,225.33633167892475,5611.974398491921,761.5883041826203,19.15394710496034,16.76993563171172,21.166411933161367,21.77367293664209,21.57468728143118,19.244753291221702,44.47802124286403,0.1364685625483746,0.051619364647671674,0.2189702,0.068146445,117.45383522727273
genres_original\blues\blues.00077.wav,blues,-29.039146,44.229702,104.53732,17.52727,-30.978956,17.55203,38.15443,10.448711,-7.991592,11.558248,30.89167,9.820451,-20.596235,9.935753,25.83078,8.358251,-12.959671,9.184919,16.941612,7.3132954,-12.263682,7.659582,10.786708,6.1180515,-10.564546,6.7865357,6.8762565,6.348677,-10.298928,6.3762155,6.9682097,6.8468986,-10.256611,7.1944084,0.7044422,6.8177576,-6.006501,5.647871,1.3486158,6.6909184,0.5554465,0.34035853,0.3536934,0.3439753,0.39716563,0.44618008,0.37079096,0.46404174,0.34487793,0.44366825,0.40357447,0.4427395,2206.7704721917903,429.21195254540953,2191.456936364498,274.8206491625671,4657.321837812016,1044.391298035268,20.141379806796103,14.573442646586276,17.517487313597577,18.083503746663208,19.543125385893276,16.800319356753207,43.17112093347521,0.11152578064531733,0.0338478587047076,0.24310125,0.07141665,99.38401442307692
genres_original\blues\blues.00078.wav,blues,-2.5510163,27.117607,101.25788,12.811489,-33.92729,11.951033,41.518402,9.991866,-13.815158,10.247645,31.920723,6.9528613,-21.868603,8.171124,24.458948,6.5473914,-15.881364,6.406428,15.794475,5.728189,-14.372411,6.623604,12.507441,6.415306,-13.373969,6.2823896,6.1127505,5.644405,-9.06967,5.960534,5.0332956,4.8999248,-11.333126,5.9357634,3.1684957,5.511324,-4.5717015,6.8450975,-4.0338807,5.937235,0.34453166,0.5283111,0.4742701,0.5392004,0.33008742,0.32914272,0.3091839,0.42533356,0.40429777,0.35721254,0.55868393,0.37083596,2333.7163897098885,299.7166482959301,2227.415627258666,175.05391668946464,4942.928444121275,694.0909006284389,19.721901422613882,13.561077296064125,17.439797605614487,17.30733759527855,17.789195155056085,16.279011385448918,44.67134768831959,0.12386319659442724,0.023590708533337914,0.25794896,0.052249998,123.046875
genres_original\blues\blues.00079.wav,blues,-3.5590715,31.94751,92.92779,13.095653,-25.118544,12.165661,45.18721,8.105904,-10.871894,8.383872,31.86242,6.5187,-18.057922,8.535204,28.628012,6.941318,-10.234054,7.6848683,14.673487,6.464504,-14.906988,5.4963775,14.751648,5.343689,-15.609781,6.393852,9.549894,6.553794,-14.79873,5.9412494,2.0748363,6.8405576,-13.824648,6.1767774,3.5714698,5.767127,-5.9716425,5.8631854,-1.6474386,7.7377763,0.3762561,0.37792072,0.3907724,0.6006772,0.40337572,0.348847,0.43557966,0.42402697,0.33407348,0.34080964,0.62247413,0.40360072,2443.2389164951205,361.3620375894565,2358.384491758394,177.92570971829804,5267.559814453125,644.0596092191854,21.48799253806294,14.4167676661784,17.118556261087573,18.02569490778635,19.30820638916563,17.20910756805007,44.922558384564454,0.12473545133513932,0.03443721040783032,0.2707483,0.043554246,78.30255681818181
genres_original\blues\blues.00080.wav,blues,-54.747242,47.663197,119.48588,19.95649,-34.86474,15.696967,37.537148,13.624009,-15.886235,12.552012,22.081097,10.604641,-14.668315,14.412976,18.534313,9.750141,-9.643757,11.157138,11.258853,8.779918,-11.732052,8.707048,11.53912,7.474833,-6.4307194,8.537807,1.7856675,7.819667,-5.876253,6.8507996,0.380291,8.038847,-9.063585,6.9782724,-2.0153258,6.6990824,-5.416969,7.3558383,0.02883604,7.006388,0.43588305,0.34366563,0.45876098,0.3590241,0.4376152,0.2581757,0.29188094,0.46044436,0.30373108,0.3633763,0.29913476,0.40738213,1827.1513096464714,394.26528933389494,1898.4550593881818,234.93207801253692,3743.635696080447,877.4676997909273,21.50363960288906,16.26785915236787,19.183479429274414,19.814620334576116,20.603126893691794,19.3872051656223,41.64862833694409,0.09403873597136223,0.03470671976777877,0.24234188,0.08673091,117.45383522727273
genres_original\blues\blues.00081.wav,blues,-26.955238,67.801926,107.34024,20.897991,-46.812206,14.141559,40.932655,15.490847,-21.469864,8.555175,24.816854,7.4328203,-18.947702,9.001291,15.260985,8.401394,-15.0442505,7.7891626,12.270949,7.7052484,-15.239539,6.442187,14.331287,8.308714,-13.830045,6.575964,7.565649,6.6222043,-6.1833706,8.052818,0.33221087,6.3718004,-6.835121,6.930546,0.97067875,6.6103053,-7.571379,7.1619873,2.9214706,6.2565737,0.41186282,0.37235993,0.6419902,0.28423274,0.36957368,0.36576223,0.3690279,0.44988158,0.23249194,0.2767534,0.33504134,0.45441577,2116.8942510812694,308.3103218929712,1956.5811797368515,211.99198728978755,4195.97462751548,661.3751381137191,20.60819827047785,15.162547410613934,18.280584529181606,20.21813599545107,20.61282533152387,20.250685753660356,43.479875562685784,0.12727247303115324,0.026971620181065997,0.24817622,0.07354899,103.359375
genres_original\blues\blues.00082.wav,blues,-29.400257,37.50991,108.69148,15.953454,-25.589895,16.37677,38.440144,12.440252,-18.353867,14.275131,21.7857,9.867496,-25.172714,9.999336,22.406967,7.927822,-17.606058,9.162543,14.675623,9.432766,-12.086358,7.841355,5.4621906,8.008778,-7.70603,8.015225,7.410018,8.182774,-11.327916,8.094127,7.2359223,8.256315,-9.470523,9.053333,1.9366981,8.379173,-6.331344,7.5661855,-1.3017331,7.869918,0.30444956,0.38123742,0.3619937,0.30514216,0.47864115,0.27242324,0.29799294,0.3014773,0.27356926,0.48862806,0.2892389,0.3118431,2141.332015271235,356.9618493946431,2167.7740825306,273.1311577542274,4627.63035068571,986.1523116868941,20.858981808019248,15.439595361326736,19.486551318133095,20.110173494060206,20.530672392632844,18.330372907117763,43.0979430884105,0.10515129160216719,0.02537447029121749,0.25125322,0.061178267,123.046875
genres_original\blues\blues.00083.wav,blues,-19.893549,31.202667,98.89588,12.352112,-24.47666,13.476809,49.585854,7.6400156,-16.200876,7.1369476,30.19781,7.652821,-18.029512,7.420449,27.55483,5.8139505,-11.405636,7.5810366,14.877994,6.6288586,-8.908682,6.268255,11.671264,6.4087915,-10.886021,7.5097103,9.310545,6.799588,-5.8320613,6.263378,9.2586565,5.939848,-4.0494967,6.921009,3.251027,7.3021665,-3.466164,6.18295,2.3792584,7.775559,0.54606766,0.31170982,0.3859841,0.3130384,0.40949017,0.66821134,0.36629093,0.3444095,0.3855675,0.47913712,0.5271816,0.39118508,2314.8192389666883,379.3901573625827,2261.702666159041,176.00230770643222,5036.269546367066,666.8892318188173,22.01116290539938,12.202131411132767,16.15195272998218,18.200466229529457,19.215898316626095,16.619277332030254,43.88248205907331,0.11795053393479102,0.03620508743671726,0.25118035,0.05892491,135.99917763157896
genres_original\blues\blues.00084.wav,blues,-38.994843,62.382614,112.03825,20.82081,-31.817707,13.356637,38.240677,9.322685,-6.320669,11.998546,23.330563,7.7926784,-18.778877,8.574718,23.932188,7.804879,-10.934216,6.9206233,13.2348585,6.4053617,-14.38119,7.1856995,13.326929,6.6772604,-10.922001,7.302898,9.794659,7.0687685,-5.0327086,9.383982,7.201395,8.095728,-6.7550354,6.718308,2.6630876,7.4631443,-4.382442,6.920572,0.41451108,7.823926,0.5687241,0.30889034,0.3026518,0.44104826,0.29663983,0.30171454,0.3187074,0.572439,0.33702418,0.33617696,0.58176446,0.38982815,2061.202741434345,479.00050360765124,2085.1867465039554,286.1599391510195,4221.307807662539,1108.3765127164813,18.96001090298998,13.807768178901213,18.647211024474693,19.80435830465029,20.37530073680319,18.129431734452016,42.782096150467765,0.11339689555921052,0.0393754253599644,0.23509325,0.08429818,112.34714673913044
genres_original\blues\blues.00085.wav,blues,-180.14874,67.3817,131.41078,35.763977,0.5733359,24.182238,43.165672,16.148726,14.135556,13.833256,25.621374,17.366539,-5.315874,14.223758,12.034328,10.448343,-13.538714,11.988212,-1.0941217,9.887791,-7.614392,10.815005,2.7180746,10.403025,0.7742721,9.225148,1.9981467,13.374236,-6.0900593,11.326368,3.488055,10.98309,-8.33755,10.229947,3.2056518,10.250619,-0.93039954,7.961136,-2.2530372,8.574973,0.36588252,0.33152696,0.47167316,0.27510136,0.21546459,0.1947323,0.22194082,0.38584062,0.31244057,0.3432887,0.31690046,0.3498487,1312.350076081582,638.3136141237002,1674.161316285357,430.6826213221024,2637.734049983069,1438.3285703860097,21.713525113826908,18.006797929727465,23.458210233559758,22.722123118799946,22.92591175966654,22.00812383489827,37.44509445200066,0.059416496347716716,0.04087893147497124,0.15017585,0.05984866,143.5546875
genres_original\blues\blues.00086.wav,blues,-212.8154,85.14984,139.06923,39.454334,9.454341,27.067417,35.44627,16.067995,12.709544,17.628067,20.417664,13.639941,-5.5739536,13.428531,10.893662,10.102541,-8.731713,11.857323,8.055455,8.717925,0.1637972,9.7588625,2.6417468,8.690609,-1.0257348,8.730165,-1.4032178,8.519437,-4.7048326,8.543105,1.1418108,10.014979,-9.476274,9.010767,-2.190912,7.400364,-4.0981097,7.2285495,-3.3432798,6.763167,0.28954604,0.26634628,0.372984,0.32169646,0.3347059,0.40994668,0.42452645,0.45256925,0.3785737,0.36752146,0.40607983,0.36633968,1245.5817719137372,844.8584665570638,1634.288405326651,579.2083245541033,2517.6097763581174,1879.8946696917412,20.762147610852818,17.277814002225195,19.531121837642658,18.509881607481205,19.576876538977572,18.065784175522193,34.45069153225743,0.04882661329334365,0.05224029382131732,0.12492373,0.060568705,123.046875
genres_original\blues\blues.00087.wav,blues,-155.51651,55.452126,125.655754,28.322247,1.5753218,22.219938,45.82987,18.818684,0.9089945,16.19179,25.391241,12.555946,-10.813493,15.502988,15.574149,11.410939,-11.929206,12.71701,1.2717782,10.446717,-6.6615033,10.342662,-0.7791248,10.575723,-7.7492247,8.614661,0.41930732,9.370432,-7.0296316,9.206853,4.0091085,7.8557262,-6.2660284,7.318842,0.951334,8.002023,2.0064611,8.267671,-5.7357626,9.167041,0.3044617,0.4117103,0.3028465,0.3249028,0.31316823,0.36252758,0.3467153,0.28646243,0.39791784,0.3940962,0.33710337,0.25899145,1441.9992540972155,622.3532848914267,1870.239190780009,383.26063087443623,3083.26468925358,1482.085456508031,23.428012835306305,17.36535702658211,21.020445242808773,19.920735377199208,19.685356788592358,18.85806377975932,38.37393772114971,0.050889337025928794,0.033992035759115746,0.15801172,0.05213325,172.265625
genres_original\blues\blues.00088.wav,blues,-194.27951,56.890594,151.85118,23.826723,-1.1928877,14.316364,39.1946,11.312931,16.582485,13.454127,18.252386,9.83804,-1.399161,10.950772,14.87771,7.2468452,-11.616781,8.9225,2.4488766,9.489912,-5.0791736,8.603723,3.9416006,8.27633,-0.9037844,7.947404,0.63561094,6.24526,-8.353415,7.4249706,-7.5132484,5.9561467,-8.047445,6.6445656,-5.4091463,6.2378373,-2.5346594,6.51814,0.12955076,7.8021445,0.38707212,0.41316673,0.51226866,0.33770216,0.2412012,0.26846436,0.332726,0.395891,0.39179984,0.40297717,0.44395223,0.4072653,1006.8779768813263,369.2515635306356,1530.6145862499304,388.3775458941815,2075.0707856641834,1007.6709715616672,22.30763758416492,16.054926477136352,17.44366518737861,17.61627974707619,18.313406617346907,17.92305168649626,34.411822844332626,0.03206556574109907,0.013217909193726623,0.14201057,0.058977254,172.265625
genres_original\blues\blues.00089.wav,blues,-346.88687,73.27458,139.24796,32.4722,24.084862,30.227383,22.264015,17.640713,18.647842,15.183269,11.657903,16.558495,9.017679,12.7827425,6.977828,8.978187,-2.0233011,10.221085,5.420398,8.536065,1.6508172,10.436589,-2.3530064,8.286212,3.193639,7.6229196,0.70529956,8.57103,-3.092132,7.3875184,-2.1101782,6.2611375,-2.2120807,6.990303,-4.5766625,6.825016,-4.726689,6.9771886,0.059275318,6.505363,0.39008328,0.2811599,0.22107571,0.22271071,0.24884462,0.25403655,0.2706545,0.39029437,0.4493392,0.5359523,0.4685459,0.45161957,798.568445037982,445.75239640469385,1284.9474803692008,361.85828980437697,1455.816196878628,1035.2206174365929,24.61219934800583,18.996921826868288,20.273770863372484,18.677304801080926,18.504408027841833,18.110960257955764,27.149339200032642,0.025639678671633127,0.020118611046150658,0.052771624,0.042149816,107.666015625
genres_original\blues\blues.00090.wav,blues,-177.48735,67.07094,115.33375,37.215866,9.963014,26.121534,54.05621,17.910526,7.6156197,18.185303,28.31573,13.456534,-9.070212,13.473355,20.05844,10.587956,-15.0455475,12.274004,6.222492,10.365342,-5.688931,10.455507,1.379896,11.614005,-5.843507,9.204333,5.0113225,10.131992,-0.75529695,8.60351,5.057277,8.562762,-5.084398,8.911219,-2.7971687,8.171115,2.4293883,8.295732,-5.3729057,8.023348,0.3438481,0.3151598,0.31665957,0.33829775,0.4394193,0.42228732,0.4201423,0.3884719,0.36083087,0.3831137,0.38362214,0.42283428,1613.4333911575945,883.9160266156672,1972.2597417173188,494.7803074205382,3470.72901297649,1899.939300528872,21.612066788441044,17.03654198795754,21.250998387441268,19.705230030613567,20.027360073370673,19.226271680244903,39.04367797646758,0.058235853449109906,0.051831560614346975,0.13184188,0.04624496,143.5546875
genres_original\blues\blues.00091.wav,blues,-236.38347,88.13068,161.695,33.30069,-1.1533349,24.679094,27.288706,10.782705,9.581352,18.23979,20.619045,9.509773,0.23412775,8.966527,13.796686,10.203106,-0.50091976,9.497828,10.18543,9.086421,-4.454619,9.252585,5.5080886,7.5776925,-3.7167218,7.573742,-0.89152694,6.608448,-4.904812,8.390713,-2.8723423,6.839498,-3.7585268,6.017522,-3.3457856,6.77219,-2.416106,6.759035,-3.7838302,6.3465815,0.5377918,0.44453844,0.47121224,0.42534268,0.42958498,0.32071453,0.29288802,0.30396175,0.37333632,0.3692694,0.47439444,0.6203576,991.1502533354555,645.0953038761,1396.2619542380905,512.2539079034725,1943.2882492018189,1509.6491652922746,24.739629719192592,15.073998866072861,17.776720633873637,18.192292852072143,20.016737678934792,18.19556977984326,32.63027081232498,0.03605269204721362,0.025550895040477653,0.09938009,0.03585715,63.02400914634146
genres_original\blues\blues.00092.wav,blues,-332.30798,85.37591,128.08076,31.0805,28.825216,34.43957,41.83606,17.433765,31.234669,15.133577,23.35822,12.641896,5.787223,13.675535,8.996202,12.189833,-3.8611279,13.559095,3.739,9.787619,-0.86905843,9.528159,-0.43693084,9.091467,1.4746557,9.604796,-1.5670478,8.304517,-0.8314689,7.593842,2.168971,7.7734056,-3.891913,8.523644,-4.1972795,6.572955,-5.9321833,6.735411,-3.447435,5.6889586,0.35883495,0.30686086,0.26538432,0.29485026,0.39960486,0.44876567,0.55146164,0.45839915,0.39537427,0.3936889,0.39706138,0.42249537,918.3602069536557,723.3183974582854,1436.6652243994847,438.5351646712734,1601.531982421875,1512.6972956557938,20.886743949814424,18.562925546196993,21.603644234693558,19.08614018973854,18.902553395808866,18.067120096403794,29.499307239125766,0.03231802075270898,0.040018074399715234,0.06304374,0.039157264,83.35433467741936
genres_original\blues\blues.00093.wav,blues,-350.3589,51.561817,169.54633,24.95469,31.780228,17.799574,16.713755,14.616209,28.661758,13.723823,19.24909,8.287094,7.846699,6.3743405,10.039795,6.0542054,4.742695,6.377669,2.915623,6.0544558,3.8965418,6.8253856,1.8103498,6.5099473,-5.970981,5.958397,-5.258748,5.82103,-0.2288824,6.2208214,-1.7753276,5.9386263,-3.7088392,5.843464,0.17516911,5.877344,2.0766783,6.6516294,-2.892004,7.840703,0.41551208,0.18880256,0.23865336,0.33483902,0.3764401,0.38575608,0.5216244,0.2985647,0.33433965,0.39805424,0.44077355,0.5994687,570.1506880585581,323.96241828615723,995.0934725815811,290.6163624117266,928.8527166880322,707.1282770342528,24.256941060556077,18.73804230407032,22.099750695924488,21.46514361173202,20.902322019948436,16.347522003664135,26.025603997505964,0.021700549051857584,0.010841269236589356,0.06589097,0.04247525,58.72691761363637
genres_original\blues\blues.00094.wav,blues,-206.28116,82.48454,126.62033,33.2831,10.590663,27.636925,43.21572,15.045786,12.4949,15.180598,19.41366,16.074598,0.35196796,11.680647,12.730944,8.76175,-4.5792894,8.604239,4.0580115,7.7547827,-4.4092126,9.720792,3.663423,7.691322,-1.4560472,8.620253,-1.7015551,10.507932,-7.1546535,8.602331,1.1864166,8.980173,-6.2258005,8.34127,0.6012725,8.258666,-1.6042643,8.260501,-0.5392201,7.527129,0.35198706,0.40087703,0.33802366,0.2905104,0.3755975,0.3406348,0.36057207,0.39019218,0.4365534,0.49172908,0.37645927,0.36744797,1239.6879986706624,726.0330036195409,1659.9856287006828,482.5483475056098,2519.0431010243324,1681.0021073537857,24.270389369677797,16.822040045274655,20.76927157181756,20.848768775311857,21.128338403933554,20.652277963141447,35.749713500290774,0.05090785543246904,0.05006302719109203,0.14092092,0.07328608,103.359375
genres_original\blues\blues.00095.wav,blues,-130.58154,48.027115,139.9749,30.952066,-1.2707361,23.148619,39.310425,13.146507,-6.3536654,15.927645,19.767845,12.0769415,-11.213425,10.476793,27.243687,11.236386,-16.53454,10.2357435,7.0218787,10.047185,-1.2004069,8.440501,1.6136365,12.14737,-6.6290407,7.9511976,4.9524617,9.582345,-1.633869,7.6271005,0.9539638,7.7250233,-4.8416095,8.716948,-5.970589,8.183422,-2.78672,7.179223,-6.4928164,8.22105,0.36002982,0.41089755,0.3363951,0.30291906,0.31208092,0.31408086,0.42758548,0.33645067,0.34438786,0.3695021,0.4854812,0.43979737,1388.4454872380973,713.9715802786625,1772.8422645104083,405.9957942552598,2754.6166765431503,1470.3694163962273,23.539957513306675,16.206103768702224,20.604049000141973,21.567093841846905,19.73633394447231,18.6514814617542,39.73837483691267,0.05714742465654025,0.03646380337623106,0.18706326,0.046427954,135.99917763157896
genres_original\blues\blues.00096.wav,blues,-314.58218,72.682526,139.91444,26.088717,11.862516,22.968613,30.102106,22.09232,-7.5390363,16.273745,14.907039,14.649308,-2.6808991,13.201308,6.701544,10.708955,-6.395509,11.547962,2.8176138,9.282434,-11.706482,11.82261,2.063028,12.140294,-11.438628,9.241157,-9.510527,9.098217,-15.186693,9.732512,-9.362389,12.984703,-5.6654944,12.225294,1.5621173,12.859131,0.89712536,13.301603,-7.9567275,11.75469,0.18420234,0.21320052,0.17043255,0.35544237,0.53630745,0.30016324,0.26512414,0.20984288,0.30768523,0.1408606,0.1653441,0.27875465,1132.5184226709684,565.038821104931,1582.765487529276,389.2939338204865,2066.2458390274282,1318.522722872366,23.07000113953214,20.23113270260559,24.05205069681353,23.97179248374957,21.5820157172492,20.254259079499096,32.249211757760385,0.048313766810178016,0.035586509338210115,0.05132765,0.029231315,143.5546875
genres_original\blues\blues.00097.wav,blues,-148.6477,64.46083,145.73776,37.00065,-9.363346,15.679683,48.451443,12.652112,10.543868,14.846221,18.014605,12.77534,-2.6345782,12.2240715,16.958082,8.754294,-11.506824,9.627561,8.731704,12.553566,-8.173254,8.131362,3.2235358,10.160662,-0.6797588,8.357706,-0.7301853,7.3508396,-6.8214393,6.6137304,-3.9379206,9.759347,-15.737845,8.356541,-5.5963683,10.117007,-5.7979054,7.3667407,-0.047467966,7.4406853,0.48110673,0.44949365,0.42067495,0.30834484,0.2998241,0.28387734,0.35210577,0.39566973,0.36662036,0.3608941,0.35039935,0.43439955,1236.606352338598,650.358980664079,1602.3014812209672,543.733615828091,2604.350918512964,1577.3285117298888,23.564794783823814,16.04461319629031,18.884482487598497,18.621450128767403,19.565197699118283,20.498749055636335,36.58868589166731,0.04462595842202012,0.02762114643140287,0.19820397,0.05434358,117.45383522727273
genres_original\blues\blues.00098.wav,blues,-90.70722,50.887463,100.10758,17.2894,-23.924429,21.233433,52.588306,10.972282,-20.928015,10.46751,31.502182,7.8347507,-11.213113,10.637999,20.094328,8.808733,-10.915236,7.052038,17.563923,7.106718,-14.097336,8.294134,12.994508,7.7169037,-11.420426,7.801315,2.911845,7.99853,-12.017497,5.9734445,4.827647,6.6780305,-11.16541,6.0113654,1.1622111,6.7389235,-3.9213326,7.752427,3.2532017,6.665735,0.47012028,0.34224844,0.36540505,0.3852208,0.44618767,0.44313762,0.44624573,0.651539,0.46274498,0.46061268,0.44728878,0.3975902,2310.1410834053427,437.5519250501927,2206.528237593986,249.58992553209947,4829.08746583543,786.6746121574206,19.394645899538375,14.241171638831643,16.221733940321304,17.50859302687714,18.277916261468533,18.68031054398169,41.27783363345356,0.12842590520994582,0.04932760182122961,0.12533903,0.041297097,123.046875
genres_original\blues\blues.00099.wav,blues,-177.19162,98.494095,136.2142,23.372309,-26.910713,40.330902,36.37278,15.483191,-18.759426,15.718419,20.905872,10.391337,-1.7765746,10.530781,3.0159326,11.236854,-5.59941,8.41476,5.6345954,8.7335005,-8.114803,8.746944,5.645384,8.932864,-10.786549,7.88028,-2.4161382,7.0807576,-6.942407,7.5825663,-2.508999,8.88977,-5.207821,7.139774,-3.4113264,8.026929,-3.249949,9.000806,-2.684024,9.615158,0.37277666,0.25515252,0.31611952,0.42459527,0.41967472,0.43884447,0.34123325,0.43841833,0.31623206,0.33158186,0.4439975,0.34432247,1538.9317922233738,474.55032508109394,1703.6876933572128,323.0818410075394,3175.4391318873354,1018.3339471000355,19.963460833359978,14.833263604571497,17.647243902150898,18.51442721941829,18.54575370783325,19.058546284160286,34.21974847947681,0.07479924535603716,0.04088683757691164,0.10503796,0.07313375,92.28515625
genres_original\classical\classical.00000.wav,classical,-268.18002,42.32606,135.68788,13.746672,-34.07107,15.208079,25.634863,13.003159,-12.970324,8.441545,17.894695,8.631766,-9.997608,10.71967,5.629224,8.116224,-14.146461,8.686781,7.497626,13.317962,-3.9705248,10.330751,8.258683,8.953238,-1.3527374,12.42567,-0.377399,13.71326,1.0275253,13.105936,3.8083541,9.275091,-0.30203083,10.027412,1.7795613,9.773081,0.89097947,9.857257,-0.8330715,11.000344,0.12438639,0.29783055,0.41115516,0.20605521,0.34023383,0.15989876,0.3370634,0.19655758,0.17474875,0.32154095,0.14644837,0.31263506,1505.377699718987,210.7937858818098,1559.08594960353,209.01638572787647,2717.316902089783,546.7603168228101,17.09033099361968,16.735494736286963,21.99276316149071,25.30313131571523,24.988435363608616,23.747469269592926,33.76821786975034,0.09824505974264706,0.02075780454020311,0.03624397,0.014866893,95.703125
genres_original\classical\classical.00001.wav,classical,-324.09195,31.297018,133.59413,18.275763,-25.021385,13.666778,24.567686,12.311088,-11.939837,11.40803,17.660225,11.8082285,-5.522583,11.080173,1.7202383,9.070556,-10.571336,8.759957,-0.8508677,9.067232,-7.797244,9.916815,3.5256078,10.849771,5.046798,13.891959,1.3635533,12.507735,3.0031667,12.787487,-3.1203182,12.598086,-4.2890625,8.702875,0.5890151,11.606508,2.8685892,12.394649,0.3691809,11.127332,0.16399096,0.24028553,0.38843605,0.15338185,0.14760649,0.118159465,0.25492665,0.1615116,0.090750374,0.17607561,0.2170362,0.46840456,1360.5964481029555,248.57274460968048,1441.3899483512614,180.19568951080424,2387.9772268950755,608.09330733818,17.33498236636885,20.484560124338312,25.256267281156866,28.54524725585592,26.73740383302341,25.408570503835822,32.5711840330967,0.0877715781008127,0.025097354349719755,0.030614555,0.012694834,112.34714673913044
genres_original\classical\classical.00002.wav,classical,-235.30643,29.23925,141.13675,14.06095,-34.679047,12.3126545,30.99717,11.630317,-16.400242,7.1312904,23.120686,9.044733,-11.043703,8.903122,7.6586432,7.696315,-19.017239,7.1270165,4.2365456,8.816368,-11.835343,7.750392,8.918064,8.216316,-1.442469,9.979613,4.288449,9.018677,1.4757489,9.752506,3.1938703,9.2107525,-1.3142381,8.779044,2.931815,8.603824,-1.6683867,7.6969576,-2.8998587,7.283003,0.19734496,0.42330495,0.36183694,0.23213947,0.39298585,0.1459635,0.23273084,0.1415426,0.28125033,0.28668725,0.17813183,0.46025562,1490.0147947114058,197.4005302966415,1599.8034153175129,176.6604619652684,2784.9498264560757,524.2525589690716,18.27865409741856,16.763821247421465,20.976099852829943,23.482922475074812,23.169670678065003,22.633590986619794,34.98857967250048,0.09004972003192724,0.019882246955559853,0.043840673,0.013845316,99.38401442307692
genres_original\classical\classical.00003.wav,classical,-326.89987,56.566963,127.39418,17.605835,-30.584469,21.508078,37.47575,11.289448,-5.291166,11.450201,20.80699,10.804709,-1.7857137,8.526098,-4.6031647,10.011735,-4.048745,9.644608,5.2380347,8.591245,-0.64287156,11.20762,2.8008628,13.159927,7.245895,12.289751,3.9837852,10.630917,-2.390974,12.45216,1.4819995,11.189374,0.5834609,10.5568075,-0.60632175,12.3124275,2.334065,11.572804,2.65221,14.502327,0.3342444,0.13990054,0.34851423,0.25364497,0.26025277,0.2667497,0.20027827,0.3216395,0.1144302,0.20066115,0.16787541,0.20261218,1526.560670734666,302.35521198744584,1499.533730708084,245.4223719116364,2915.6907025505516,706.9115397268462,19.739367602704625,19.440232870026247,25.286568192183363,28.504708034629207,28.182967839102574,27.954367215274523,30.552109569085193,0.10895172213622291,0.034075797115662526,0.029436052,0.018885167,71.77734375
genres_original\classical\classical.00004.wav,classical,-259.96228,23.697762,118.93238,14.849672,-35.60653,11.943907,31.990017,7.980729,-16.535492,8.70619,10.620698,7.651446,-15.65591,7.5126925,7.4423375,10.422863,-5.810465,9.819068,8.268948,9.840425,-18.018595,13.549739,-1.1994923,12.69487,-6.346673,10.213758,2.7660382,11.993428,-2.5898237,9.1385975,4.387975,9.107234,-4.1366515,8.329099,-4.7818193,11.480453,-4.776668,10.74609,-4.6100764,14.739504,0.32688808,0.14018612,0.24916667,0.1260458,0.34185773,0.24101697,0.12278507,0.13005397,0.18343645,0.31037274,0.18286432,0.30428353,1705.7324266471078,261.06667781777776,1646.2565077961103,160.90475723299875,3176.230793766931,576.7221606352588,16.285093396098272,18.906278055328347,23.212939023257473,27.985832496194035,27.29563481919114,26.119916075601427,35.38393654131115,0.1128666644494969,0.028899650496700978,0.04228822,0.014470085,161.4990234375
genres_original\classical\classical.00005.wav,classical,-264.2774,85.86743,138.15092,17.89575,-30.101551,12.157342,37.824226,13.346636,-7.180178,9.769983,6.7829356,10.405702,-11.8189,8.587263,4.712041,9.036574,-9.843633,7.922775,5.8637476,9.674313,-9.573777,7.437378,2.6703959,9.264122,-4.7964425,8.497778,-1.403382,8.973614,-2.0961945,9.32382,2.9775221,8.815162,3.3557787,9.29143,4.811315,8.867852,1.7625698,8.54714,-1.8270731,9.47355,0.31514427,0.15606026,0.25539854,0.38896003,0.18442397,0.2763818,0.16469231,0.36229536,0.4298488,0.25400165,0.25852323,0.17690499,1431.542306293269,271.7511838947148,1558.4876922187395,197.78386696881077,2836.7578465133997,551.9697299823162,17.72893272911546,17.680827936900773,22.448905226000498,22.20233177397346,21.884653381439225,21.86312131622037,32.341111956663426,0.07523877406636997,0.024844285684220285,0.04325064,0.024179827,143.5546875
genres_original\classical\classical.00006.wav,classical,-295.74353,63.199936,134.53831,17.551807,-22.449306,12.662533,40.759247,9.252505,-5.8759804,10.863663,9.276347,8.346094,-11.875942,9.250023,6.2949286,9.253325,-8.866929,7.555659,4.406289,8.75728,-9.378154,10.260676,4.06138,9.103246,1.625683,9.695209,5.1374664,8.951651,5.440424,10.032771,2.281029,9.198746,-1.8154349,9.913672,-2.9235117,10.019359,0.13862069,9.371196,3.1956718,10.129871,0.5870934,0.22400947,0.19463162,0.23414165,0.17385122,0.2765953,0.19085851,0.29742333,0.31598896,0.15656538,0.18860593,0.29764724,1372.8214993768147,265.28814608296415,1579.2639771327902,173.42544262814224,2738.0917764669603,562.011394486981,18.67638547073532,19.896489532565536,25.510152793795342,24.914867225222316,24.720523746798094,24.127695333912293,32.910926126208295,0.07292321739551083,0.02705190660333267,0.03322204,0.018671239,99.38401442307692
genres_original\classical\classical.00007.wav,classical,-286.86823,88.58755,135.91835,23.04264,-24.436617,22.897333,36.66117,11.946354,-6.2452145,12.452684,6.9629345,8.431546,-8.168272,10.286655,3.8440666,12.468167,-4.3983455,9.340667,6.4327855,10.229387,-4.1305766,9.077362,1.5490413,9.648564,-4.3528376,8.300475,-3.0135412,8.203027,-0.0057282816,8.015822,5.6492386,12.641094,3.429659,11.03213,2.8336728,8.330041,1.0971845,7.9937844,-0.29091462,9.553669,0.18926111,0.14117497,0.34174466,0.39531976,0.2048829,0.3902492,0.17469,0.27599853,0.30621418,0.25841582,0.46888652,0.17212027,1358.9262602497965,360.8738840922911,1516.1296306154914,219.35732047670334,2668.167199291312,718.4123615773287,18.6193702478881,18.730272213673256,22.360404912181398,23.39370135076003,22.315480442800244,22.97169163706037,31.70241071625036,0.07314694998065016,0.03391140494662343,0.040846772,0.027783822,215.33203125
genres_original\classical\classical.00008.wav,classical,-292.15292,69.757904,127.763664,15.9050865,-29.909023,14.216492,37.442085,9.265356,-9.556902,10.604202,5.1130486,8.800892,-13.823929,9.192749,7.0317283,7.8425407,-7.0326324,9.681705,6.4920025,9.856847,-9.904401,10.938636,4.713663,11.07751,0.3748315,12.841082,1.467897,12.188527,3.3925846,12.345661,6.0727816,11.96987,0.96153134,11.925503,-0.75443643,9.6984215,-2.097945,11.047343,0.75958467,10.211241,0.47993407,0.20538828,0.22570895,0.16878062,0.17346177,0.32589728,0.17479634,0.24694997,0.19402723,0.3136277,0.34226882,0.2062763,1516.6480402419818,283.62841905057803,1629.285125800053,189.93508834691252,2974.0070165864454,555.3143361351715,18.806597453298398,19.475803991148958,24.503901948689126,24.25079363319588,23.5088742280782,22.858466345654104,32.61705425481474,0.07878788336880804,0.02557607948866742,0.034031406,0.021452498,135.99917763157896
genres_original\classical\classical.00009.wav,classical,-356.14395,71.711136,139.79286,24.396463,-6.286765,14.906138,43.188293,8.685846,-8.879337,10.9989195,11.050314,7.9905434,-8.39305,8.400579,4.4185205,7.4513106,-8.283711,9.167978,8.682832,7.6862206,-8.135776,7.696804,3.4271078,7.932157,-1.440631,8.996913,-0.4118333,8.706376,-1.7198923,9.051719,-0.29489475,8.912925,-0.6548906,8.98789,1.1565771,10.252834,-0.6220705,9.6222315,-0.2581347,9.385662,0.33016524,0.22437379,0.42635617,0.41647887,0.18139297,0.17932327,0.23200303,0.32183546,0.21312854,0.25441608,0.2816678,0.18491618,1216.426225125279,348.01560233746665,1582.7629083386116,269.86829619498303,2560.8928479646383,831.9792159064397,20.663992706421062,20.577657657762234,24.411184235324974,24.455732252829204,23.82760773220517,24.255809140857203,30.33177761862313,0.05627025686919505,0.027762706946011736,0.023789303,0.01414114,234.90767045454547
genres_original\classical\classical.00010.wav,classical,-315.04453,78.820724,128.73926,16.097044,-28.93491,22.695784,30.839514,10.947213,-8.996638,12.096294,7.9901075,11.710891,-9.846989,9.603297,1.441412,11.591944,-8.973623,10.938058,6.049842,9.718458,-3.320935,12.785851,7.609508,12.583312,3.7989612,12.0118065,2.9383373,9.817677,1.8396777,10.502581,5.2037983,10.6385975,1.0788432,9.975476,0.14129534,7.943691,-4.532043,9.9276495,-2.3126304,9.979762,0.2863064,0.14705956,0.32778805,0.31758854,0.21730141,0.41487882,0.14930905,0.17877269,0.10868827,0.24739894,0.38125798,0.16367678,1497.0762956940555,285.8733750039139,1570.2741279362515,212.4229745605414,2868.049323964783,587.590732497675,16.7157279015322,17.14180855545163,23.65845719613177,23.927635360400657,23.37330149442045,23.298634422809254,31.140934003649075,0.08621640987809598,0.029107090512313603,0.029503612,0.020237366,103.359375
genres_original\classical\classical.00011.wav,classical,-385.26587,39.172485,177.27786,25.786625,-9.337663,13.589924,24.373219,11.953421,5.805441,8.020296,-4.563062,8.73219,-6.356949,7.164454,-6.9578943,7.1385264,-4.127428,7.490602,3.8580673,9.853988,-0.35820192,10.492356,-0.9461221,7.1594186,-3.6705594,9.661243,-2.0986044,8.804106,3.6447048,7.9815793,0.73262936,6.675395,-1.2266603,7.6396008,-0.745925,7.566153,2.7860496,10.548493,1.5408989,8.328132,0.5396535,0.2526784,0.30663714,0.17036471,0.12699983,0.2747445,0.1617152,0.3007609,0.24271822,0.1484289,0.14593187,0.2683964,949.3765619854879,282.03179641613417,1112.0248096618204,248.94323462589242,1695.8730786208398,643.1465484973977,19.76362895515828,19.735307174448774,26.17283552915101,25.949417519436977,24.462633682333234,22.0653623984868,24.64823448715144,0.06072601223877709,0.019843547732726317,0.02149812,0.008829223,151.99908088235293
genres_original\classical\classical.00012.wav,classical,-362.71387,88.12209,143.93861,36.039448,-18.981813,22.635033,30.657846,10.200481,1.0281465,10.773711,0.2848454,8.611799,-7.9897437,9.424715,-3.8509774,7.4561534,-8.94467,10.812669,3.2497702,9.823795,-4.4546375,14.177531,3.649625,16.002216,4.933547,14.886147,3.2838128,15.565333,6.360601,14.197889,6.0672398,11.433332,3.850726,10.461077,-0.24739736,8.808793,1.1675682,10.344932,1.7840002,11.284903,0.5431308,0.18975423,0.19267839,0.10470743,0.2511746,0.39679474,0.13831466,0.20689274,0.12183786,0.25909522,0.19384564,0.23001543,1179.989139644456,351.4086538939096,1332.0247704243034,250.54111373691865,2154.0036417013353,739.8409855586402,19.534016626844554,20.650904392157425,27.363054159926214,26.155989073626273,24.47772273410391,23.220857145724633,27.72793181944162,0.06593875471652477,0.027186188756531535,0.03140695,0.02480204,95.703125
genres_original\classical\classical.00013.wav,classical,-343.13556,99.450195,140.08688,40.621456,-20.911034,20.275578,32.332195,11.329877,-3.6868103,12.380882,2.9435575,10.628594,-10.66953,9.321343,0.31910306,10.300848,-5.784346,12.295125,7.688079,13.070617,-3.6771073,13.349732,2.553818,10.936505,-3.4980676,10.391635,-2.2409532,9.404392,-0.8364203,10.548059,0.8789198,9.931254,0.4735558,8.207642,0.9455657,9.307608,1.8694177,13.429788,-0.6390268,12.498613,0.3114079,0.20166129,0.4075595,0.14311837,0.19530447,0.18155777,0.18618928,0.43192434,0.17802249,0.22759143,0.11538245,0.20483306,1388.2456582676334,466.537619089863,1456.5571823960315,298.0764660889051,2599.025950712316,869.543030976253,18.981419092462872,18.407280592178118,23.96211586048079,25.380486775718428,25.204014152265184,23.527341670710666,29.394130352992544,0.08088953354779412,0.031747940722815046,0.031721637,0.026149638,129.19921875
genres_original\classical\classical.00014.wav,classical,-324.6391,74.36832,147.82701,26.296225,-31.937817,16.722748,27.408855,8.532541,-4.508828,12.11224,-4.1651044,9.524631,-12.588299,9.479639,-5.118296,8.35868,-7.741826,8.170491,0.8432942,8.812716,-8.195583,8.0753355,-0.822447,9.972503,1.0045003,12.254138,3.6744754,10.634088,6.201358,9.712461,4.7141476,9.418412,-0.044552878,9.32735,-2.3374503,10.00969,2.2290115,10.045938,-0.5509062,11.116914,0.37519485,0.25174677,0.44982296,0.1549235,0.13290574,0.06842388,0.17341557,0.28818354,0.14769754,0.25497258,0.13141428,0.38028294,1279.5500532331514,313.7587308611754,1370.4138585933788,220.92385140398764,2389.4272181271767,621.2570220899805,18.222978607226636,19.900603114196613,24.61648700016589,23.377506671998646,22.89245469931045,22.476862539939873,28.758416412299628,0.0684731309258901,0.0223558617453509,0.03160188,0.024393825,143.5546875
genres_original\classical\classical.00015.wav,classical,-449.51437,69.12054,124.97361,33.4662,-19.919233,13.818919,27.45221,14.403324,-5.7755947,9.883561,2.2272975,5.8114524,-6.5527916,8.8964405,10.601105,11.754776,3.3547378,16.405455,14.393793,14.76377,1.9887378,17.827215,5.250284,14.197623,4.4267945,11.98062,5.0727916,13.681954,7.1730843,11.382503,6.192042,12.779043,7.1587806,11.789356,3.852237,14.959131,2.6193507,17.073908,4.9503307,16.39863,0.20806728,0.111227736,0.15198784,0.17790507,0.38956866,0.13980071,0.28656536,0.23641112,0.15842003,0.24969794,0.15762196,0.331917,1371.6170328582264,333.8912855213226,1562.0159889035801,251.68543595029684,2619.859158070095,783.579353360144,21.7532249768695,18.6541667454033,25.542079727915084,27.572898062790976,25.02295506962256,23.38287357634624,27.229272039231848,0.07575237640286378,0.025247409742965982,0.011429043,0.009404383,83.35433467741936
genres_original\classical\classical.00016.wav,classical,-482.67636,69.16208,154.86115,15.831605,-5.0259824,15.611145,29.737667,6.940352,-1.8687441,12.503119,8.223097,6.264188,-4.7659545,8.782182,9.646515,7.783006,-3.3353906,10.779234,4.5322237,8.903475,-10.103474,11.39871,-0.66671294,8.55982,-2.4448438,8.532631,-0.16459122,8.834545,1.8707215,7.1815553,3.4802008,7.808087,3.3868608,7.5603685,1.1131744,8.510932,1.2773036,11.590928,-0.6721354,10.555641,0.21905981,0.23902048,0.64980984,0.26187497,0.08797822,0.050590657,0.1421929,0.2711952,0.13931079,0.25697696,0.126129,0.18677545,1054.4585145386827,296.69483037621933,1455.4498536124795,222.01759168267535,1947.2048921850812,741.8915276736233,18.275512359010026,22.99158707833484,23.601416892485034,23.865673180529868,21.54161292897944,19.92638496676904,23.84680421664422,0.04766448880127709,0.02051896438803482,0.008008791,0.0042155506,99.38401442307692
genres_original\classical\classical.00017.wav,classical,-311.51123,103.454216,148.66138,28.46176,-33.509113,15.0098295,10.361734,21.193954,-12.907805,11.600202,1.2325779,11.270031,-12.908661,9.983523,0.804573,7.327366,-9.738699,8.951146,2.0689795,10.57519,-5.106063,12.095537,6.7442927,11.589386,4.6157765,13.83097,3.765486,10.821809,1.271204,8.373706,1.2486949,9.444888,-0.08448579,10.023236,1.4975203,8.795129,0.37977082,10.809465,-2.9951375,11.785655,0.25532356,0.2945164,0.26337108,0.2196292,0.5005323,0.21890408,0.16877434,0.15753758,0.17605872,0.398679,0.17194314,0.25167322,1358.9070916597727,284.8635515532904,1417.5458835574148,284.4011250494854,2418.1770442809116,698.6711069107322,18.8153571281223,17.571596085903305,21.862886500599668,24.02742607929162,23.00952901418859,21.268339121861707,30.05946868091245,0.08111553369291796,0.01683376921716943,0.03737135,0.03211843,89.10290948275862
genres_original\classical\classical.00018.wav,classical,-405.6831,69.43645,145.69487,43.211502,-0.8267259,21.309505,23.067648,14.2501335,9.225309,9.44812,-2.6439388,8.458722,-5.750473,8.398377,-2.0919251,12.754157,-0.6470631,10.33122,6.759229,9.7436495,2.8076077,11.338134,2.446449,12.085509,5.0846725,10.421929,2.3814898,11.04299,1.8640759,11.423838,2.5028794,8.746275,1.527922,8.338742,-2.2602878,9.305634,-1.4472849,10.296937,2.6102087,12.794395,0.2727673,0.22677553,0.14785752,0.11296467,0.2816814,0.3678799,0.15742312,0.26766688,0.30054867,0.1619945,0.3298528,0.24189399,1158.0012026973084,433.41540416572286,1320.9789237314546,385.9200128115134,2182.0034723901895,964.0384525099945,18.797358796430427,19.19016346985003,25.93852042481707,26.616986886548922,25.596516549497828,22.72987280301014,26.030287626087368,0.07066888484423374,0.028722749285277,0.018668028,0.017893154,161.4990234375
genres_original\classical\classical.00019.wav,classical,-475.86765,76.265884,141.53087,35.076363,-8.475214,21.723936,33.992065,8.135858,0.5255779,12.311651,6.034853,6.1698256,0.027931426,9.520922,9.537156,14.577666,2.162517,11.5817,7.0820994,11.328317,-8.048426,12.625851,-0.10827344,10.901156,0.7882739,13.100597,3.8774939,12.199304,5.3098736,8.918694,4.664308,9.666103,6.8744106,9.127537,5.3992834,11.003712,1.0468252,10.158297,-6.4937115,11.096276,0.34971046,0.23413539,0.2839942,0.45938584,0.18989114,0.18594603,0.1636226,0.35560971,0.37193885,0.22249717,0.38593262,0.20590173,1184.5272815945475,427.01187874035253,1524.9012907885733,288.98743132622894,2289.252823868034,906.7354699337623,19.09913002305224,18.562399119828644,23.04268541713528,24.88379052156571,22.35529092314234,21.597447958487635,24.482471435555876,0.057591488486842105,0.03283759873780107,0.007990337,0.0054650214,95.703125
genres_original\classical\classical.00020.wav,classical,-300.9405,73.23441,161.08626,30.167477,-24.240719,17.789515,27.966188,12.662731,-2.8622556,11.3907585,2.3875616,8.51902,-11.273425,9.19811,0.22528113,9.271485,-6.841877,8.389879,6.0946074,8.755847,-8.138311,10.722332,-1.805326,11.296333,-4.1101503,11.159517,-2.0455983,10.0901575,-1.6021353,9.896037,0.64826363,9.533806,1.4507607,7.629927,-0.22119524,7.4992394,-1.2912163,9.83953,-7.10176,9.631452,0.21486038,0.12451965,0.35901687,0.34742388,0.161459,0.33324087,0.1537383,0.26446402,0.28629646,0.2824712,0.51713103,0.18305008,1218.4372978528547,325.7760603471931,1353.750904015808,280.9265364918071,2295.311120567676,684.9864910773482,18.91869598566918,17.516567742073445,22.763709839670792,24.297873982392606,24.37573039554119,23.037321809333278,30.00591790734083,0.0698128809500774,0.022786719160019932,0.0384091,0.0227037,143.5546875
genres_original\classical\classical.00021.wav,classical,-278.22952,97.17176,147.87563,26.14561,-31.567955,13.866909,20.35228,11.468008,-9.5826435,10.4084,-6.244679,12.933868,-13.601204,10.5762825,-0.66615546,10.892788,-7.274476,8.767231,1.0198699,10.433296,-11.758481,9.209607,-0.96198523,8.602915,-2.2164092,11.893469,-0.57252854,9.000611,1.8691946,9.953556,5.1443834,7.9870887,2.624588,7.4039474,0.82450217,7.629715,-1.6428111,9.013954,-0.10273474,10.848215,0.30251762,0.2520546,0.22999144,0.1986901,0.20985182,0.3983382,0.26289874,0.1836668,0.17211804,0.29146576,0.40952113,0.2907186,1371.369631892757,328.85082563812205,1440.9709987339702,280.15395747869616,2570.159458597378,730.4832401423996,18.323346450863472,18.161708019675203,20.66383299478797,22.400396547621288,21.988590682592967,21.766670352812046,30.938514181820175,0.07956679022349071,0.02358068311481835,0.045445524,0.03885161,135.99917763157896
genres_original\classical\classical.00022.wav,classical,-278.78244,98.63415,160.01924,21.534771,-28.398985,20.817709,23.062634,11.795049,-2.6952755,13.961429,3.0099838,7.6984954,-11.293977,9.379416,-0.5086696,7.254438,-11.364047,9.3423395,3.1734755,6.769912,-5.1071954,9.789357,4.339189,8.47487,-4.0708914,8.018082,-0.15333013,8.509559,-1.6684712,7.9885798,1.6420276,7.5011897,1.0030911,6.270982,-0.7636376,6.289355,-3.8361166,7.8252106,-3.5538938,10.818839,0.34315112,0.22835907,0.26773235,0.2932137,0.34069678,0.51950055,0.21404687,0.26460764,0.13242139,0.2302538,0.30119398,0.18020335,1211.2151185706325,237.6698223994307,1367.1077107608928,236.57830003290127,2237.4698036595396,556.1358440663652,21.14096723166284,17.582450300990942,21.572016333412005,22.241258833102226,22.085930567122702,21.98910085100987,30.14498769895125,0.06844629813273993,0.019861194716400292,0.047890313,0.029766062,107.666015625
genres_original\classical\classical.00023.wav,classical,-406.96542,57.571083,163.13947,14.830393,-2.4138153,20.335701,32.456657,9.261006,7.907838,9.788002,9.677142,7.7431645,-5.4890423,8.692644,9.523497,6.0805573,-3.1028214,6.098314,10.209687,7.1324797,-10.385391,9.625157,-5.3867083,9.294525,-8.080065,9.3328285,-2.0578997,9.542596,0.3721494,8.093852,3.411156,8.459861,3.4882953,9.833461,7.39557,9.396476,6.4349704,10.486754,0.18093641,10.645932,0.12949495,0.094241396,0.30335686,0.62588435,0.27909845,0.24142134,0.15699328,0.21508312,0.30641973,0.2556505,0.39795923,0.20054813,983.7618406456091,216.91170786306432,1404.1321893997351,156.64202596276715,1852.522131385449,541.0915657450415,20.024750939450538,22.19282326225613,23.501711200487634,23.570374951418504,23.95289707649838,22.696417774394366,26.881326181591675,0.044227245791408666,0.01860499920108992,0.017124044,0.006708359,95.703125
genres_original\classical\classical.00024.wav,classical,-223.17725,44.226414,163.24625,17.957018,-34.416225,7.7688875,24.187868,7.9823146,-10.304307,9.194963,3.2287347,8.435914,-12.884593,7.6105056,0.8050692,8.649628,-14.284255,7.9948325,1.6726216,9.227998,-10.143485,7.932739,0.24415673,8.944719,-4.545105,8.2564125,0.10906288,8.045992,-2.8684523,7.445091,1.3458036,6.3416953,-0.3440429,6.5480924,-1.0627357,8.364614,-1.0944881,9.196903,-8.057165,10.09653,0.23656598,0.2523408,0.4524368,0.2689935,0.13567854,0.15842445,0.18693046,0.30873927,0.20621265,0.31052682,0.34399158,0.17923899,1253.1322234388265,240.80885651875533,1371.33660933005,216.4204051508635,2293.0278010412635,526.6830070388905,21.480692939879013,18.06003961942953,21.474900145180662,23.251200673980097,22.69528775847731,23.453351756304475,33.058136866497804,0.07164771490421827,0.01783729838692586,0.0666634,0.023640914,151.99908088235293
genres_original\classical\classical.00025.wav,classical,-221.28345,29.682915,173.33664,19.58777,-37.456543,8.998147,24.362453,6.044646,-8.687614,6.8227177,3.3857918,7.179189,-12.841176,6.198568,1.0815359,6.6495347,-15.328135,7.486023,0.42323717,8.160199,-9.623609,8.153928,2.292809,8.812171,-4.4855638,7.9899054,0.3625777,7.223196,-1.4866271,6.4282274,1.8132915,6.4754133,0.22892378,5.956399,-0.9652815,6.9389815,-0.48393935,7.0450983,-6.263661,8.34244,0.34090924,0.19695787,0.3942091,0.27632505,0.1934224,0.30051652,0.26003227,0.41850445,0.22972429,0.38449237,0.34364244,0.22966254,1184.065821842182,232.78159872946424,1304.6126692322352,179.28729584931833,2139.1537314967104,449.6421613234719,21.623160114098848,16.10561282966632,19.59375160221315,20.89238523937173,20.396636972406384,21.484223598457305,32.16897750388794,0.068293993687113,0.01962350056743968,0.06411321,0.022784222,129.19921875
genres_original\classical\classical.00026.wav,classical,-319.33237,97.26002,143.66473,26.083138,-31.164366,22.293245,10.908864,19.361105,-5.5538907,12.309083,-4.265031,11.208623,-8.952561,7.4969654,-5.58349,10.867023,-8.020538,9.44969,2.3426132,9.986215,-4.4772716,11.186441,-0.31978709,9.353505,0.97486126,8.886359,1.1464473,9.177759,-0.48819205,8.996755,-1.3061253,9.04059,0.13897365,10.744475,1.496065,11.738937,3.7090788,11.921464,3.0729024,12.573569,0.31284007,0.1713587,0.38464496,0.14286056,0.20876607,0.192518,0.17999874,0.49195924,0.2052153,0.22396678,0.16185713,0.27214864,1278.5745587488782,259.3662976556343,1311.8194362471934,231.36169678407242,2233.2198293585525,578.6704298649663,20.102467488022526,19.919293575806726,23.463611125553054,25.949903841589844,24.540395692698553,22.346525926887658,28.57744006464816,0.08174818292859908,0.020760958224874865,0.038869526,0.03529014,161.4990234375
genres_original\classical\classical.00027.wav,classical,-366.25018,63.746784,181.5994,12.10414,-5.5262704,17.974043,27.008371,9.4283905,-4.8321323,11.003345,4.6107154,9.588156,-10.542602,7.115431,0.16762115,6.919239,-11.139511,9.728758,3.584806,7.0973587,-10.332784,7.953589,-1.078434,9.426803,-4.5973077,9.791808,-0.47885728,8.729923,0.83569187,8.439706,0.25169608,7.0681257,2.1313155,8.717124,0.69891196,7.3222027,1.0251924,7.8823643,-3.0680041,9.950163,0.4182708,0.22012053,0.16716902,0.07946457,0.14575414,0.3348093,0.1414062,0.27820534,0.17903657,0.44037536,0.31955686,0.16464056,901.7856877463795,165.5821813848802,1171.7473217395366,162.05666989653335,1456.6161920411669,358.664726630129,20.27960411697216,20.98702994863609,25.202498153938944,25.724923592021472,23.539207367391345,21.397036793278573,26.932918355998503,0.05344941224845201,0.016686287337482238,0.028412972,0.014405327,135.99917763157896
genres_original\classical\classical.00028.wav,classical,-228.95734,56.021267,153.97128,30.00583,-30.685278,17.450266,20.8126,11.434199,-6.08023,12.162864,1.1724141,8.842664,-10.788691,10.451924,-3.8824687,10.12351,-11.589583,7.8796344,0.88214755,8.919885,-8.279238,9.892704,-0.7267745,7.9563465,-3.104451,10.223056,-3.4343467,9.527333,-2.6240342,7.487608,0.7225612,8.059283,-1.9660419,7.6493616,-2.5158808,7.83967,1.571606,8.741585,-1.4897674,9.140835,0.3316297,0.23058379,0.42773136,0.16584487,0.19227245,0.17101148,0.295143,0.4496234,0.19933179,0.28147656,0.14883104,0.26160613,1313.7853629984959,377.3277156305676,1371.0449454528034,303.0767314922397,2397.4188364696206,761.4307643326928,20.19004116477174,17.040464280317547,21.123625550182997,24.042778580306624,23.397165467445383,23.237772256411414,32.783108258842894,0.08109777113970588,0.026372057899122735,0.06258049,0.025580762,161.4990234375
genres_original\classical\classical.00029.wav,classical,-297.24658,113.736565,130.27441,39.47013,-30.589977,18.207556,27.486969,9.135747,-7.0549927,13.620755,1.9900564,11.285406,-11.125771,10.38892,4.752086,8.385349,-8.771535,12.096819,5.415232,10.3444195,-5.375333,15.568,4.4642715,12.727703,1.7346498,13.581858,1.8842244,12.668106,-1.3122164,12.061175,1.0872453,10.128721,-0.9889347,10.61041,-1.4661268,8.091937,0.6302652,9.40724,1.1544709,13.537544,0.36048025,0.22205938,0.4771274,0.17473975,0.24922943,0.21840902,0.17295784,0.27068484,0.14502995,0.28257293,0.12316124,0.2671437,1558.8985316523576,428.58577668850046,1578.5925974537631,262.84429829869026,2922.2156630950076,813.5381150881905,19.750661102442095,16.79876009978227,22.174128319642172,24.06138093457677,23.500242186682748,23.175207244486668,32.097424905215085,0.09221523981714397,0.03377849208937967,0.041575287,0.034915194,135.99917763157896
genres_original\classical\classical.00030.wav,classical,-315.67807,62.750637,149.66841,22.512964,-30.594992,20.661766,23.221498,7.515123,-8.699831,15.194667,-10.104396,7.3722568,-15.733574,9.323767,-4.047281,8.529319,-7.652163,9.84949,0.04623177,8.562348,-11.143897,7.3055964,-7.67045,8.47827,-5.8706336,7.959646,-4.864973,7.678245,-5.1484585,7.41506,-5.4147186,8.060917,-3.167382,7.7548428,1.4542385,7.4529805,0.13058141,7.9949737,-4.1758366,8.54755,0.2574662,0.19069208,0.39334616,0.3091071,0.17859882,0.2805634,0.22978078,0.36819246,0.3332649,0.29600438,0.3154036,0.18751426,1243.720620928661,359.31982183057045,1358.6088246693332,240.30938173813632,2353.2857700029026,698.7859047702765,15.504047846941994,20.06475345604497,20.90452381923443,22.773003307984958,22.84544509681696,22.945923392754615,29.179280321054478,0.06372448239164087,0.029303900200503653,0.029729722,0.016558243,117.45383522727273
genres_original\classical\classical.00031.wav,classical,-374.0075,76.01885,172.44234,23.219366,6.402986,25.447521,20.150894,12.064784,5.8518014,16.452578,1.5909553,9.813663,-6.710564,8.617877,-1.1913427,8.731194,-0.29050222,9.518671,0.33312535,8.863995,-6.55182,8.397219,-7.3002505,7.8348093,-7.3283706,8.536196,-10.215596,8.361055,-6.1451335,6.9691386,-2.4330475,6.1386876,-2.6743848,6.422868,-2.281908,6.730735,-1.1540519,8.352569,-3.8159146,9.417898,0.29840344,0.21784241,0.3408695,0.19885807,0.25878116,0.3586617,0.37417248,0.45494202,0.42487913,0.23461175,0.18181072,0.29432514,822.4267361319853,261.0264942817495,1135.925475390758,258.3197640867675,1434.199660924197,622.4557253506229,15.747291827149596,16.175684888264993,17.92730464572508,20.02737298395906,20.91513454213292,19.607496340146454,25.260435764132115,0.03945743336397059,0.01674844738108833,0.026797185,0.018498948,112.34714673913044
genres_original\classical\classical.00032.wav,classical,-498.60873,42.52042,177.52312,11.801267,11.209716,10.041285,27.63433,6.966096,-2.8418264,8.16881,5.090956,6.353527,-6.604385,8.108809,-1.0570544,6.113101,-4.144494,7.317398,-3.0533733,6.2376385,-9.90994,6.577809,-8.573808,5.66601,-9.189356,5.672811,-11.935739,5.7819333,-9.192497,5.444967,-10.894249,5.7109694,-8.854792,6.34842,-3.9375076,6.6370416,-2.3939705,6.4500103,-2.2963572,6.9245024,0.2882184,0.6999816,0.32396176,0.21525799,0.24533173,0.36395645,0.35009718,0.15744928,0.27247238,0.18707307,0.15841033,0.13618372,792.835553815877,122.45874764722852,1205.092938566625,154.86719040707013,1207.3843657785894,319.8806721218103,23.351060026200873,19.706645575207574,22.429719923568975,23.341096939372978,21.781985522354642,18.214910707789215,20.99739259022752,0.03658178937693499,0.00790711298731181,0.008043457,0.0045761047,103.359375
genres_original\classical\classical.00033.wav,classical,-429.10315,85.57513,120.74545,38.13243,-1.6823534,26.294857,17.948557,8.5157385,7.7335906,12.704639,-2.0437236,8.286893,-3.9417446,10.767312,-2.5360472,9.085038,-0.5834436,7.6427546,-0.79653704,7.4823523,-9.051198,9.067345,-3.689939,10.34782,-0.9829521,13.519078,-5.0013146,16.074467,-3.811294,12.864265,-2.411517,9.496921,-1.8980626,9.4458475,-0.3137711,7.972147,3.4164839,8.391876,3.1428826,9.204472,0.4125379,0.2844264,0.19094177,0.26480165,0.3409323,0.38690034,0.19571045,0.3051728,0.4563149,0.2662232,0.2126179,0.3311112,1128.3232351038548,353.4159121050613,1375.9555481090579,287.05108298264935,2165.7952370658377,797.168170539471,17.215323501952124,19.572772985595535,23.052175401384666,23.96860970621316,22.906224426327235,22.401468604110338,23.600786744133483,0.05439309512867647,0.026061950193007825,0.012357474,0.013662231,95.703125
genres_original\classical\classical.00034.wav,classical,-309.24283,67.83446,138.64113,31.242216,-29.713259,17.578783,33.618786,9.515198,-0.37825745,12.4014845,5.2437387,8.1209545,-6.3323126,8.758801,3.280733,9.035629,-6.714091,13.19025,-0.6922032,10.695897,-13.243885,9.561955,-8.528504,11.850835,-9.668246,11.074916,-4.2979574,14.354497,0.25033712,15.733671,1.0183245,11.850969,1.9202209,12.097913,3.7188306,11.5701275,2.5588636,12.8341255,-4.925927,15.8984165,0.37429997,0.18012014,0.1928123,0.13403542,0.2044999,0.45961934,0.24102287,0.25116858,0.25997254,0.35858443,0.37373644,0.25931564,1369.6932279666023,417.02553510343927,1465.9170515806916,223.89394082056012,2655.325610275977,739.0680647502878,18.466417736825964,21.16629436535806,25.018617206442592,25.15416518009009,25.77653609300448,25.976243561017338,31.778707104421997,0.07356796028444272,0.03843068134215851,0.038916074,0.025942003,123.046875
genres_original\classical\classical.00035.wav,classical,-319.78223,75.21494,165.98755,31.605148,-11.918571,33.44397,27.240343,13.255021,7.843559,14.696088,1.7273006,8.755286,-7.849843,10.277401,-2.4120853,7.69646,-2.9088757,9.182564,-2.5311306,8.312676,-11.365741,7.2906837,-4.613611,10.358948,-4.4873595,9.024872,-7.4551673,7.638787,-5.5800185,7.9366064,-1.8725945,7.3940916,-1.2823329,8.182817,-1.4261755,7.100389,-0.48846757,8.291557,-4.1007814,8.023758,0.3353011,0.38979986,0.25528267,0.24274749,0.33398336,0.26549992,0.27472728,0.28472987,0.4686439,0.38461992,0.25844723,0.33723024,1016.4245653368096,514.3906805345871,1152.1288725873821,325.89513754517674,1823.9389708905767,968.4573217691483,17.324806060458066,15.624817686389964,19.434922595017678,20.915397072360012,22.64328491663458,21.99851392631152,27.030019893049175,0.06115495900251548,0.04509209441692387,0.040571712,0.025305733,151.99908088235293
genres_original\classical\classical.00036.wav,classical,-419.26315,62.921734,127.44508,38.12816,-3.7823563,17.608492,23.200216,12.667866,-4.3346996,15.820027,4.030428,11.094921,-8.209103,12.717284,-7.6188607,6.744512,-7.075689,8.374414,-2.9239516,6.5244575,-7.409898,7.6844435,-5.437336,6.9967856,-9.099495,7.1695333,-10.619321,8.031628,-5.7393737,8.28142,-0.39309838,9.463402,7.029701,11.6833515,5.5932484,11.988866,-3.4755454,13.0384445,-5.1741652,9.221097,0.15404029,0.30050677,0.29994616,0.40522242,0.28206894,0.11986768,0.15475768,0.26481718,0.20749313,0.29304123,0.20924833,0.18056993,1281.8143785370296,549.7314682383555,1502.891671249433,365.3572648673142,2440.3352436266446,1242.0561679321002,16.182666297395386,20.92837769702572,24.051581008205876,23.254868668353488,23.7606981155221,20.916873388528884,26.347341286577933,0.059410449521091334,0.03403219520639835,0.016008371,0.013771899,107.666015625
genres_original\classical\classical.00037.wav,classical,-275.37598,75.782776,125.30793,31.913338,-41.05129,22.574434,24.607311,11.12109,-4.788928,15.463168,-4.253848,9.648924,-15.021034,12.600725,-5.045092,9.095215,-5.0018373,10.508978,2.47306,10.025825,-10.894701,7.2820582,-8.017638,8.803116,-5.1663785,10.476264,-4.6154666,8.452489,0.7097465,10.166377,6.520474,11.638502,5.9003935,10.1504755,2.6877103,9.2602,-2.0309052,8.106004,-8.056194,10.304899,0.22602585,0.24934492,0.23471259,0.21480104,0.38346925,0.20879196,0.18594235,0.2946202,0.33974418,0.5399964,0.2999646,0.23306851,1534.2936138496052,432.91363693645496,1465.0945248545136,235.4186845058096,2838.866167098007,741.4885175235808,16.26900375105952,19.359036432803364,22.20072629460029,22.953581803313572,24.248274890515553,24.585965098450618,31.8028928498389,0.09395219076528638,0.041684950558959065,0.04150091,0.030249873,161.4990234375
genres_original\classical\classical.00038.wav,classical,-276.03903,81.12984,146.35081,22.071636,-36.59162,19.410446,24.200796,16.058777,-2.5551605,12.85519,-2.1697466,9.428294,-13.303985,9.734208,-6.504971,8.914925,-9.398983,8.494043,-3.1274784,7.779224,-11.537067,8.175744,-4.1871166,7.932522,-1.6895956,10.408103,-1.5234592,8.35039,-3.192893,8.487214,-1.764735,7.1396055,-2.24864,7.6864824,-3.538693,7.1689405,-2.989189,9.451466,-3.294925,9.880593,0.24362761,0.31889683,0.4678135,0.2682514,0.31498626,0.16608939,0.22209074,0.3161898,0.2640137,0.38735008,0.27854866,0.28667605,1279.1711367505463,303.7388831371496,1338.7980926482364,222.01556098306833,2377.393957557324,596.323693958244,15.396328505742781,19.738485786991337,22.34041376813541,23.137847983444864,24.393229236341075,23.74540287912736,30.472871169112175,0.07583589819562693,0.027410949495412788,0.04430227,0.033056352,151.99908088235293
genres_original\classical\classical.00039.wav,classical,-409.53445,83.79935,116.80004,25.370047,-16.164232,18.903772,11.717685,11.234386,0.7060147,16.457909,6.0069485,10.689991,-4.274456,13.270807,0.4954767,9.488323,0.43389052,12.61971,12.597706,13.211488,-1.1140985,10.048703,-1.1403234,11.841402,4.957852,12.600515,1.7595057,11.7859,-3.908855,7.3242106,3.505475,7.456614,2.7971115,7.10449,3.102605,10.250872,0.66038114,15.630131,-0.23965213,13.144528,0.2960651,0.19633883,0.23524062,0.32676283,0.27857712,0.21608847,0.21346033,0.15635166,0.28030878,0.3140184,0.3733958,0.36404175,1633.409673177342,419.6947498130137,1734.7827973318551,284.42768234540273,3161.49754952351,938.1993401173291,15.814587368899296,15.919246326253795,20.656587199688154,21.700624716055533,26.372996924144697,24.95808471223025,30.172577840559207,0.10895928066950464,0.04868762034542661,0.012813881,0.014808692,161.4990234375
genres_original\classical\classical.00040.wav,classical,-358.65674,75.19103,129.08748,26.66257,-30.39764,25.43529,19.88953,11.000074,-10.38638,14.371385,-0.65204483,9.9547,-10.611145,11.260002,1.5420539,8.145609,-3.9753864,11.131297,1.8689039,8.565056,-8.83354,8.706563,-7.1676545,7.808079,-8.212757,8.140322,-5.9410625,8.668709,-0.1158401,9.075514,4.27639,9.60534,8.967238,10.88214,12.802729,13.320405,14.691521,15.209447,11.507997,15.960641,0.17277479,0.16358508,0.2012684,0.17624816,0.20020826,0.29448017,0.5209586,0.3204106,0.3690185,0.24691135,0.19010033,0.15071858,1396.6924270627298,295.2573149663004,1525.255382611543,259.3793401321198,2652.8339586759867,695.8411401442927,15.992616139153691,21.95223629793394,24.75922757887837,24.780582792798185,24.90923058058775,23.084884034689832,29.116383185124477,0.0726431737374226,0.024683341343449048,0.01974107,0.012951961,107.666015625
genres_original\classical\classical.00041.wav,classical,-368.46594,72.152916,124.26599,21.629175,-31.582449,20.652512,17.601763,13.373007,2.3229306,13.160086,-5.9495974,9.190217,-11.807773,14.900533,-5.547481,11.172136,-5.407888,11.906999,-1.3051713,6.199677,-8.427182,7.7118316,-3.613824,11.4587145,2.2061696,14.411744,-0.045435384,10.511129,0.23757197,8.521306,2.5061417,7.910123,3.0928504,9.8696575,4.838547,8.895771,6.2253423,8.561586,8.735003,10.010532,0.335251,0.2471561,0.3612767,0.2703206,0.4649823,0.31801414,0.2074422,0.23465328,0.1581812,0.21526887,0.21427481,0.19164333,1329.2649559947513,331.4873352767407,1415.4533805033204,202.12642987529355,2462.0767788252224,605.6506452258146,16.970875578364005,22.1589503401004,24.43479798319939,25.271575321926342,24.91522990150551,23.721991614357442,27.676614539128586,0.07881698372194272,0.03388347577314894,0.021296714,0.02427693,123.046875
genres_original\classical\classical.00042.wav,classical,-160.33943,49.43499,164.12074,22.041996,-48.87504,13.550401,1.5913547,10.599276,-7.591044,9.999975,-2.631471,5.7848854,-11.077547,5.689656,-7.0276327,6.088018,-8.120849,6.3279085,1.2311883,6.593556,-5.4963484,7.132787,-4.222176,6.7803636,-5.458137,7.7320414,-1.7106261,8.797705,-3.087998,9.308074,-1.2898569,7.0870337,-6.098767,7.3224077,-0.9284122,8.481441,-4.041814,7.247212,-1.5555358,10.193995,0.2802635,0.15560095,0.18829611,0.17225604,0.58434665,0.21115117,0.15760493,0.29806367,0.24182896,0.43427166,0.13582519,0.2811748,1327.3486451321814,190.00540445900003,1326.8652104399382,185.2863116368049,2172.5785293815306,413.7550622099973,16.535027558713825,19.339858401837088,21.854188378067075,23.285865385153382,26.540746718252965,23.47690327060271,17.679373060732818,0.09385279605263158,0.01677223465770365,0.13462317,0.052068528,198.76802884615384
genres_original\classical\classical.00043.wav,classical,-249.54944,60.3247,161.56836,23.97186,10.129534,26.695524,-3.0705643,12.868138,-0.59651756,8.815238,-2.0836587,7.2399545,-12.191772,7.8038325,-8.60149,7.62551,-14.638914,6.8261685,-12.049384,7.3297048,-12.300341,6.743352,-7.1745567,7.681368,-7.891679,6.5910172,-2.0824661,7.3865027,-2.909753,8.379652,-0.86809945,9.913062,-3.9725292,10.588171,-0.8842938,10.93129,-3.9836187,9.796059,-3.8915737,8.810436,0.10367683,0.05824679,0.21122718,0.3652151,0.13899255,0.17465515,0.106804155,0.24985714,0.13253574,0.1454272,0.46698424,0.13772337,1063.472218094083,346.25638226495386,1552.579922603203,405.3651187423079,1611.1902573529412,1051.9943054536234,17.443981822970017,19.37641248589685,26.03261220756328,25.674276688464655,24.226358289909275,17.310471588969047,14.911007479278766,0.051040885618227554,0.015022984776564684,0.11537952,0.054005258,129.19921875
genres_original\classical\classical.00044.wav,classical,-402.22232,53.869614,154.00491,35.924164,-15.211341,17.923578,15.294042,14.164408,-3.0777786,11.807538,-3.1944375,11.682124,-9.778082,12.952622,-17.310207,12.160234,-12.30656,11.65765,-7.9146414,13.179389,-7.0827584,11.217359,-0.28117216,11.540146,1.5458184,11.036702,-1.4655558,10.277271,-1.7400693,11.582966,1.8587352,7.869672,5.0292315,10.531125,-0.74109715,10.40154,-0.13983287,11.741974,-2.8593116,15.050095,0.35328406,0.20863944,0.1804108,0.37561327,0.2211063,0.27378812,0.20261754,0.26553628,0.21168707,0.15660419,0.3929378,0.18230845,1181.5125561645536,338.8891921092046,1412.1789063254485,311.41771388625114,2032.8127078596654,754.756606326859,17.77548630386536,21.514022608836335,26.36622994931662,27.072927213536097,28.202696184782372,25.81096943641977,19.49154146239988,0.07170553768382353,0.023317832895559783,0.017927846,0.0066885287,80.74951171875
genres_original\classical\classical.00045.wav,classical,-170.88658,40.539146,157.03914,15.830956,-21.966076,12.566793,5.2446537,13.70055,-4.092412,10.543254,-3.6912694,8.863888,-8.810494,9.324373,-4.8575964,9.313517,-7.874582,10.20262,-5.4110103,9.784803,-9.373978,11.0337925,-6.623614,9.379204,-7.811286,9.541013,-1.4611748,8.962337,-3.591133,8.766485,-2.8573444,6.802095,-3.9215784,7.1567874,0.20077205,9.611981,-3.4326358,11.133843,-0.8309018,10.099056,0.24062298,0.13201344,0.2068879,0.20555663,0.33549878,0.29258144,0.24306399,0.25380293,0.17499523,0.2861889,0.18794475,0.27602306,1175.9242233254756,158.62869142800406,1502.8373915929649,175.79446221003136,1901.2301701879353,316.61890614323363,17.512026678664892,18.75892286027536,23.00165186530222,24.078925605669806,25.048541682010576,21.5343411674794,16.274980328161778,0.0622955416747291,0.01595353380720437,0.13858975,0.041810084,184.5703125
genres_original\classical\classical.00046.wav,classical,-85.26499,23.495533,118.42306,19.34032,-31.47277,8.538051,20.282015,6.206903,-4.4177094,7.177977,6.9225984,6.532242,-10.950942,5.5638857,-1.6200852,5.138701,-7.367901,5.215247,-3.0172997,6.808186,-4.4372015,5.303768,-1.4064466,6.6465507,-4.246369,6.0110726,-4.164333,4.9974065,-3.9796493,5.3453865,0.27656078,5.4728093,-3.3924837,5.9718337,1.6937985,4.9493446,-3.6853893,8.185294,-3.4415329,7.742,0.18727194,0.3901509,0.58033645,0.32467294,0.33424,0.2756947,0.259105,0.34735268,0.4214624,0.42965943,0.3602996,0.25124335,1878.7740300458224,292.8625081241966,1965.0287149176995,230.78355661203827,3634.0696919444176,684.9376592806194,17.18280656140848,14.226390946455082,18.46392040107468,19.849700428793856,20.71315584185491,20.55852927470007,21.254693458382782,0.11161308170472137,0.024523604342587654,0.115102775,0.018945396,129.19921875
genres_original\classical\classical.00047.wav,classical,-436.84235,61.471226,154.1132,12.862139,-19.859339,13.250343,20.183603,12.203994,3.1647444,9.853064,0.4463925,8.43541,-6.5306387,6.7319202,-4.603338,5.977683,-10.0562525,7.6579866,-6.153287,8.13878,-4.529443,8.229691,-2.7835944,7.5650287,-5.23532,7.655507,-7.384834,7.9069467,-6.99331,7.436447,-3.1899664,7.4017916,-0.35129872,7.8465705,2.226785,7.4378457,2.5725398,10.636593,4.4761767,12.74131,0.25887117,0.24988525,0.2360178,0.1975707,0.4731334,0.232597,0.37142158,0.19668166,0.12585194,0.1959396,0.1345382,0.42907068,1173.9310654516082,154.1681107547047,1517.8561599088844,125.41336128584499,2083.120736987229,395.3899375004881,19.732395772594547,20.662719739677758,24.890308344885682,25.226954150889096,24.040943186303554,20.658664099117335,15.887580944495644,0.06632537369388544,0.02050126321870578,0.009494158,0.0052696806,123.046875
genres_original\classical\classical.00048.wav,classical,-123.763306,93.70573,148.43001,50.097794,-21.551395,20.534021,17.444748,14.926015,-1.4088044,10.79007,4.1782947,10.603057,-6.9904447,6.640412,-5.1033363,7.828107,-5.795701,8.725032,5.0631213,7.464037,-6.247765,6.257083,-1.9818286,7.119671,-0.96844083,7.3372664,-2.4530776,7.6766057,-4.3262076,7.1706743,-0.87545633,7.6207004,-4.7048717,6.7643137,-2.2297258,7.321764,-5.1409345,7.4356756,-3.2070842,9.188444,0.22305596,0.26512766,0.31502286,0.43311623,0.3243949,0.22434433,0.30517548,0.20011602,0.30551165,0.2931022,0.3307063,0.34269372,1516.0858565701667,741.4495359555699,1642.8335042267165,516.658984670165,2771.5582407664956,1581.8773318771566,18.10518307691533,16.955446933133167,20.771632996817694,21.893948520607513,24.375945733410777,21.898502375829917,18.487477355238692,0.087271581124226,0.04285851887226305,0.16088608,0.05636726,172.265625
genres_original\classical\classical.00049.wav,classical,-98.35358,58.762775,98.3555,23.708696,-20.490532,11.123618,18.820034,11.126568,-2.095781,7.019293,2.665037,5.511251,-7.3115172,6.1560507,-3.5901136,5.338572,-7.989524,5.8322864,-1.9183744,6.7000175,-4.7319975,7.7740803,0.6237759,6.0509777,-2.5930848,6.2952805,-1.4701574,7.579985,-3.169344,6.2234554,0.6580323,5.8667755,-4.818465,6.26753,-2.221544,5.69959,-3.8104963,6.6505384,0.23409155,7.2523866,0.56725013,0.22129196,0.27872908,0.2026494,0.3409085,0.31959814,0.26979807,0.50400215,0.2317785,0.24236777,0.1971965,0.3638124,2224.8938399288413,581.4579951465357,2274.325029414401,319.6861715080932,4467.456319236165,1274.59223572557,17.61610652905403,14.318739338603297,18.580806869159282,20.06895169529106,19.323272513120994,18.124760654866094,16.0741903814105,0.10944642813951239,0.034268275734998674,0.12373418,0.063526124,103.359375
genres_original\classical\classical.00050.wav,classical,-449.6218,67.88206,151.50313,21.333652,-12.74668,11.529978,44.27039,6.742249,6.244759,6.1938376,4.053898,4.5628858,-1.4805392,5.538679,-1.6240758,6.1283317,-2.4867768,5.4074154,-4.282386,4.3871837,-9.653202,4.6761565,-1.342105,5.0300317,0.14638385,6.9201226,3.7282507,10.347007,5.2857785,9.978527,1.2080821,6.2331142,-2.3039155,6.876552,-4.125619,6.5723357,-1.8161486,5.551088,1.2358323,6.4822097,0.53679985,0.6135939,0.2231736,0.1546867,0.1213962,0.22342628,0.25310838,0.25966057,0.28272757,0.19466352,0.37551668,0.19446544,1170.1422672261847,220.5842733661566,1595.6359965659155,229.6935974576805,2360.427393485149,487.7458802548013,16.168286573689105,17.31314661844505,23.35135039248128,21.852029985614944,20.726873299870483,20.627375290379785,16.097394846633865,0.049492898002128485,0.014757405439662058,0.007965068,0.004078957,107.666015625
genres_original\classical\classical.00051.wav,classical,-230.27237,168.08978,119.15338,33.985756,-1.0512242,32.913143,28.384487,9.796866,10.00878,11.764702,16.125822,8.610858,4.793946,8.146455,6.1923785,6.004945,0.9515956,5.8338685,5.9151874,6.395125,-1.1755236,7.44102,3.5739167,6.3330317,-2.0996544,6.2711515,-0.90729177,5.8398533,-1.8530504,5.386042,-0.0061340802,6.264855,-2.7977016,5.974557,2.3327787,6.4131846,-1.4417098,8.147443,2.7387938,7.8027687,0.3750729,0.3982393,0.49174514,0.41076028,0.45233423,0.3230753,0.40875876,0.40376154,0.28654385,0.33962044,0.31262526,0.3749491,1527.645526264714,482.0758212352385,2079.667989385167,442.93162013164726,3220.8305240784634,1235.0591897737131,17.510949802768184,16.421265723226014,17.349715821554568,16.584793244082725,17.040906527772304,16.553706790012782,16.57041621032695,0.06010507872968266,0.04002613091891299,0.08052824,0.05630094,135.99917763157896
genres_original\classical\classical.00052.wav,classical,-186.42809,97.67837,86.65457,30.494738,-15.711973,24.35168,14.741793,10.513693,-2.215898,9.936602,6.271489,10.112263,-0.8879223,6.2925115,0.66504693,7.085171,-6.0883217,10.959652,-5.2136736,13.525153,-7.8659334,12.478253,-1.7187313,9.298866,-4.7045016,10.111993,-2.0543664,9.914572,1.4163774,7.5184517,2.7643516,8.00795,3.301296,7.798881,3.110024,11.550343,-4.4082932,8.842999,-5.0353703,8.011611,0.44530797,0.34236497,0.38347164,0.3520689,0.39714238,0.3935496,0.33796588,0.33132723,0.30986398,0.46075946,0.5092943,0.39324066,2411.9327529379098,649.0895646716789,2436.324834166332,446.7857665205746,4994.561465236794,1484.226326582936,18.927755248887486,13.767395687532092,17.48172120571055,18.89504610046874,20.209590579815096,19.02280489478049,18.995822108141645,0.12697013169988391,0.04829672070558114,0.05548111,0.035853125,161.4990234375
genres_original\classical\classical.00053.wav,classical,-119.304375,69.17158,149.57779,30.34484,-43.31768,15.380595,24.636248,11.208684,-5.609388,10.697908,10.784379,7.97664,-2.8926942,8.324081,0.7833024,6.416741,-6.5456386,6.7983465,4.388039,5.9120917,-1.2940494,6.2541656,1.3600912,6.5415225,-1.0813606,5.5145016,-2.439028,6.0947547,-1.9371481,6.32125,1.2953312,6.09502,-1.3851025,6.022693,1.0407941,5.9608903,-5.6063,5.995364,-1.9899353,5.149835,0.18142457,0.25115836,0.65437037,0.24085347,0.22762851,0.28136855,0.31636232,0.53844875,0.22165927,0.32336265,0.22502169,0.19489378,1465.595382672086,341.42284973894107,1554.8186019545137,308.3245468378736,2749.3833748548764,764.4637144303014,18.21875722715034,16.61905440968659,20.303333986721093,21.52052692999263,23.56303228470234,22.475739776887583,20.347213380928032,0.0879189694998065,0.023161765649490348,0.13980983,0.054742787,215.33203125
genres_original\classical\classical.00054.wav,classical,-106.22088,60.306873,127.37078,27.178297,-45.286133,16.46365,31.277216,12.553715,4.305441,20.884369,-5.068433,10.766384,-16.129375,15.84761,14.690696,17.37644,-7.9120975,11.69471,-1.2216625,16.753424,2.9819393,18.008574,17.464767,17.253351,-4.0720086,16.215317,1.7858331,11.168532,0.59456587,14.096419,4.6090927,11.1383,-9.991413,8.99639,-3.3419795,8.197715,-3.1053746,8.020921,1.9085141,8.155529,0.5081602,0.5083848,0.48933095,0.36999947,0.28508845,0.27867806,0.21047312,0.25046664,0.2114448,0.21122591,0.23835234,0.2723322,1712.466255822982,331.59479339003,1607.5252142235886,222.75058787556324,2833.499532882643,633.7709386120484,17.889480008812914,15.718710279118056,21.12199674068272,21.432027967816204,21.980159505401147,19.2332024904059,34.68620417720539,0.11627820844620743,0.037706937818910005,0.17533353,0.04645984,95.703125
genres_original\classical\classical.00055.wav,classical,-484.0267,67.17221,144.12991,40.28454,1.3964738,21.88759,8.07553,11.581207,4.933926,10.759542,-2.3170042,7.502872,-2.7469437,6.861934,-6.8448114,6.5629973,-10.147137,7.6495905,-8.056599,8.592766,-7.1516705,7.7455544,-10.563926,8.140018,-7.7874312,10.73989,-2.953303,11.102303,-0.26718092,8.575427,4.2853794,12.3183565,5.3024387,14.194554,0.19885665,13.012353,-4.5307984,13.049363,-1.8802834,16.678589,0.09572726,0.24059407,0.11918496,0.2918278,0.27498436,0.10078281,0.17061424,0.09200789,0.25933203,0.2917189,0.124690935,0.17628136,1079.9035739320498,382.2602507167906,1389.265570149217,424.7485596424717,1764.9809940680632,838.9628303367709,17.110161618068595,21.3130101972845,27.23790050932357,28.06311364497019,25.018233981454365,20.988118280755614,15.94882750950184,0.059341288941563465,0.022818711278692897,0.0130498,0.010620829,78.30255681818181
genres_original\classical\classical.00056.wav,classical,-81.13433,52.11852,129.09853,19.35082,-42.534824,11.768621,33.17631,10.785626,5.6636167,10.065049,-6.4022493,9.877772,-2.2610986,9.739526,7.3734436,9.345614,-18.71801,8.042648,2.4979706,6.6832776,3.7862806,8.568946,1.9323547,6.9120717,-10.066779,7.67932,0.9437217,6.078082,-3.569819,6.171329,-6.166297,6.246417,-8.030749,5.980529,3.7742705,6.256695,-5.029473,5.915444,-0.85415226,6.8878436,0.16565242,0.20651047,0.690809,0.30299273,0.27772546,0.18376523,0.3261542,0.6204926,0.27906543,0.28397843,0.15213944,0.26522303,1680.101088819283,306.6915082171124,1706.9703104342384,230.3214942909421,3077.8397220576144,608.6366387180494,20.00253580704381,19.26452674809542,22.702597543741536,22.090212297881205,20.672671843385675,22.681863227201344,20.18628478442997,0.09672579455301858,0.02628483352505931,0.1898476,0.060378224,95.703125
genres_original\classical\classical.00057.wav,classical,-367.15607,94.207306,112.80696,37.93874,-18.747368,19.766811,10.16273,15.1399765,-1.6047246,9.945834,3.8029535,8.345478,0.9223538,8.432385,5.067149,9.078248,-5.3725705,13.131615,-9.522553,12.845863,-8.495645,9.46493,-1.7838284,10.102591,1.2991321,13.360965,-3.8675706,10.86271,-2.641309,11.699647,-1.0574461,10.092693,-1.2753584,7.4858847,-2.50518,9.858107,-2.569393,14.455173,-4.0697613,12.332267,0.39473057,0.21220167,0.36833254,0.2034486,0.210901,0.23700254,0.14323525,0.30492654,0.20854442,0.24797498,0.30798542,0.206914,1751.7302668488421,623.2305550134545,1930.4928791166583,426.6465856884296,3236.6554283874325,1427.3778536012207,16.32110282333428,17.280627263462442,22.300405487184243,24.919139793547387,23.999458714117964,20.673772138817593,18.155621426865387,0.09525792738970588,0.04080153757116091,0.016770324,0.009566412,107.666015625
genres_original\classical\classical.00058.wav,classical,-349.95245,41.93541,161.85112,18.338339,-3.3711889,16.414099,14.167044,8.709032,5.733972,7.504628,3.5160558,7.5594325,2.9774911,7.5453176,-7.090642,8.539815,-7.9175324,9.786611,-0.36460108,12.830284,2.8495579,10.13675,-2.4810457,9.863011,-6.7919483,11.943971,-8.835341,9.134253,-6.662253,9.656652,-4.9016824,9.185065,0.09311981,9.685603,4.2603326,11.947491,5.0968914,8.975263,2.6105819,11.714966,0.2588939,0.15513985,0.4033351,0.14622836,0.3598464,0.41566506,0.22014861,0.37764323,0.17055765,0.37423655,0.11168456,0.19519132,1137.9529528789749,183.55103393997462,1480.584417430825,252.0302677213133,1821.2139873681792,469.4563219368383,29.22826855366288,18.495751968704127,24.990243008948116,27.99558483391098,28.119155879579726,23.607369818546463,15.267909136339584,0.08186836360777863,0.02628212605128485,0.029987613,0.011119149,143.5546875
genres_original\classical\classical.00059.wav,classical,-197.15273,75.00913,137.3531,24.626093,-34.18893,20.408998,25.362162,9.278475,-5.2665973,6.7835107,-2.777788,6.565134,-9.506929,6.0232406,-7.6099863,6.28513,-7.644685,6.96698,-5.6678395,6.499182,-4.3867764,7.236158,-5.4302173,7.1180854,-3.5417912,6.918944,-5.667922,5.8832264,-1.8943717,6.106297,-2.8863933,5.8383403,-3.475987,5.906541,-4.022116,6.956294,-7.300359,7.5719233,-4.2040553,10.402735,0.3331,0.19689222,0.30959803,0.18925622,0.30754066,0.33598715,0.24827401,0.32611793,0.24593937,0.37599033,0.21811645,0.30418834,1551.8652270368914,350.7138232804614,1651.7061355226538,263.11247859702445,2841.9578150699012,661.5827509183385,31.099702285166234,15.578219204132322,19.810624428744436,21.840035749541805,22.871141342155475,22.7127024283635,18.74077415548836,0.09329951141640867,0.03014453469291171,0.069151305,0.035854626,117.45383522727273
genres_original\classical\classical.00060.wav,classical,-166.43155,57.2064,122.135544,26.36772,-32.106792,14.952005,16.685278,7.714169,-5.4006796,6.5668616,-2.4871228,6.609678,-9.832806,5.5066304,-4.9005094,5.58682,-6.974422,6.2397885,-4.571057,6.642788,-6.6684146,7.4014115,-5.497281,6.0499077,-5.3725696,6.478449,-4.9623013,6.4496336,-2.791163,7.3192186,-3.1922195,6.069889,-4.085201,6.1659527,-3.5495975,7.3617277,-4.6303477,7.0876446,-1.165406,7.89202,0.40976605,0.22988565,0.28202838,0.2153586,0.31852287,0.33988664,0.26598987,0.38274014,0.24949649,0.34075186,0.23353359,0.39522922,1803.525958968436,418.47961876831687,1898.0267311684952,354.2085521928877,3366.3129776993032,930.0928984146143,30.78904742289209,15.236303130821423,19.094321293459043,20.454294058244248,21.47194063188768,21.377591959582404,18.53397466178512,0.10401637782991487,0.03171899577332348,0.0687404,0.026964271,123.046875
genres_original\classical\classical.00061.wav,classical,-274.38638,85.82857,148.3534,26.263617,-20.334354,24.899845,21.812437,9.672348,7.930837,13.786191,3.7759368,10.110924,-2.232816,7.241384,-6.1013494,8.354999,-5.629294,7.0149813,-6.689498,7.3774633,-5.906605,8.618488,-4.5949993,9.376488,-1.5465236,9.193402,-3.0266495,10.591995,-4.695847,11.221551,-7.7213106,9.218585,-7.2142706,10.160521,-5.40659,9.08233,-5.2479424,9.609445,-5.2739983,9.355764,0.47097498,0.21900254,0.31081396,0.19041497,0.3167175,0.2058132,0.20139425,0.3942364,0.23731612,0.37750956,0.17266713,0.28416437,1322.6998486991345,458.9607680657917,1591.2842180370199,457.6126892363544,2474.968367538216,1143.1499219376196,32.79274981984298,16.232992570920292,22.73697271247365,24.39988269176652,24.344458220240934,21.694151675170016,16.781345810992036,0.07612614587364551,0.027809245768006655,0.048178677,0.030193407,151.99908088235293
genres_original\classical\classical.00062.wav,classical,-305.4226,139.76178,135.9234,32.486618,-11.752712,21.471775,18.215021,10.405194,10.38905,12.172965,3.0129585,7.847431,-5.5959153,9.335309,0.14172545,6.6077433,-1.3495618,7.308969,-1.8677533,5.795377,-3.2052636,7.0717645,-6.742522,6.7243137,-2.6944177,7.745543,-5.5971813,5.440296,-4.5236397,5.565355,-4.7845087,6.088061,-5.3687053,7.485321,-2.6217136,6.591617,-5.8361917,6.5713406,-6.929955,6.90261,0.434065,0.26032624,0.33326462,0.21791936,0.24300987,0.45379826,0.33212298,0.30205792,0.21611907,0.36766884,0.384694,0.29847303,1474.8137600109778,668.0644773330388,1813.3646552075554,514.9681571272532,2809.8330093242066,1636.5689218836008,29.37881886246671,16.08473859906422,20.082165009763795,22.059401649013736,21.803310133822364,19.74317178063102,15.709353939083549,0.07404603751451239,0.03514638407929262,0.0389268,0.03617834,89.10290948275862
genres_original\classical\classical.00063.wav,classical,-465.86432,38.549152,180.2054,20.848518,56.636234,17.96019,11.02556,11.725822,5.8447804,6.995511,0.7319184,6.9536595,-3.974208,6.6311407,-5.888048,6.5821767,-8.464273,6.545193,-9.792967,6.4450116,-7.6927004,7.047359,-3.2534184,6.7252936,-1.8652483,7.139607,-4.019154,7.930917,-4.1090255,8.619422,-2.469733,9.142865,-2.3577726,8.08487,-2.9964194,7.485408,-3.223165,7.7240977,-1.7109013,6.032907,0.2563801,0.17722248,0.25013658,0.16080023,0.17695174,0.45994526,0.19207595,0.13119672,0.120417334,0.18346281,0.37709382,0.235276,690.354003458877,89.2063502868016,1358.3864436297902,279.2519333363355,749.5288010352167,121.68623280578541,16.752297909106648,19.085622964909756,25.99641520157031,25.09118353675607,22.38717054017786,15.703107273919423,13.503183049143232,0.036054203753869966,0.0066329535752611924,0.020152481,0.013462424,95.703125
genres_original\classical\classical.00064.wav,classical,-498.68024,67.73988,145.66777,30.076118,46.47074,28.604969,15.253132,15.244345,3.067774,9.662045,-0.825745,9.284138,-5.210668,9.019142,-6.1987042,7.9132247,-3.8057752,8.626589,0.08864204,10.265799,2.7183185,9.32981,2.2182076,7.650922,0.24392757,8.678639,-0.45965174,7.719748,-0.87284714,6.6636634,0.58734024,6.2841673,3.2759447,7.389377,2.2999613,6.789772,-2.5685794,6.1672397,-4.8113203,7.0342555,0.1322881,0.21326418,0.11767271,0.31515542,0.1968543,0.056659818,0.10438923,0.19398187,0.60182726,0.26636112,0.070384584,0.11831063,1118.5116673005261,308.13886508439464,1945.0334998903515,567.2109308150236,1876.2136547927148,1363.871165980991,16.09679438966806,19.911969648775116,25.275709681188175,26.046926471738306,21.077762217227537,15.748994241820851,13.798774407330317,0.04229906395123839,0.012412360354917716,0.012561125,0.013867905,89.10290948275862
genres_original\classical\classical.00065.wav,classical,-421.71588,69.635025,172.793,25.069345,28.108295,32.159943,-2.576975,13.275838,-3.565678,10.817615,-4.865174,9.681496,-8.889884,10.35953,-10.696762,10.928993,-7.6852007,10.234219,-7.9576297,10.010066,-7.334867,11.270849,-2.7171748,13.523867,-0.9175328,12.840618,-4.206839,9.178051,-8.41539,7.705129,-8.393858,7.655211,-4.1280904,8.049355,-0.41836646,7.395969,0.08662483,8.906949,-0.2605472,11.601201,0.16359423,0.35692477,0.49000946,0.28249216,0.13819858,0.17700398,0.1876045,0.11599467,0.090882406,0.15327978,0.18015467,0.15018739,828.825494001674,121.64715859045253,1326.0473265268795,334.29670364324636,1013.5772043706463,274.85492534245793,15.674579694476778,19.482898255966383,22.818403706586267,25.06910726279752,23.667176820797483,17.710565248597703,14.090786497165151,0.047511806428986066,0.014663807634009174,0.029191138,0.02243356,123.046875
genres_original\classical\classical.00066.wav,classical,-429.35043,64.98822,175.13577,29.929533,31.91132,27.663727,4.2821155,12.217208,1.0457516,9.727638,-5.7668777,8.198855,-9.477815,8.138007,-11.283073,8.841019,-10.581981,7.9849615,-8.664747,8.534219,-6.3338895,10.334399,-1.6819392,11.005221,0.81892645,11.698726,-0.18230256,10.000553,0.035870627,11.003347,0.20540494,11.247523,-1.8460841,8.893315,-4.415224,8.415873,-4.967983,8.576895,-4.601114,9.433472,0.2721918,0.1610968,0.20583238,0.18325247,0.06995348,0.099701114,0.105998725,0.28327876,0.18796785,0.12434548,0.32101053,0.23043045,795.1394730921795,186.369878203288,1296.159317588266,351.98821422991506,1007.5022411051181,497.8865489310672,16.495299661090208,18.56924161198718,26.64820246293368,25.92367187894161,24.96091693335883,18.614439239139507,14.0285844728887,0.04503222958591331,0.009674421185234575,0.03171597,0.023293355,135.99917763157896
genres_original\classical\classical.00067.wav,classical,-413.57153,107.40965,143.4208,47.8512,31.354317,37.34424,14.031839,13.529726,1.528158,12.927327,-2.2939954,9.753758,-6.4803367,10.406727,-8.104998,10.825286,-5.9279113,8.587626,-4.468454,8.608446,-2.7899303,7.9320245,-0.81487507,7.211982,-1.2128332,8.468843,-2.3862698,10.030413,-3.8151693,9.037895,-3.519501,6.675013,-2.7149518,5.6349545,-2.386343,6.7596464,0.62112314,7.731711,2.6633341,8.081572,0.42254043,0.23194692,0.29707193,0.2117737,0.3842248,0.31580493,0.17658596,0.324356,0.1634274,0.124909155,0.16929397,0.38813537,1117.9494607534948,675.7249815154298,1702.2297462979457,760.0087138472364,1993.387946255805,2045.8663162714845,15.49289104810602,18.494579312421124,23.369457813245514,23.808431972099502,21.758484016116757,18.063492747284258,14.736224141316834,0.046355350836880804,0.01652557912855383,0.031677265,0.03648887,143.5546875
genres_original\classical\classical.00068.wav,classical,-234.41783,63.37788,130.25517,16.013742,-39.531147,11.08876,19.335638,7.827437,-6.793275,8.212188,-5.1301126,6.2829037,-3.707368,7.026742,-4.0360165,8.48681,-5.071877,10.53606,-1.3683323,6.5005894,-7.73577,8.486792,-4.382001,9.135136,0.46520522,9.6909485,0.78497344,9.860207,5.4507375,9.956787,8.774231,10.061877,7.0391765,8.135521,2.4160001,9.788584,-2.3088343,9.8713255,-0.24569996,10.490412,0.4167695,0.12567219,0.15850118,0.08215906,0.29507533,0.52761555,0.1522954,0.28865665,0.14428468,0.3983721,0.3306687,0.16738792,1559.8986812117996,234.31515895873875,1616.1274908762382,215.4309472462911,2812.9663237108166,490.97952882192897,17.82293097856079,19.995354815816565,24.370626746532597,26.506910972814236,24.054825933902663,23.551447020835663,18.883993581656476,0.09520237217008513,0.01843989100138561,0.057378534,0.029722208,83.35433467741936
genres_original\classical\classical.00069.wav,classical,-321.1795,41.99681,136.29668,16.868378,-28.299364,14.048756,31.01146,10.074852,0.5664155,7.3672333,0.23202676,8.384081,0.65548545,7.3493686,-1.3426684,6.84033,-0.057697095,6.9206066,-0.42475155,7.8381524,-6.1809053,8.201573,-0.14451802,8.476526,-0.45611724,9.671109,-0.73062974,7.9701715,7.474552,9.94528,10.973124,12.619297,7.8342543,13.620117,4.3253202,10.448072,2.9853892,10.342774,5.849007,10.222704,0.39428616,0.1245845,0.1789648,0.074943356,0.23662895,0.43130153,0.15175024,0.29236802,0.11967017,0.34636107,0.32868555,0.16072324,1349.5963387962488,203.77122345460705,1523.0865015769245,186.45370103990766,2443.718556501548,399.5778295376946,16.66392875830186,20.09987295933669,26.813827980349338,28.041573986075555,25.035876129488702,23.836978983866544,18.743791680323355,0.079280321812113,0.020982316154346026,0.029149206,0.012187736,69.83741554054055
genres_original\classical\classical.00070.wav,classical,-321.19263,84.754776,134.53426,23.95472,-18.23528,18.508823,22.17988,9.200348,0.429541,9.115321,-3.805615,7.3437247,0.49535307,7.006907,-1.1447424,7.3808823,-1.9025488,8.687014,-0.10540186,9.053721,-2.7555182,8.149285,0.5932069,10.283618,2.4970193,8.888767,0.30708185,7.819336,1.6812915,7.9513717,2.8881428,7.8619742,2.0844862,8.480181,1.1636721,7.072475,-2.3936887,6.842188,-3.407903,9.919305,0.24016502,0.18247914,0.25182086,0.16887781,0.2125253,0.27169442,0.14158554,0.21744502,0.22609742,0.54008985,0.31467742,0.16349135,1355.999780696475,298.01405109594117,1615.8946768160638,271.7605035904826,2522.8430780463914,612.9043866417256,17.10595289901921,19.219748385848554,23.28945869910467,24.186453970966657,23.78362537073696,23.16116684391798,18.282210907278166,0.07085595854295666,0.023769307352814645,0.031904,0.02620659,161.4990234375
genres_original\classical\classical.00071.wav,classical,-269.69882,70.4567,136.47507,20.19409,-25.00176,14.961593,26.395002,8.970952,0.6870048,8.381132,-5.3817058,5.4802904,-1.1201948,7.180627,-1.5102575,10.072043,-0.16106214,9.603159,-3.7851603,8.028975,-9.28722,9.03471,-3.1484406,9.7180395,1.6416065,9.790772,0.67547286,10.926349,1.8981233,10.814892,2.2316875,9.784349,-2.1227548,9.30574,-3.6631794,7.7527957,-1.0772648,9.401556,3.5317945,12.849669,0.46530303,0.192486,0.17307097,0.10423215,0.18461297,0.29413238,0.12555908,0.19328167,0.094733804,0.20329984,0.22883752,0.23829776,1396.7861186062223,270.31471985197777,1574.0882214689257,222.977012121375,2615.034187246033,522.1648479117981,16.11502851060107,18.11058569789694,24.138355798938957,24.023752825478734,22.96201645940801,23.525970411956052,18.687730613083364,0.07585706208881579,0.023570522487004263,0.05169907,0.039893553,143.5546875
genres_original\classical\classical.00072.wav,classical,-360.83704,82.25546,138.98073,28.993984,-12.931411,14.175501,33.80207,9.102297,7.5938,7.564069,-1.7090735,5.945145,1.0358475,6.131584,4.07697,5.780923,3.9310114,7.3833046,0.9335502,9.922815,0.5041116,13.258036,4.682116,12.894903,3.340199,8.769201,-2.2543888,7.9488163,-1.8542651,8.631607,2.2155046,7.1460276,1.7880183,7.9938216,-1.5159183,7.440508,-3.251121,8.758908,3.9964302,10.087966,0.314574,0.19967668,0.3202347,0.2661829,0.24991147,0.4722202,0.21978207,0.175759,0.15546344,0.33544025,0.40430915,0.23974957,1285.1523138296154,358.7152698774204,1660.0260788422988,268.34589240306605,2477.143354386368,680.3022716832585,18.318130488730812,18.45275084646276,23.25446367719328,23.107680869014626,23.77295788715917,22.627737281704924,17.44444110938206,0.06374980347813468,0.028602283440733588,0.020721398,0.01419566,117.45383522727273
genres_original\classical\classical.00073.wav,classical,-306.78555,75.52226,152.90353,25.932365,-27.586826,18.663315,16.319193,15.20308,-3.155099,13.280631,-8.931759,10.224153,-5.4318347,8.64158,-9.781289,9.31545,-7.1121745,8.618426,0.29346594,7.973286,0.8718292,11.993125,5.4160614,14.103358,8.195814,13.199363,4.202757,11.427993,2.0560663,9.170062,3.0276265,9.114084,-0.3908749,8.259221,-2.8138077,8.151732,-2.9029148,10.109882,1.3315636,12.375188,0.42949528,0.15248896,0.28614482,0.15260027,0.1939338,0.4607459,0.14132877,0.118594564,0.061451986,0.18994679,0.24284726,0.16634916,1211.3527919075634,323.9495737065192,1337.8952917810352,303.23229238583195,2104.7456062246033,667.846613746307,17.172133295413698,19.189181811734393,24.37360744815944,24.59969727839163,24.23045752381726,23.56196998818413,17.479920800408227,0.07093910240905572,0.022189483476095694,0.043812327,0.023809152,129.19921875
genres_original\classical\classical.00074.wav,classical,-289.8248,84.771545,143.90315,21.011961,-26.996418,11.494019,24.067621,8.367143,-1.1449989,8.050723,-6.2989807,8.293493,-2.7494168,6.3201427,-3.5280802,6.172045,-3.0203989,8.153153,-3.1464949,7.5811677,-7.256325,6.8418164,-1.6778028,7.3964934,3.0785978,8.472772,2.680053,8.599718,2.5299103,7.7527256,4.6131744,7.961812,2.374803,7.395577,-1.2788943,6.712752,-3.5456932,8.649578,-2.806715,10.352289,0.27739778,0.13734086,0.30272034,0.14736451,0.21253076,0.44993496,0.1475353,0.13911729,0.100378975,0.31582102,0.43945184,0.17932776,1360.0001055902917,296.75287431380366,1572.5229886349002,241.56144700597025,2568.7761336288218,598.7363445864434,17.952705418952856,18.59004379532459,22.09042119534739,22.206150620502232,21.48063010740994,22.559824917226866,18.208451328782854,0.07211672189434984,0.022112688936024073,0.037271157,0.026768878,161.4990234375
genres_original\classical\classical.00075.wav,classical,-412.95926,61.39418,138.51984,28.279606,-19.262383,16.351915,34.14668,8.580563,8.975064,9.024975,-4.2944713,6.0024595,4.152583,7.503428,0.88195044,7.6052313,3.0793786,7.0720043,0.12249633,8.500025,-4.057185,11.207878,3.7797232,11.098069,5.9170036,12.635534,3.4958463,14.220447,6.631978,13.5052185,6.7447453,10.674485,2.4679754,12.591404,-1.8811083,14.164076,-0.05864588,11.14384,2.7300158,11.373656,0.53589445,0.26084366,0.06875687,0.09138051,0.17037946,0.26330125,0.12949197,0.24329133,0.220368,0.113881186,0.23377618,0.2774731,1171.8444805151357,284.7026601446971,1467.2055609007757,195.97901892267438,2235.9864792956655,568.2076223314386,19.038452165361,21.03772537277397,28.346472543242385,26.20970190624922,24.452229896071003,23.334571951415693,16.42229184281556,0.0608847414376935,0.025786267477004098,0.016478458,0.009989277,117.45383522727273
genres_original\classical\classical.00076.wav,classical,-238.59634,73.950676,149.78308,23.749903,-28.872143,13.249539,28.239666,8.886808,-0.80140465,8.031623,-3.9247715,5.4540524,-2.135668,5.738,-4.334019,5.411198,-4.187281,5.7326746,-3.438998,5.8752847,-5.7715425,7.3474827,-0.12075097,9.174289,2.5199795,9.930978,0.6888363,8.428025,0.07483973,8.46986,1.7069906,6.553,0.6496946,6.3329654,1.465943,7.829489,-1.8280259,8.466527,-6.239791,9.112043,0.30526057,0.23003532,0.20068727,0.4150305,0.16568705,0.18385339,0.11607297,0.34255087,0.39286345,0.20949708,0.36706972,0.19690026,1340.3686109090386,267.506975760404,1539.119153209508,223.16655629193508,2522.134748996227,509.11250892056313,17.11074118007944,18.154096198429006,22.525528142266467,22.28581636299675,22.133820637995434,22.532042166910355,18.01305715549856,0.07171347414376934,0.022655462261553693,0.05884206,0.03754213,172.265625
genres_original\classical\classical.00077.wav,classical,-477.97784,92.71363,155.31071,38.828705,12.760653,28.30201,5.525207,15.163919,2.377073,9.798439,-10.652258,10.863765,-16.648241,9.100839,-12.547405,10.276101,-11.190111,13.140334,-9.378249,11.487207,-3.21803,8.131529,-2.767349,10.945721,-6.4684463,9.505673,-8.300397,8.226942,-7.093545,8.347967,-7.4725733,7.8983126,-5.3243637,9.927375,1.2635611,11.296059,1.8797901,8.443593,-1.6579896,9.126318,0.17473452,0.09401333,0.28303465,0.4026802,0.19130124,0.3291451,0.1986751,0.19244291,0.27531818,0.16436934,0.15880819,0.16388093,811.9966754623425,224.49742408834263,1009.4095310881751,272.8306690212622,1236.3091908741292,513.292641837291,15.356780602901594,19.84190512749045,24.888799929045042,24.703687101926644,23.603028046814792,20.468531198641745,16.700543079961317,0.04834475679663313,0.015943550691569632,0.016752148,0.017732562,161.4990234375
genres_original\classical\classical.00078.wav,classical,-552.1063,40.582542,173.36296,25.859636,26.35445,14.174655,14.122476,8.451181,7.259276,6.8003206,-7.084969,7.44061,-5.859201,7.516487,-10.342716,5.9911366,-11.022791,7.7435236,-9.200838,7.3392897,-8.827268,8.623216,-4.9302998,10.006458,-3.6547005,7.9136477,-4.282815,8.2452965,-3.4607012,7.445104,-4.82143,6.763002,-5.679628,8.221512,-6.546866,7.189088,-8.206827,6.9015107,-6.4508395,7.6505527,0.25686595,0.2331199,0.18223111,0.40229338,0.15897276,0.13768394,0.10124715,0.29532972,0.40327504,0.19807774,0.21308987,0.11962089,715.477296116991,209.58523667028243,1030.6024311736685,282.8501822664912,1037.702058490954,553.0597138999855,16.53445362808551,18.979171202338257,26.06686020784042,23.550741675194633,20.964651552826528,17.921293915125553,14.760672412862082,0.04129340109810371,0.010510062190732826,0.006631079,0.004403584,67.99958881578948
genres_original\classical\classical.00079.wav,classical,-437.52524,63.85527,170.9714,28.69524,7.386171,25.683376,-3.108705,11.245579,0.7773015,11.724911,-11.135056,11.463842,-12.523806,11.065164,-6.900927,10.545816,-5.8500524,13.924883,-8.45572,11.248718,-8.472509,12.618786,-8.329373,14.729175,-7.3738,11.227196,-6.733424,9.659445,-6.0883675,8.296541,-7.0600677,9.169065,-6.652507,10.069938,-4.2910237,8.550523,-4.3992434,7.736818,-4.915998,10.143131,0.12176548,0.10357941,0.30335587,0.35567892,0.12747459,0.19534324,0.14056402,0.18211527,0.28738648,0.22788413,0.40851086,0.15907444,790.4782247441893,180.00795431633966,899.9797791776052,209.76648737004749,1159.4013225921537,377.8450163725778,14.760773164377314,17.163138442815566,22.316001421766234,24.300665493997624,24.127296718119425,21.648793354361594,17.47977414769075,0.05211230771091331,0.019085273800894753,0.01884352,0.012051326,143.5546875
genres_original\classical\classical.00080.wav,classical,-549.6238,87.91725,156.95287,39.011806,6.6107097,23.346876,34.415283,8.6579485,13.258632,8.037953,5.755012,8.443401,5.0514054,9.024745,-3.0009751,8.612783,2.0665762,7.3138666,3.0773382,5.532987,2.016796,6.5534306,3.2401438,5.530004,5.6662607,4.157429,5.7039456,4.1418066,3.6319153,3.9256933,4.0980306,3.7916064,4.3342586,3.721153,3.3654845,3.9357123,2.628941,4.5370483,1.6571872,4.870163,0.36730337,0.3342831,0.39524266,0.48154774,0.4932615,0.38551736,0.55626845,0.5251987,0.2923735,0.2727929,0.5734611,0.57930773,973.5547961720958,307.0071678528797,1617.4354313658503,455.3998610414725,1911.3134425491003,1025.5866701468772,15.992384806581791,16.603788289178894,21.0750018216416,16.91316008228707,16.67965578021434,17.06147275061092,14.02682832644169,0.031537602191369966,0.01124487629262521,0.0052696657,0.0054506175,143.5546875
genres_original\classical\classical.00081.wav,classical,-374.73544,55.63728,153.82092,24.244442,-21.55533,15.040617,20.830206,9.685559,7.003569,8.237532,-3.9481635,8.295179,-2.52159,10.105411,-2.8035054,7.8264117,-4.2827654,8.202738,-4.4998736,7.6913214,-5.7614007,7.016578,-4.259625,5.964802,-3.8435433,6.982281,-4.5857606,7.057519,-3.6389863,6.6480193,-2.2903485,6.8419123,-3.1275449,7.395206,-0.21475933,8.185386,2.6295164,8.7059145,1.817537,10.137964,0.16070998,0.3596553,0.41993695,0.22230473,0.34362233,0.218636,0.36222535,0.22203758,0.20798513,0.24850778,0.15748787,0.27898723,1214.3345474841,288.5132907355269,1540.2928528466757,234.12379556294678,2164.4285786631676,565.1323409327065,19.445397825571998,19.31978040151785,22.539399194006997,23.75820156322578,22.739800872718433,21.286528238664626,15.970625382151468,0.06055896865325077,0.020827313620755298,0.016512703,0.0070088822,151.99908088235293
genres_original\classical\classical.00082.wav,classical,-264.05682,54.07283,142.12022,33.107914,-51.35426,18.642967,5.0189214,10.889715,-20.266205,11.308123,-17.137808,9.643684,-16.06992,9.636476,-20.311367,9.018207,-15.042228,10.283143,-9.738146,8.267569,-8.402028,8.286581,-11.775308,10.985541,-6.8804574,8.92446,-4.6050215,8.701521,-2.0530012,8.16306,-2.3747227,9.955838,0.9640727,7.6962776,3.0177257,9.596641,1.3792968,11.333521,5.554171,9.663466,0.22400087,0.17009869,0.27082682,0.22453606,0.28992242,0.31686252,0.33061308,0.38744292,0.28884444,0.3238359,0.3151533,0.25046444,1415.311188046843,344.8888845649872,1449.1088964498642,256.2122918383716,2489.984943401703,658.9583469513763,19.719964924750204,21.51231108723174,22.244216238882238,23.544947146512335,25.573314642956646,25.99608114019026,19.77480250812077,0.08737929022349071,0.03117456608626121,0.04296314,0.0147623,117.45383522727273
genres_original\classical\classical.00083.wav,classical,-338.7873,61.9525,190.10437,21.263166,-16.304815,26.060709,3.704449,11.949527,-0.44790432,9.711229,-8.884474,7.0426297,-10.400301,6.1599584,-16.36604,7.3413644,-13.285849,6.036081,-10.799826,7.401782,-8.649679,6.8019056,-8.285074,7.4849386,-4.6188025,6.4352717,-3.792578,6.160493,-4.5501957,8.366582,-3.6639328,11.319819,-0.9426807,11.424025,0.53896534,8.536366,-0.26442826,6.5176454,-1.564177,7.87211,0.5076874,0.17888796,0.19513723,0.08816951,0.22353691,0.4096914,0.14107178,0.21645844,0.15860382,0.4756842,0.2028046,0.13797516,853.4404819807713,146.232129757217,998.610274713463,168.08979834150333,1401.899856236697,314.5131794091794,19.917541838133822,20.07159251056802,25.722058595895238,25.344218277075782,26.33911850604528,22.07875675237665,16.305335040792894,0.05079296572658669,0.01080585346299701,0.041872445,0.021725154,117.45383522727273
genres_original\classical\classical.00084.wav,classical,-369.13687,76.08087,171.89467,15.063888,-27.26967,24.041046,6.017667,13.190881,-0.14046438,16.66759,-10.669237,10.71125,-11.915659,8.756397,-10.193319,6.8626175,-11.368732,7.803773,-10.511279,6.6364946,-8.377621,6.039825,-9.789241,6.4139223,-5.0547614,6.7362595,-5.081166,8.531062,-3.0338256,7.3178835,-1.7272464,7.066574,-1.8499658,7.712497,-2.2594447,7.0946236,-1.2759857,8.142731,-0.43458486,7.197154,0.2302116,0.14386721,0.20854345,0.15709436,0.11341267,0.21162063,0.18951307,0.5901241,0.29079577,0.19030242,0.43354633,0.18646309,1002.3644432557223,158.78139731884477,1152.462681781211,154.7170020441443,1733.6895166166796,312.4731904126374,19.869066947998295,18.810409291043555,24.007202629488503,22.90185228242788,23.6864202591386,22.325243571790516,17.12288161516835,0.05794825125773994,0.013362718269365801,0.021968717,0.013925985,112.34714673913044
genres_original\classical\classical.00085.wav,classical,-246.21837,76.47038,149.44388,38.459652,-41.973816,15.513178,11.606411,9.869555,-10.287586,7.820534,-4.0184045,7.5594945,-7.1389456,6.770273,-10.137027,8.250062,-9.425965,7.9705067,-7.1766233,7.8564405,-3.1531363,8.821147,-5.6295013,7.830307,-2.5816011,9.699263,-4.5165157,6.6316514,-6.1636004,5.850609,-4.9719005,5.5107393,-3.3493166,6.224218,-3.344111,6.703482,-0.6730955,7.14742,0.21787973,8.896231,0.33705464,0.22709915,0.49949685,0.29690713,0.3628234,0.34920216,0.20812114,0.39186636,0.21881822,0.3208887,0.2974929,0.20590964,1525.6012665401886,459.9420139320247,1588.1610240876316,446.5086577911954,2732.8751413445725,982.7080859487011,17.93896817496274,14.876906585079004,19.220480308314716,20.53355336335516,21.982438786150865,21.66559250789543,17.209604967151527,0.09158788155476007,0.029153492452047302,0.038878046,0.020150715,107.666015625
genres_original\classical\classical.00086.wav,classical,-283.4352,73.45309,159.55325,35.882317,-29.518969,12.832716,18.540627,10.0502405,-9.879667,10.603728,-3.4205968,7.196112,-10.990983,6.643123,-9.78434,6.5829744,-8.296976,5.9657397,-4.2428293,6.578065,-2.8664072,7.3474803,-5.969815,7.8733335,-4.020927,7.90617,-3.3497474,7.4037547,-3.3910906,7.327809,-1.8592801,7.529267,-0.4466217,8.279358,1.8976353,7.507345,-0.110351466,7.683009,-2.8223317,7.0775127,0.19158596,0.16634862,0.34820637,0.4622261,0.23383808,0.40053943,0.20452014,0.42834878,0.45538184,0.2614719,0.42314827,0.16996478,1356.517262209537,469.8985898212608,1495.192128266221,406.93243286408244,2496.8682351127127,1026.9516681001223,19.886112437372553,14.84205200259493,19.441038928114974,20.313172590570783,21.7162276447742,21.371193404108862,18.941322093650005,0.07686121323529412,0.0317573257761655,0.031511255,0.018902013,99.38401442307692
genres_original\classical\classical.00087.wav,classical,-393.0342,71.15457,190.77562,19.565535,-13.312164,24.27389,8.263633,8.786366,1.5518677,8.160263,-11.080791,7.346148,-11.244869,6.6264753,-13.998271,5.8552575,-10.620688,6.9760594,-9.390383,6.48323,-4.6135573,7.214956,-10.067735,7.640175,-4.815257,7.2256007,-1.7492368,7.2914,-4.6786695,6.921234,-2.1273618,7.0786753,1.0223783,7.036057,1.3087287,7.9127502,-0.15664078,8.177368,-1.4133813,8.806859,0.22896495,0.21486308,0.4024886,0.16071233,0.2193304,0.12500182,0.29081878,0.45112717,0.23991361,0.43308762,0.18514173,0.34192798,876.9626952356676,180.58755942797632,1108.6920910513295,230.50019603310903,1457.2911879595588,449.8466324004567,18.7765279276621,18.897384382150012,23.955659989216922,23.704300502162447,24.6636516948099,21.595353634560958,16.437863895546666,0.051046554518188854,0.012577643145683451,0.021436756,0.011239038,123.046875
genres_original\classical\classical.00088.wav,classical,-299.7918,70.340126,157.32382,18.214058,-37.35202,13.975195,15.766813,9.245681,-5.756936,9.204129,-4.4540663,7.4848847,-6.8151827,6.2557235,-10.736592,6.402839,-9.884848,6.914867,-8.157444,7.566148,-5.422234,6.5054426,-7.8400235,7.18944,-2.7306187,6.5664124,-1.1097305,7.401105,1.6480838,8.035735,3.6400812,7.676942,3.083553,8.561616,0.108699925,8.375349,-0.79648507,7.0034246,-2.7367733,6.903972,0.34129453,0.2529215,0.21154611,0.31091988,0.14867634,0.21900965,0.1411849,0.39683047,0.55554986,0.2745469,0.46130645,0.2165003,1302.9045959121115,253.7397279795054,1455.72172901185,221.75705908463044,2347.3024728497485,546.4622406837423,18.266594746451805,15.638857458615027,20.7697926815907,20.53083863745581,21.665901606486255,22.147449676795315,17.22517168006777,0.07053623258513932,0.019884481962873287,0.028229875,0.01521646,103.359375
genres_original\classical\classical.00089.wav,classical,-301.92847,51.179836,57.542442,28.63182,-59.13327,15.927583,33.542343,9.061071,-20.91211,8.502183,17.741282,9.223946,-0.6430504,13.949977,49.023758,19.628746,19.130112,15.4033,27.098505,18.811926,-17.633902,24.301636,-0.26254943,15.812771,-3.7518337,17.016659,18.160437,18.16576,9.950029,11.143163,11.609913,7.2303166,11.278923,7.0418463,15.386705,12.654897,-7.4021535,11.378993,-5.847584,15.481513,0.18490335,0.09342172,0.061236367,0.18328834,0.27507263,0.08941832,0.124279365,0.07527595,0.36874193,0.3404347,0.15641597,0.655418,2423.3992282999484,344.9004033719593,1884.7467025103783,141.52479038405207,4296.815684410071,612.1713859716259,18.201851042398303,12.997340792917747,17.51588318999111,29.199545369402042,28.80529498551556,25.986609775884897,38.050371137710606,0.16668644482875386,0.033537387128836645,0.03511974,0.014913139,99.38401442307692
genres_original\classical\classical.00090.wav,classical,-326.31674,35.382767,85.9087,18.38186,-42.986923,13.055635,31.837812,8.184839,-19.576056,9.003849,9.992609,7.241083,-16.461275,7.5129185,10.00038,7.408611,-8.5993595,9.026343,25.513212,12.877058,6.5387473,11.315484,16.400179,13.15395,3.5028574,13.920413,9.5951805,11.439767,5.922759,12.755239,9.285647,10.996063,9.963878,9.59946,9.19915,10.292213,2.7899363,11.211783,-5.384016,14.516921,0.16772553,0.2869935,0.12965353,0.26353753,0.15776208,0.073386565,0.17544734,0.2269149,0.48706976,0.2738763,0.241922,0.14773376,2172.514738800756,364.63691918121316,1883.3803923812784,204.45715301561447,4066.9587409902283,712.7733869127588,19.70232455426847,18.725884054939765,25.3759061674196,27.169036177829202,28.182645636613323,26.927422447892194,35.782031196558805,0.151986231375774,0.044230951995267456,0.023853911,0.010360611,95.703125
genres_original\classical\classical.00091.wav,classical,-251.3183,56.754288,88.73774,15.145415,-41.7524,12.024441,37.908646,8.119432,-12.024274,10.604412,21.6241,8.932205,-5.8539314,11.35456,25.719711,11.523947,-5.185972,14.603808,14.30118,14.415403,-7.5509515,15.601094,10.46478,14.756512,-4.9288926,15.330521,5.2614264,12.755253,0.29795024,9.498926,3.31159,7.4942474,1.2643408,8.285298,4.76849,10.468053,-2.068245,11.007751,1.137071,13.716538,0.14311524,0.29279009,0.13141301,0.24407968,0.42175382,0.1762977,0.20674346,0.14152165,0.33824354,0.23952945,0.09838603,0.27573553,2192.7057790195913,359.15704985405466,1912.0379428207473,166.37960377517,4066.492077145414,624.4911835124846,17.281824699774013,22.042498803543324,22.564185260416647,26.578205067404884,27.37032509984048,26.19878663350388,38.379622332744454,0.1524378537393576,0.04550773734364496,0.04471866,0.019870678,92.28515625
genres_original\classical\classical.00092.wav,classical,-299.7126,72.4447,103.67623,25.634615,-27.657272,16.983942,51.028336,10.468748,12.27966,12.13802,16.508783,8.342586,-10.941353,9.778187,-0.89493364,11.27478,3.8351672,17.85274,12.960477,14.653674,-12.398089,18.614838,2.4647222,16.311134,5.1784363,15.228694,-0.7386148,13.322174,-0.6141988,8.871493,-1.1869742,9.635388,5.9202952,10.820259,9.812801,13.078053,-2.665085,16.236622,-3.084117,21.384283,0.28995714,0.09248043,0.04283283,0.1281956,0.28126407,0.1258023,0.12646422,0.068402335,0.10203363,0.4002356,0.1795129,0.3363705,1807.4309138096598,471.1292599633114,1438.8246682879553,226.34047815663317,3072.531420822852,801.0748092491094,15.846670523785424,20.431127546893595,24.501971710423895,22.69139419522231,31.932752049150412,27.8229199491712,34.087635369931164,0.13095801385932662,0.058120977988983774,0.08413399,0.037969958,95.703125
genres_original\classical\classical.00093.wav,classical,-207.37747,40.867878,117.60778,14.586975,-41.404255,23.38093,13.253087,12.473793,-1.6882402,8.3205595,15.532319,10.327651,-10.362769,12.659771,-1.8636898,11.902778,-12.762171,9.8021555,7.0103326,11.319539,-0.781369,14.48799,2.0718129,12.6531725,-8.264468,13.632598,-1.4701029,14.2684555,-7.088128,11.037073,0.934685,7.3113155,-5.5392184,9.266032,-8.502519,10.350167,-1.4875588,11.459517,5.380053,12.987468,0.25621524,0.10053312,0.21928854,0.16476284,0.42679593,0.43200052,0.25512332,0.41458172,0.11726975,0.11135346,0.061259124,0.16442148,1623.8299978978253,218.37615870272157,1551.4812346920512,281.0214580180065,2732.100146030863,542.6951616206267,18.11268518008941,17.24189623901791,21.235150759522398,24.94048236275063,25.802953217885307,23.41751414794168,35.811136046542856,0.10825822670762383,0.02937307446938279,0.08248694,0.042354744,135.99917763157896
genres_original\classical\classical.00094.wav,classical,-385.7943,96.80145,128.62302,20.19926,-26.731682,21.295471,39.48326,10.791902,-2.173462,13.165159,16.760435,7.792198,-5.7341957,11.290149,14.724416,8.477178,-3.0906632,11.14741,12.3112545,9.033858,-5.892707,10.035681,2.792582,9.646062,3.6800177,10.757582,10.925795,8.516174,10.535347,8.196314,9.91729,8.549903,6.108796,6.774213,3.5327852,6.646257,-3.3188179,8.1503525,-3.675154,9.201348,0.42616108,0.3349906,0.5315262,0.3251378,0.2012134,0.21861787,0.35243025,0.44692832,0.29529148,0.48474523,0.5489154,0.26122874,1424.1018503760436,326.6031912827423,1697.0207079079705,221.53693097958327,2927.490631197997,700.4116306094677,17.614722124149417,18.150099159258314,22.224898798452532,21.92222373296911,21.795835678595015,21.164996000127726,28.733429701915348,0.07015490458107586,0.035126466239741146,0.013991359,0.009005173,184.5703125
genres_original\classical\classical.00095.wav,classical,-422.60803,82.797035,89.84974,31.83944,-18.716208,20.931747,37.78641,10.435775,6.01675,11.800338,4.1617346,8.914115,-1.9914653,10.302101,12.111292,11.105371,4.1678967,11.379174,13.7912655,12.198589,2.8296854,9.190002,5.886289,10.297292,6.122228,15.750526,8.141636,13.534348,12.356574,11.345161,7.095123,11.686292,2.4118736,11.22769,0.78016424,8.266947,-3.4258897,12.751873,-0.7502803,12.648419,0.293745,0.15837938,0.3564792,0.16857427,0.124939874,0.33645555,0.13233176,0.22108495,0.1783144,0.2248146,0.38083103,0.15476161,1800.6383191622836,534.1424824512771,1780.9021871187188,250.89776785864316,3426.4376141338525,929.9601231527048,17.9639997278051,17.935223156571567,25.42903082848424,25.79675386013823,26.13271107983257,25.31551612529082,30.107838711074237,0.12435714674438854,0.06209782256970734,0.0135638025,0.015148959,86.1328125
genres_original\classical\classical.00096.wav,classical,-203.61938,61.3474,111.205956,30.79597,-51.536655,13.178932,39.48582,8.060453,-10.562026,11.414155,11.9137125,8.005152,-13.181607,9.853265,15.123319,10.38269,-7.2917004,8.51011,13.3770485,10.749892,-7.313064,8.19844,3.840409,10.467495,-3.7820065,9.371239,5.304,8.712542,4.1083336,8.478895,6.6450543,7.0136013,2.9929216,6.324207,3.5416892,7.276075,-3.361932,9.328786,-3.6787825,10.403017,0.21410681,0.36736682,0.59914196,0.25106236,0.22123545,0.17684302,0.21991354,0.2953643,0.2118741,0.4688204,0.29102147,0.19967131,1932.8371720042157,437.58337921322476,1740.233465348138,165.33552793245673,3573.161726913216,673.4319066179766,17.582677225529224,17.469688065587103,20.79672086287636,21.01095711220621,21.455799624462745,21.655876970629368,36.45247980697377,0.11752045339106038,0.04879891813490199,0.05697671,0.028042825,135.99917763157896
genres_original\classical\classical.00097.wav,classical,-280.7256,33.620712,122.72235,15.166013,-14.398866,13.02153,26.855799,6.1278815,1.3519739,7.9298058,5.9942274,7.0945044,-13.104071,8.200231,3.3753617,10.409613,-11.5543375,8.949658,5.1937947,8.494152,-1.0517688,12.099447,2.763467,11.401223,0.06284401,11.082133,1.3419089,11.729623,1.5190892,10.949917,-2.213261,9.836359,0.7730354,8.624781,-3.969128,7.2420006,-9.1357155,10.85829,-6.9251537,10.229563,0.35059068,0.23697707,0.2439518,0.11162038,0.37925124,0.1971993,0.08268527,0.17918265,0.17020497,0.33155945,0.13529651,0.24935365,1494.1405636701375,303.75550301848415,1670.8326004789878,177.98083682094355,2781.1748492828465,582.2992339686407,13.503280263346497,18.211263185639254,24.18043250800372,24.70833465531357,24.599654624739898,22.962598088701625,35.0379993272694,0.08592124915344428,0.03027926301088661,0.036704183,0.021552127,103.359375
genres_original\classical\classical.00098.wav,classical,-287.521,70.555984,101.73793,17.463999,-35.369,14.586216,41.282764,7.487062,-12.745122,11.320734,17.284992,7.3131185,-13.978298,10.023315,16.311884,7.8915577,-5.5990286,8.674407,13.664283,9.155723,-8.790592,12.266198,-0.057105996,8.445248,-13.769376,11.328566,6.4802904,8.303594,6.7078853,11.399454,6.9852624,7.738648,7.031875,9.146446,8.390631,8.438583,-5.6107707,7.8350973,1.377122,11.139463,0.39803576,0.1438681,0.11238599,0.1027122,0.38788828,0.58346933,0.27812988,0.2832413,0.19276178,0.51809573,0.31035954,0.1687274,1953.0123992184488,407.49527070568314,1865.851544296666,150.08550333496225,3780.5438062354874,668.6600544060751,15.678894827642326,18.68753875030629,21.492184678730254,23.96948404220932,24.47843616903345,23.649163985458994,34.843836962339026,0.1234924505369582,0.04701987067673277,0.029099641,0.01821975,184.5703125
genres_original\classical\classical.00099.wav,classical,-378.73932,22.141857,126.49873,12.522015,-18.81513,5.9644465,42.87581,5.8602104,-14.305189,7.5475736,25.34269,6.116112,-14.64103,5.605243,18.704288,6.2793036,-10.188719,8.81363,21.10809,7.9594483,4.4370375,6.0335684,18.225647,8.121745,-10.274281,7.3091183,8.953815,8.35242,1.2109159,9.803592,6.2801147,9.457726,2.5284433,9.530039,4.3861527,7.546821,1.7054092,8.653355,9.987649,10.39385,0.305847,0.3523359,0.33159626,0.35232335,0.3938847,0.22775619,0.42456847,0.365321,0.25268966,0.3206755,0.29921982,0.38044915,1524.8987119782064,216.20703563987377,1868.928795561535,146.63702557765583,3325.1048935456174,588.980757478468,17.00264966099846,18.415587084562677,22.533887901318515,23.563937077433344,23.450183478204487,23.748291113763436,31.674493722162676,0.08068318558920279,0.020146421718844017,0.010497971,0.0020694968,95.703125
genres_original\country\country.00000.wav,country,-23.184359,31.897467,70.25887,18.445404,3.818911,15.3741045,28.329025,11.645461,13.76447,10.547838,5.725915,10.374818,3.9781454,9.273742,7.4515557,7.9569926,2.6495175,7.815953,8.495177,8.507211,-2.2885163,8.552544,2.0798767,6.4754357,-3.3781197,7.9202743,5.1236925,7.1079893,-0.1764189,7.208727,0.35927144,8.292105,0.5841995,7.3609424,4.0280023,8.608336,0.92438954,8.2868805,4.08801,8.591435,0.2805222,0.42588857,0.33568358,0.36554587,0.37006104,0.39176163,0.5886549,0.39377752,0.4628825,0.3293521,0.31432062,0.34410077,2797.969870734425,596.4098432711196,2847.657470456079,325.52673860951444,6220.629051373839,1342.276678105714,23.763531403294714,17.34452435133434,20.865846068056896,20.05910346444542,20.092064996066227,18.859529632319784,17.670853889626585,0.10713729622194272,0.0418871334059627,0.24838431,0.026706675,86.1328125
genres_original\country\country.00001.wav,country,-8.001197,18.987032,62.728,9.65289,-1.4580808,12.179396,28.115849,7.7927465,9.9723625,8.579517,9.353735,10.320398,5.420156,7.0390935,9.825023,7.302872,3.0283053,7.797085,8.426978,7.404032,0.31103772,6.9522257,6.545156,6.171799,0.7390595,5.572092,-1.7741019,6.9540763,0.8506021,6.901388,2.982779,6.1001782,-2.7668254,6.7909856,2.8226826,6.9852,-1.7435719,6.663097,0.9709401,6.934674,0.3154599,0.41503832,0.3188966,0.44661796,0.41653764,0.45446488,0.639081,0.42107564,0.37973586,0.26125222,0.38857207,0.50977325,2937.8328051469803,319.0632742689593,2839.590747196393,202.51299980359968,6279.203697180969,791.5598281525666,22.530746114158543,14.469931796941381,18.707287444230705,19.21267114315943,19.307675646068223,18.263935231281238,16.729891493656194,0.12698751632643188,0.02962192975991973,0.23043084,0.021256268,129.19921875
genres_original\country\country.00002.wav,country,-120.72672,41.06487,79.31613,21.180708,5.453445,18.737738,34.812134,13.70367,16.550337,10.002055,13.15254,9.182986,6.2395873,8.11098,9.984545,7.417721,-1.9874377,9.606072,6.7651973,7.8547554,-6.290685,7.0829096,0.2770041,7.263345,-6.7018795,7.9778996,1.6440437,7.1043134,-1.7412106,6.543182,-0.6663896,6.1178784,-4.842762,5.981148,-0.28317094,6.375044,-5.389651,6.623477,-1.9393585,7.836282,0.26344025,0.3248739,0.25171077,0.25228146,0.36251348,0.2618927,0.22917219,0.22256328,0.3699095,0.46798575,0.29578546,0.26483577,2307.5397576425735,742.386669830266,2618.0952399297303,316.64432692311294,5187.343632842734,1330.6809821269019,18.79531030770221,19.653877961586993,20.175102844869397,18.569506864685582,18.93736237104738,18.3840708066661,17.42703702775832,0.0741337165005805,0.06309381282543829,0.14610802,0.039308127,83.35433467741936
genres_original\country\country.00003.wav,country,-57.75979,36.567272,95.76648,28.702124,-10.109319,20.353632,40.979633,13.900382,13.979035,11.559926,-0.9898583,13.093038,-0.18847127,10.344227,7.4250774,10.045149,-3.6333375,10.178609,9.545139,8.9778595,-2.9410644,8.63831,2.4362514,8.950903,1.9947803,7.29988,-1.2870499,9.24512,1.3565394,7.1887293,4.4236846,7.8140335,-6.5204806,7.983139,-0.03459857,6.8827386,-1.4115794,6.4120297,-3.0789082,7.194155,0.30632687,0.3565916,0.6214754,0.34400612,0.33014706,0.23276834,0.3699314,0.50710297,0.37883708,0.47026643,0.2734431,0.33295572,2174.1604935047117,755.2893257198713,2281.058760714112,454.8307336912207,4348.07370779315,1605.685772698808,22.196615286529035,18.11204313102397,21.76578323802778,20.790941348957166,20.46390901799432,22.13486944012374,18.774480276252536,0.1025643835864938,0.04864669971210088,0.2042707,0.043812517,161.4990234375
genres_original\country\country.00004.wav,country,-20.78135,19.53648,62.950428,12.512724,2.3044403,12.706579,30.773718,9.653581,6.973462,7.8836384,6.5058117,10.732003,6.3236365,8.308582,9.873086,8.500849,3.4352968,7.224203,9.372202,7.4369283,-0.404158,7.239142,7.5194154,6.4609427,-0.9842738,6.592605,4.0191503,6.057441,-0.66244876,5.808681,-0.06125192,6.2681813,-0.16676468,6.5683346,0.24374011,6.940892,-5.4381933,5.810756,1.8272818,6.6422815,0.31379926,0.23277387,0.21850538,0.36114883,0.5383796,0.35542586,0.37827832,0.32234088,0.44787967,0.379818,0.4103558,0.6344665,2966.1571589936843,439.23134025151757,2848.1234947138532,272.94613389708184,6349.4199392596265,1086.0760457248387,22.338170616687755,15.698051967034505,19.609473539459316,19.323552519581394,18.62033787815563,18.174621598991862,17.003658860873838,0.12416100280572756,0.03553262765514058,0.2093933,0.028376399,117.45383522727273
genres_original\country\country.00005.wav,country,-24.692423,27.496702,62.388382,15.932811,-7.7689857,15.2805605,28.530293,11.504246,10.947266,8.988818,5.6092887,9.28905,0.032920815,8.180736,13.834209,8.241592,3.0137303,8.084328,9.866081,9.747343,0.81874436,8.3209305,5.8707213,7.570267,-1.2669297,7.8293276,2.994797,7.771468,0.94076455,6.7554727,2.0843098,7.701113,3.0438795,6.794574,3.0530632,7.07827,-0.13393769,7.70826,3.6150692,8.255715,0.44179145,0.41340438,0.49678692,0.36539802,0.44029212,0.35305086,0.40590528,0.5253208,0.37218437,0.4138086,0.33453143,0.4457505,2926.865766278933,526.894726488335,2736.268564740949,272.0208698640275,6172.429342830882,1082.0544533970278,21.514782673502804,14.872165374020977,19.01987940943963,19.061713359183017,19.63874705841702,17.685055701883538,17.485122799202326,0.13645079999516255,0.04738494265308824,0.20384075,0.038177334,129.19921875
genres_original\country\country.00006.wav,country,-23.14604,24.340397,71.35541,20.720373,1.3973157,16.531153,24.47451,11.695391,16.34997,12.482796,4.5169725,11.33077,-3.9798617,8.87747,18.038275,8.158137,-3.358467,8.411009,2.474037,7.6308346,2.9799597,6.9592967,0.83682466,6.689743,-1.1464859,7.6646676,0.16857769,7.6393557,-3.301721,6.5053306,0.1861839,5.9084496,-1.2149609,6.5761924,-1.5663674,6.039038,-2.7524984,6.3874054,-2.110104,6.4091597,0.38879687,0.32340702,0.47648513,0.4038584,0.45310166,0.64338255,0.4229411,0.4379281,0.296722,0.38406992,0.48447058,0.33484092,2800.214423030315,648.9641936880028,2773.173156404822,327.1807402916531,6004.497024961301,1410.0154941131848,21.874015382563574,15.994286549324165,19.3493308553263,19.516595564634443,19.374126321503347,17.99360095483101,18.50057275739273,0.12843724300986842,0.05298633131529305,0.21448013,0.03988313,112.34714673913044
genres_original\country\country.00007.wav,country,-20.81746,28.347754,64.90752,18.35739,6.767102,13.926512,26.357126,10.722819,11.665423,9.762289,13.185629,8.153298,-1.9791069,9.339266,8.582197,7.56776,0.4728952,7.3199515,7.441096,7.6929026,-0.41490942,7.4301248,6.945586,6.774068,3.6606066,6.4287868,2.0337164,7.019476,0.6502081,6.1945405,4.3827734,6.701733,-2.802764,6.7383666,2.975754,6.7960777,-1.8402822,7.848491,-2.3632526,7.9076395,0.47495064,0.42914668,0.38608184,0.5202968,0.36138842,0.3855162,0.3128999,0.42753577,0.5793955,0.3989005,0.4305238,0.3507533,2898.787368032488,614.2762438829901,2878.9661651993006,308.4945990041143,6400.052966421972,1186.5338609985793,24.02703455395978,16.128659046621575,20.01899883670056,19.3745237326054,19.9804394559699,18.564707193130037,18.211418358028258,0.11293582502902477,0.04223924747191198,0.24406008,0.025491852,103.359375
genres_original\country\country.00008.wav,country,-19.72382,22.902485,76.66849,19.219284,-4.84972,12.581663,32.24758,12.392753,7.6701546,10.96452,17.224525,11.20421,-1.4669178,7.7818136,9.14332,7.4345946,2.7177043,9.717079,9.111842,9.046762,-2.6976073,7.9113894,7.5035057,9.230531,0.33303115,7.6085134,4.9300003,8.71327,2.801467,8.902631,1.8928756,8.715133,2.4545383,8.775944,6.401708,10.641642,-3.3361027,8.533651,6.3192244,8.582121,0.3554325,0.36295095,0.26743484,0.3224341,0.4836379,0.38000166,0.3895172,0.28072652,0.39218462,0.29954377,0.2664112,0.46393058,2506.169376457896,532.0813035531886,2573.5151280626237,345.28239378676915,5478.791870495114,1193.131073683811,23.68048190928465,16.341030732853884,20.928468084177613,21.095882082059795,21.40272294651331,19.408244721430602,20.097275582119387,0.10473972946497678,0.03445165462744043,0.27419725,0.032056443,66.25600961538461
genres_original\country\country.00009.wav,country,12.1632,13.818475,58.97738,12.007321,0.91886264,13.5184965,26.749128,10.885605,9.254704,8.696587,3.5763056,9.290091,1.5831511,8.285003,8.648173,7.1514277,0.97104156,7.8359423,11.627411,6.720541,-2.1597261,6.647069,1.1948515,6.3178124,0.4723694,6.264102,4.408359,6.25641,-0.17110051,6.8810925,3.0999486,6.5384827,-1.1844648,5.8605905,4.545524,5.294235,0.8650014,6.0109777,1.2720963,5.9621625,0.34383777,0.33034086,0.4931651,0.28181052,0.3555114,0.4321875,0.48134366,0.75304836,0.46484664,0.4549739,0.3934515,0.37251613,3191.4845774083215,421.99662262720153,2948.097882896547,262.1756820816379,6926.349783977119,931.5198378559688,20.333068122716963,14.986981900537133,18.61953775465387,19.175487089523717,18.71219214353067,17.713230152488027,17.10245890717085,0.15687886996904024,0.04011588050480956,0.23653284,0.036675133,95.703125
genres_original\country\country.00010.wav,country,-197.73265,65.215195,106.509026,30.608866,-4.4345407,24.046225,37.64394,17.874138,-0.86065483,17.29681,-0.95550233,12.700591,-3.4480147,12.071758,-0.051242225,9.504444,-9.299326,12.33597,-5.164658,12.418067,-4.245077,9.93222,-3.5471113,9.769666,-1.3499807,8.673932,-7.1235623,7.1735773,-1.6197429,7.271992,-2.4868116,6.918596,-5.0532327,7.8260875,0.3024153,5.9666014,1.0691494,6.4995112,-1.6592697,6.854086,0.35511655,0.24500299,0.25045052,0.23497255,0.36671042,0.31776887,0.27023774,0.43782482,0.27987972,0.28102425,0.20964406,0.24774162,1861.184983990783,746.8405428638977,2127.1802137761574,370.64230640573663,3768.960542944563,1415.5546714863515,22.710545583106896,18.661440527430855,21.47375131939541,19.467056262898474,18.867836584768703,19.36715253317929,16.631877996606686,0.07651125314434984,0.049412810262778016,0.07468149,0.0334638,80.74951171875
genres_original\country\country.00011.wav,country,-199.0945,73.16859,61.18678,37.523884,9.970173,23.43952,23.455229,15.4994755,10.266042,15.163015,0.021369202,13.334575,8.005174,12.736345,1.1249685,11.479874,-4.8876796,10.9677515,9.501938,11.25755,-6.344292,9.399788,3.8612273,10.457489,1.6283535,9.890136,-1.3461187,10.798794,2.6031919,9.596025,-3.5718613,10.900233,1.9763373,11.563343,2.5352304,11.380146,1.0390568,12.887358,-0.98147744,12.666091,0.24805948,0.2588671,0.40756002,0.26749757,0.26861998,0.24885252,0.3666883,0.3800711,0.2494931,0.32263416,0.2584874,0.3344324,2838.2033521252542,1130.9396626543646,2798.4000706520005,449.10353898714874,6046.530104126355,2003.1586373706805,22.743920665620653,19.039491076381346,23.435300645961437,23.12584428168817,23.284857611067398,21.07413557792331,17.001383941453366,0.11010515431501548,0.09543314651913731,0.07848472,0.042720094,112.34714673913044
genres_original\country\country.00012.wav,country,-141.0231,44.465763,123.89308,34.021397,-2.494801,18.325804,27.972536,14.834349,0.012813036,14.244948,1.2166239,9.068672,-11.020721,10.994599,-1.3764037,9.998422,-7.020709,8.189176,-6.118952,8.188305,-5.1924863,10.044391,-2.1684282,7.5665264,-4.5938888,7.413808,-2.3405595,7.3858256,-1.1824416,6.915282,-3.964283,6.363011,-4.234257,6.5386925,-7.813797,6.213683,-1.6731255,5.8694816,-1.084656,6.3799486,0.42922342,0.27591103,0.26665008,0.21651547,0.36013305,0.3925527,0.31909367,0.45268878,0.2537987,0.17218809,0.15579967,0.26343864,1667.8626239303642,685.1295711494689,2053.1917197851853,528.388447262658,3440.6958612495164,1663.8303853721993,23.527224272972973,17.174905845594914,20.31862171943591,19.394017474605278,19.22115218034518,18.472498223983067,17.056448022372532,0.06406763980263158,0.033248380712671756,0.12687828,0.044439998,89.10290948275862
genres_original\country\country.00013.wav,country,-126.18547,45.641323,77.63614,23.192753,3.1659162,18.685165,19.950848,10.317441,10.833183,13.153555,0.72669667,10.192545,5.2176957,9.538225,-0.49295205,8.867151,-0.9993632,8.832314,5.3890133,9.33445,-3.735502,7.387869,-3.5004709,6.7965755,-5.3318467,7.0555925,0.28486115,6.9797015,-2.0108876,6.6987534,0.8345813,7.5622053,0.3288452,8.324226,-1.114898,7.585931,-4.387004,7.5692134,-2.6085503,9.5933275,0.27645838,0.36983642,0.28976092,0.26823997,0.53751415,0.36388424,0.34915975,0.30439925,0.3871831,0.54038376,0.3539623,0.37645596,2812.414612083667,723.2394312623468,2842.082595520709,418.7302221224998,6062.846672128967,1682.2057551640355,21.495594262308543,14.367602676077354,18.698491108953686,20.688238485829533,20.879069136704892,19.135287799163702,15.531697890835407,0.12956497617550308,0.04883861052443066,0.080029346,0.033342574,129.19921875
genres_original\country\country.00014.wav,country,-124.6331,48.315887,72.52177,24.349167,16.71368,17.606943,18.248219,13.4246855,12.224788,10.996018,8.088155,8.943239,7.982229,8.176419,-0.5219015,7.8175063,2.3674657,8.702329,-0.5643611,7.6294446,-5.5733914,7.0264025,0.5387731,7.8135376,-5.067154,7.8451424,-1.1601871,6.9899817,-3.5754244,6.8836527,-3.6894364,7.2294545,-0.16906029,8.260815,-0.64208156,8.026085,-4.1438947,7.922674,-3.999883,8.834044,0.24964264,0.43675008,0.4278993,0.37737736,0.4758024,0.328927,0.32952034,0.23298088,0.35487437,0.5127307,0.3338206,0.31689197,2951.9486784809105,983.31319083709,3036.2061234055395,354.24977007641695,6568.8436124346945,1633.0516152082962,22.69467546399843,16.400617130536073,20.693925614603835,20.456604682993728,19.696901339718465,17.77435858971444,15.27986303888533,0.12474225401509288,0.08164670134290412,0.09264681,0.032391056,135.99917763157896
genres_original\country\country.00015.wav,country,-116.17638,49.395573,111.72995,28.803204,-5.2455125,18.122065,33.995697,9.905096,-12.458564,10.455737,4.2506166,7.369265,-14.428153,8.272279,8.494949,9.295258,-8.19823,9.737219,-1.3456504,7.219788,-12.559845,6.1628895,-5.005492,6.441248,-2.1499326,5.760259,-1.8379672,6.259305,-8.272397,7.0078177,-3.0211012,5.2403755,-5.472165,5.2545986,-2.941531,5.0905433,-2.636676,5.7862387,-3.3716762,6.343673,0.33797744,0.31795475,0.3778703,0.76035696,0.36442575,0.30340672,0.32111815,0.30631247,0.4051765,0.32741073,0.42297927,0.31139287,1959.337324250709,596.8205171328955,2147.1033968251777,320.90434271954086,4208.8912160773025,1247.0019673322251,25.26840099678451,13.959604997235456,16.880820136568605,18.682396893773095,18.688413408225,17.889246203000628,19.7943800485884,0.09426624782314241,0.04685038846914127,0.104739495,0.025843909,151.99908088235293
genres_original\country\country.00016.wav,country,-210.17332,57.79224,139.61768,28.637115,-16.979992,28.386663,58.003025,14.299012,-9.654812,15.269635,-1.9645076,9.107383,-18.001234,9.510177,-8.207505,7.814722,-11.778446,8.732962,-7.882443,7.511264,0.60710543,9.857679,-9.965226,6.5919695,-6.466774,6.239518,-3.8483527,7.2933583,-12.04527,6.4057198,0.3174676,5.8451953,-8.04239,6.730173,-6.79309,6.662673,-1.8463355,5.8188853,-5.9385214,5.832333,0.47925925,0.23979607,0.19938749,0.15247001,0.32211435,0.6176152,0.3343073,0.27868822,0.22328505,0.3687002,0.37297294,0.28233194,1425.8089845409772,481.7747112115747,1648.61482287627,331.4112553417532,2880.507581964735,1166.722909786904,25.180186663243806,17.81934245193278,22.0072666111438,19.56906083594591,17.15537433084421,18.49967872664602,16.930425658806932,0.06017386138254644,0.024269573067012565,0.07976905,0.027494837,107.666015625
genres_original\country\country.00017.wav,country,-171.339,57.676807,137.35457,32.472713,7.9645786,11.354983,28.539564,9.639708,2.7081964,12.020756,-0.50151,7.7389708,-2.9561005,5.877518,-1.1593422,8.149682,-6.159661,7.4663024,-2.4005284,7.9627213,-5.853389,7.1831193,-2.1666093,6.613917,-5.3437123,5.988578,-2.7834225,6.1225395,-1.5698565,6.3055735,1.294838,5.1376457,-3.4124446,5.7999425,-0.8946278,6.9613914,2.6330256,5.739079,-0.09977292,6.613307,0.24355501,0.3851005,0.5565014,0.34486374,0.42224035,0.28096977,0.4075869,0.3949514,0.2761125,0.40431812,0.2476244,0.32241473,1469.7849502285726,532.9652964107709,1959.9876648535565,446.5459198313756,2966.873726387142,1361.2311216776623,22.167036508806614,14.468550215718544,19.67837182838205,19.60685590756822,20.388565923707112,19.33561261144226,15.602316374404639,0.06385600087074303,0.028574357614648493,0.08870292,0.018607125,89.10290948275862
genres_original\country\country.00018.wav,country,-131.14856,44.538982,102.99637,23.146727,-11.533306,18.259556,17.73964,12.779118,16.962389,12.665072,4.4356074,11.813603,1.2965345,10.893764,3.4184597,8.905965,-1.4990544,8.114495,1.6171722,9.47262,-7.983499,7.533248,-0.82497543,8.198621,-8.876751,7.4979324,-3.842363,6.849803,-4.4875875,6.7041693,-8.93866,6.9658737,-6.380394,6.50726,-1.5118132,6.0689206,-5.409956,6.7201242,-8.043467,6.553584,0.57370853,0.36230305,0.3120813,0.2618208,0.3606042,0.51480955,0.32192355,0.4101145,0.31333786,0.3943327,0.2940024,0.3202321,2068.772763718777,585.3233868691007,2370.0194416842432,379.401304561358,4098.033553085091,1433.7653443287084,22.240997598289916,17.725011515867756,18.964496275562233,20.24182362370678,21.637242975240714,20.44551947035885,17.491393326706103,0.09561053296729877,0.040341749614062054,0.09677969,0.031800702,86.1328125
genres_original\country\country.00019.wav,country,-256.06357,72.564384,163.10161,29.56283,-22.872879,26.950373,26.93337,19.458563,15.301942,15.626439,-3.50522,12.684361,4.2170873,12.747413,-0.79301673,9.963127,-9.463186,9.29421,1.7569615,7.8073187,-4.4230623,7.8182936,-3.6401737,7.020565,-4.252334,7.151166,-8.109075,9.008704,-2.376017,7.2039714,-5.1455927,6.9835777,-11.161296,8.61028,-2.412988,6.33393,-0.5396905,6.6501603,-4.7787414,8.048222,0.37916628,0.2573177,0.28715158,0.24397331,0.33201274,0.2943146,0.3322679,0.46651512,0.28687537,0.28516233,0.25737315,0.3667903,1138.6702901800775,402.26379816937805,1462.0454419306657,274.14323985729544,2117.4705292787344,829.0838126380823,22.949457291228704,18.84734725231047,21.767416468751808,20.649265637309796,21.496632617648995,21.722361349416392,15.241730852018486,0.050959631385448914,0.03180371014668049,0.08205686,0.056474607,83.35433467741936
genres_original\country\country.00020.wav,country,-161.09123,72.96217,74.70691,36.948055,22.421598,16.077871,46.01199,19.827349,5.269036,15.190921,25.11239,10.579184,-0.5864292,11.351832,10.375498,8.777232,-6.830219,11.125391,5.0498123,11.528249,-0.7697865,7.1008267,1.4022418,8.590903,-6.0112886,8.24546,-4.0060997,8.140602,-4.793629,9.182314,-2.8669364,8.279504,-4.986899,7.168626,-3.6081996,7.220341,-7.5884213,9.030353,-3.2281842,7.4801474,0.31720102,0.31227896,0.46943244,0.39208946,0.32469934,0.37577996,0.2932438,0.2686764,0.2687052,0.4082477,0.5669566,0.3892247,2409.267879260446,1034.338647378921,2533.230941226111,391.9285896249692,5215.735127829915,1812.9749129074503,22.30152613877794,20.555116796225033,22.560720470567347,19.79209852266923,18.778713549847296,17.207634240289646,18.713200143135143,0.08685812935371517,0.07362531895374307,0.10520261,0.031466242,103.359375
genres_original\country\country.00021.wav,country,-209.38939,52.007153,167.1398,21.612637,-20.865452,18.4499,36.817654,17.939547,10.305034,17.296356,3.9740636,11.175047,-5.6623545,12.434119,-4.6380916,10.227724,-6.237971,10.245268,-4.1778646,9.249284,-6.688475,9.344774,-3.2634773,7.251454,-7.967006,7.4562616,-4.053322,6.5448403,-4.987053,6.392997,-4.496616,6.5706778,-4.010354,7.057895,-6.3978004,6.889554,-5.91674,6.79341,-8.175597,8.020394,0.35790864,0.22907335,0.22680144,0.17756741,0.28819135,0.3143925,0.2680086,0.29872078,0.284567,0.4276072,0.30729192,0.2871658,1043.9737111043523,321.11900600531413,1393.023731509997,226.99813910578865,1945.0382386198723,746.3448486629975,26.505460123239963,17.657844231096867,21.715012647906338,19.313298288759725,20.027465940897656,20.53474712558053,16.389462336831585,0.04559534031540248,0.019623295230523113,0.1098368,0.040925745,107.666015625
genres_original\country\country.00022.wav,country,-195.12416,55.88364,114.29301,20.9444,0.001429602,21.105673,38.17855,15.899984,11.291479,16.910467,-6.075158,15.152563,1.2188286,12.702595,-0.0041930964,9.534918,-15.420769,12.390809,-3.5709002,9.865537,-6.125418,9.5877495,-4.500051,9.430211,-0.12475661,8.015009,-4.3862214,8.3822775,-9.412581,8.178505,-10.716871,7.81708,-6.541959,6.550457,-10.051359,6.8374243,-7.2627316,6.83981,-4.007446,6.6676726,0.26873198,0.29428238,0.32064867,0.44052663,0.3142136,0.23102945,0.29295868,0.31777686,0.39579064,0.2884104,0.35074416,0.34189308,1719.3372066856614,419.9345204413708,2141.9342898901655,327.53341901783847,3448.595813479586,1083.0009400583099,23.811092313751868,16.069049920822195,21.135424016099005,19.99870872397922,20.298764408608346,21.654522630339407,15.867610424825783,0.06805325440208979,0.026146789597961014,0.07503542,0.03203377,184.5703125
genres_original\country\country.00023.wav,country,-353.05423,80.4657,110.632095,28.244045,32.743378,26.414091,24.164183,16.591116,18.746185,15.213644,5.9248896,11.139137,-1.7401656,10.644133,3.8813748,9.328426,-2.987254,10.193837,-1.9034864,7.7193246,-2.8664541,9.22784,-0.97887444,9.845795,-6.4891205,8.130682,-4.2524424,7.344785,-3.7505188,8.045439,-6.0119343,8.118865,-7.199875,8.525533,-2.5195584,6.4336357,-4.032561,8.124119,-3.4128342,7.7741933,0.30532247,0.22904581,0.25209585,0.24605834,0.33678576,0.55446523,0.40168634,0.28864738,0.23062593,0.31937242,0.28280634,0.21922185,1496.56913504939,790.3270365820623,2333.0838753541902,496.04082632154484,3056.189852971411,2098.0979020575087,26.940649994776514,19.980664002505954,22.76012075356956,20.69936000427828,19.552349603074152,17.128697027242822,15.540983847089569,0.03548126693111455,0.04358087747289947,0.038845718,0.021642508,83.35433467741936
genres_original\country\country.00024.wav,country,-199.98285,74.722855,109.121544,40.186543,-5.5460243,17.839558,48.132893,15.387896,1.2039802,19.599396,4.5974913,14.185696,-9.152174,12.198645,-1.471275,9.6672945,-11.66506,8.485899,-5.204099,10.950812,-11.550537,8.093988,4.9783483,10.340297,-4.9808197,8.461335,-6.0473065,7.420602,-0.6872891,7.95962,-8.536201,7.359743,-8.461553,6.5033884,-7.9434843,7.579345,-7.613288,7.2895327,-0.38595316,7.443538,0.51948756,0.2771362,0.20154583,0.20674041,0.21518238,0.2054415,0.24915236,0.41448444,0.21733542,0.18494174,0.20176907,0.3521144,1739.321196159216,756.5200631975913,1907.3936481055632,399.23725691360556,3425.5292862930532,1531.8056138701252,22.20295466797797,18.683976339125902,23.733827974073293,22.624326558432035,22.787184880214383,20.714282465960206,19.13378622220846,0.0824598188370743,0.04773217128956151,0.09660107,0.040946785,129.19921875
genres_original\country\country.00025.wav,country,-200.55318,63.489765,119.65538,31.608648,-3.6046815,17.50734,31.952965,16.491926,9.957966,14.281792,15.293297,13.229688,0.6486003,9.959628,0.23646212,9.780496,-4.4767165,8.5843,-2.3108823,9.076856,-5.255605,8.016489,-2.4737477,7.3124995,-6.048022,8.277478,-0.8033078,8.183516,-4.706508,6.508599,-11.29183,6.8830113,-8.867358,7.3129086,-8.068559,6.878636,-3.1603546,7.647434,0.33031377,8.257084,0.3720411,0.3254657,0.35402456,0.32730377,0.3811071,0.24874647,0.33665252,0.4323262,0.32970816,0.3275296,0.29457062,0.43825594,1565.7683179567373,642.2697185293144,2016.5056375841798,386.613891535124,3190.1057098672118,1412.241926697509,23.447879170391072,19.651084560795436,21.974801144295615,19.40683899637483,20.03551766026801,17.787468898009575,16.564211883976864,0.05730313044214396,0.03975641387073696,0.07990662,0.03366538,73.828125
genres_original\country\country.00026.wav,country,-194.26962,55.903366,151.78432,31.181978,-3.0342526,20.132309,29.480589,18.175901,9.101757,17.054132,5.985581,12.166467,3.784445,12.21448,3.765722,12.150966,-5.8694096,10.536432,1.5940248,9.909704,-3.7664156,9.80454,0.9295919,8.185275,1.9723039,8.467144,-2.2319498,9.847084,3.3600001,7.3508644,3.75466,7.1976447,-1.1347995,7.324793,2.2319846,6.5589533,3.3677235,7.1157656,-4.13741,7.3585467,0.34055752,0.29970574,0.4787483,0.2915538,0.24025884,0.1939765,0.3448943,0.38057938,0.2621689,0.414867,0.2832961,0.42622867,1270.4148783967134,522.1277610980595,1702.296029495803,366.0415515949849,2498.2598933642125,1263.4402442208539,22.206133615722916,17.946215241187286,21.171959338892314,21.79042873664441,21.02864250525852,18.90772040757374,15.774465996526747,0.05483186798568111,0.0299522917730298,0.10049913,0.03617824,107.666015625
genres_original\country\country.00027.wav,country,-100.73443,43.999214,106.97025,21.148783,-27.18039,23.913818,29.091337,15.366126,5.039497,14.898799,-5.4290433,11.339405,3.2457469,10.86953,-5.1666436,6.8434143,-5.1038213,8.304021,-0.8067117,7.6654077,-3.8309822,6.6978493,-2.7171009,7.178063,-6.651432,6.5271573,-4.6703544,5.759887,-5.6970487,6.3040075,-5.9915314,6.166563,-10.221571,6.5033126,-10.535934,6.4030976,-5.7311044,6.094863,-7.2916656,6.512393,0.26732254,0.36433876,0.33177397,0.40058106,0.59292406,0.39336982,0.3299908,0.28928843,0.45103166,0.56234616,0.36070144,0.35763034,2012.1998825497253,425.35800098383925,2140.5495163521114,410.3933363023677,3908.3263668851587,1050.757898632124,29.73892029607173,16.01205825549531,18.45565970766749,17.866961886122375,18.11407931563755,20.60702041453255,15.130646911632564,0.0973951026751161,0.0305604394754012,0.116559245,0.03205674,92.28515625
genres_original\country\country.00028.wav,country,-169.19261,40.049644,132.80664,18.360533,-13.484966,16.346369,31.182264,12.693685,6.3355885,12.722161,-3.7656243,10.191234,-2.0574632,8.648597,-3.6175504,8.378845,-4.556713,11.477137,1.2857978,8.452188,-6.986225,7.5732446,-7.255016,8.990089,-1.3873173,7.601748,-9.508183,7.4337316,-5.418511,8.5067215,-1.9065212,7.2123256,-7.168161,6.811233,-1.4283392,6.8776307,0.15933105,6.611196,-4.114242,6.1818943,0.22459039,0.34409836,0.41334888,0.27139217,0.33954388,0.32434723,0.449022,0.36526278,0.27327952,0.36614546,0.2160637,0.23328653,1474.0010327537864,348.4656332654813,1885.7963023939287,278.6060508365201,2925.3573107645607,772.420677477693,27.650345216566556,17.31670734912627,20.882455882641302,20.265969209494795,20.441039196064988,21.457633368543007,16.261629072026324,0.05981898824496904,0.02437201932904216,0.09411102,0.030844996,89.10290948275862
genres_original\country\country.00029.wav,country,-171.28873,47.40762,160.4967,24.788141,-17.80444,21.977182,30.512203,13.298724,7.514744,13.606633,-8.2560425,11.636119,-5.6703825,8.540814,0.13195087,8.522358,-8.836377,8.756542,-2.6552682,7.2488503,0.70573163,9.729801,-3.78496,7.6049094,-6.5005155,7.5250273,3.7841282,6.503538,-5.431031,6.466098,-3.076479,6.0718746,-6.2547708,7.1873384,-1.940013,6.4631405,-0.83493346,6.0713167,-1.433976,5.8600297,0.26950324,0.39496958,0.31828865,0.37489933,0.32296866,0.43732285,0.32814372,0.2518366,0.39355493,0.2615894,0.20873398,0.15754348,1214.054895968694,382.9116430888421,1555.3850334761114,391.70209515955656,2274.1112487604005,977.7795849882959,20.973498627396218,16.938508713396974,20.84692511405245,19.76169283854144,18.729446759740885,21.145346308273467,16.947874189950376,0.054208666916602165,0.021584338173416324,0.11707953,0.045045525,89.10290948275862
genres_original\country\country.00030.wav,country,-277.1022,62.08481,128.25644,29.732378,42.42859,16.938068,37.69783,9.9848995,12.780972,11.038721,9.599224,10.21493,-5.9831166,10.156932,-7.538272,8.681293,-8.034319,9.369419,-4.942378,9.474566,-6.5300474,10.269221,-3.627953,10.899304,-7.2284265,10.753129,-7.452904,8.797818,-1.5747141,9.409267,1.3907409,10.872622,3.0805378,9.788915,2.5106266,7.909117,-1.0542907,8.871641,-2.7523243,9.248447,0.04745004,0.13032484,0.34809363,0.17611016,0.22966075,0.14552529,0.26046515,0.27846423,0.22221856,0.50935906,0.20460449,0.1037989,1240.5895174256275,580.3726435049879,1996.8404273431884,534.4884867220183,2412.9187427438083,1908.721589413968,25.29465950303468,19.86169879657823,26.18409443121271,24.065642428614165,22.733634754883774,19.795813613238227,16.67412399662311,0.042844034200851394,0.015186132541119165,0.079619266,0.046542067,161.4990234375
genres_original\country\country.00031.wav,country,-130.4947,46.53218,104.13707,28.996435,-19.2614,17.573126,34.153618,12.031441,5.413921,11.978993,-2.1668842,9.4733715,-0.7268799,10.559582,-2.8929858,9.992341,-5.4595356,8.222665,4.080211,9.120425,-4.4622407,7.6728916,3.523582,8.245831,2.147013,7.6960487,0.18757649,7.8012285,2.6818895,7.3313713,-3.07535,6.477198,-3.1991117,6.353064,1.6599616,6.547229,-0.680654,6.90304,-4.3735867,7.8298016,0.547418,0.2590974,0.27098805,0.16804509,0.26451993,0.35295305,0.26718295,0.49011794,0.24893472,0.31306368,0.29009122,0.2872623,2052.937539079165,719.1972723726491,2187.74961377564,456.2456919279047,4094.358575307179,1426.0779983692885,19.484103390474896,19.12671524003064,23.701305936973966,21.9894448202458,21.491596774837422,22.90363998291123,17.90718177766723,0.09529609798277863,0.04942497475310151,0.10080858,0.03520171,112.34714673913044
genres_original\country\country.00032.wav,country,-237.99352,68.26213,97.70346,31.3511,6.526742,18.899214,45.977615,14.692184,2.1547685,14.438044,16.221973,8.723572,8.825113,9.639346,7.7670083,9.327171,-0.59379196,9.47581,4.4802604,8.409798,0.14091596,7.4960976,3.021077,6.900149,-1.6638006,9.728757,-5.4229407,12.341757,-2.8296824,10.732553,-3.0536504,8.191008,-0.4980622,9.191663,-0.11182406,7.3309255,-3.8595042,7.280673,-2.6508048,7.34893,0.37699625,0.2879747,0.21297617,0.29935026,0.49121967,0.34743783,0.28588632,0.2145259,0.27294922,0.3112928,0.3461698,0.5257158,1823.4330215874613,741.2430566256797,2206.257974253683,461.9399688587086,4016.8007109556406,1497.8254414584858,28.220283398786332,21.29363144558121,24.33121452421539,23.504136294309124,23.317402065561637,22.393383638234234,20.221559061217437,0.0676016320385062,0.045078739586647786,0.06050447,0.03489639,99.38401442307692
genres_original\country\country.00033.wav,country,-133.3365,64.49481,78.990364,27.269648,-5.6506476,21.789461,35.522865,19.324232,-7.5477085,12.804251,7.9280396,11.447989,2.7298074,10.936654,0.39645377,10.454959,-1.1331302,9.419958,-1.1071385,8.542961,-7.8454437,9.420887,-1.1711785,8.476112,-4.814018,7.992836,-3.1399326,7.9457245,-5.0448146,9.22648,-1.0937083,9.551753,-0.96363306,8.420366,-2.4559503,9.391428,1.1548455,9.948778,-1.8392485,8.907585,0.2370666,0.25405115,0.20560396,0.3645096,0.3544078,0.29219827,0.46427947,0.28066826,0.35669664,0.24372941,0.29416674,0.4537426,2456.555660328369,675.8869036478014,2387.529908663703,391.70247461612104,4914.728614641786,1264.5953625395116,25.529746000044863,17.264892747395777,21.906109011790846,21.40266120069903,21.7805310265447,21.07204496598802,17.95706190955065,0.12361565462945047,0.05666182057738311,0.10454683,0.048030794,92.28515625
genres_original\country\country.00034.wav,country,-153.86736,53.414658,83.68425,28.966492,-8.418767,25.073853,13.969093,12.952207,13.55185,12.166001,3.773254,14.579322,3.0063746,10.359443,6.347874,8.750514,2.066796,9.398386,2.0754557,9.319226,3.1952746,9.835833,-0.47532395,8.666664,-3.0259306,8.93906,-4.5377707,8.980645,-5.0488076,8.141036,-4.9258924,8.361841,-6.135663,7.3882074,-1.6660154,7.96959,0.4654977,8.614923,-1.5515391,10.620586,0.27779526,0.3537064,0.45354733,0.35180044,0.39577323,0.35125554,0.38202116,0.32685181,0.30381227,0.49577895,0.3241343,0.29461664,2614.1281512828127,890.0026040549079,2655.9181746441463,526.5693479962732,5435.150467722039,2001.4373017643327,27.2602493019145,16.142090187591076,19.36008500445875,19.36091607109909,19.11836855727445,18.145401475346656,15.055646784072431,0.11928688261900154,0.058079505230610576,0.07824791,0.039893165,135.99917763157896
genres_original\country\country.00035.wav,country,-120.383224,40.89334,95.348915,26.776459,-6.0082717,17.820217,25.16893,17.27522,20.961815,15.034281,-7.1399155,13.704597,8.552629,8.984154,2.440012,9.887623,-14.6636305,9.459401,9.296396,11.85874,-2.3618507,9.3847475,-3.156473,8.324264,0.60948336,7.163752,-4.4258304,8.137652,-7.452153,7.634524,-0.44424567,7.1965055,-3.587983,7.1484447,-5.0256357,6.8561196,-2.523358,5.990372,-4.7514105,5.7695217,0.42563084,0.29907864,0.29338694,0.27794227,0.46236947,0.5494684,0.33848202,0.3836581,0.3337705,0.42972833,0.39534628,0.32239535,2322.0772479079756,737.3790875344037,2545.6257559133423,394.869651207409,4581.230631258465,1628.7444419601745,23.779385026456087,17.1196724536903,20.366455217589746,19.523315501494746,17.999765463410462,22.13514103655551,16.804118858876382,0.10437125096749227,0.050576452736404445,0.0999719,0.033862937,99.38401442307692
genres_original\country\country.00036.wav,country,-339.7991,83.28801,97.781006,33.654575,-9.6959095,26.242313,50.986897,17.166346,7.8249445,17.460958,11.747368,17.059647,0.6847606,11.533471,2.4938347,10.077179,-4.7754116,9.204388,0.19351886,8.786081,-5.9746647,8.62692,-2.8948965,9.097016,-6.157009,7.4150057,-1.8445805,7.6764026,-5.355182,8.346521,-8.306349,8.036379,-10.728059,7.4729304,-7.740845,7.7730513,-3.4437325,8.390113,-6.962086,10.478988,0.3694406,0.5970855,0.36576438,0.31238374,0.21822393,0.3011942,0.1962405,0.3138568,0.6199471,0.3653767,0.24511331,0.2311474,1827.093958381686,757.6809305587022,2050.585534980529,369.3283750318537,3647.25294556042,1511.3678834507082,25.69176371273778,21.530996626681468,23.699575516025753,22.796558926432272,21.44830412180384,21.281297553166617,18.660857312223598,0.0848248839009288,0.06113420406689215,0.022713259,0.015918665,112.34714673913044
genres_original\country\country.00037.wav,country,-173.4441,50.904316,105.05278,32.128685,1.155317,21.197199,24.114841,14.592375,22.12515,16.42026,2.5424929,14.039001,-1.5812403,9.831755,0.17491437,8.280411,-5.3230443,9.722705,3.8141825,8.618273,-4.5238996,8.711503,-4.5872827,7.844397,-1.5664961,6.8947444,-2.2571905,6.859956,-3.857909,6.221841,-6.458283,6.976184,-7.4685717,7.051098,-5.533387,6.577009,-2.1898677,7.368634,-2.4518628,6.2622075,0.33413714,0.39890385,0.3364601,0.43385276,0.3541955,0.39327228,0.33944243,0.30347517,0.41551828,0.39727202,0.45708936,0.32405683,2069.180155621707,824.0269554409707,2437.8452686900728,479.0360127308742,4234.307729053792,1882.6195008389827,21.227491822940923,17.114662195150345,20.12833414562385,18.693322529157797,20.128413464810404,18.538618133625516,15.623904958569053,0.08500288735971362,0.050835078679474364,0.07204185,0.028474186,99.38401442307692
genres_original\country\country.00038.wav,country,-118.028564,43.032715,74.16701,24.01591,8.2881365,17.433277,15.462522,14.4321575,6.1549687,9.800206,8.443999,10.433829,4.1188307,9.542185,5.7389975,8.809208,-1.9503189,8.90585,3.163911,9.166735,5.040857,8.067548,-1.1298938,7.547807,2.4367032,7.4634113,-1.4256319,8.399452,-4.7408276,7.0392113,-6.3695383,8.513733,-5.7475576,7.32135,-6.266189,7.0062227,-4.5168686,6.489669,-1.009379,8.010696,0.49625552,0.37077028,0.43214983,0.3407998,0.41993332,0.32684043,0.36240563,0.3940657,0.24631383,0.28548276,0.28860492,0.44224015,2860.3399496357706,721.1782078206312,2919.8629475089024,383.90353484186585,6247.037225020559,1464.6209501784915,21.32096556688606,16.168389274250075,19.72170433889563,20.392597409517858,19.69856598461829,17.601495083144766,16.200250537262335,0.12115799753289473,0.04498343411047732,0.09092475,0.030441727,151.99908088235293
genres_original\country\country.00039.wav,country,-89.73638,44.358604,36.2862,21.371325,11.469535,17.997496,37.49559,14.299729,9.199136,14.058709,3.7405186,8.127074,2.8403578,10.6649475,6.811539,9.290165,1.4674553,7.7382603,0.09733825,7.570974,1.0258602,7.431993,1.1755472,7.102167,-3.5642974,7.3215613,-2.091178,7.243078,1.7115148,6.8866763,-1.3672682,6.765488,-4.3769636,6.491591,-2.6016088,8.04069,-3.5284464,7.726579,-4.2272496,8.347663,0.43066913,0.64925337,0.45910615,0.4509707,0.628464,0.38029635,0.3939798,0.34646973,0.39537984,0.4807003,0.29243624,0.34610713,3760.4244872923673,766.019343374314,3053.0667721793766,357.29057317858525,7442.646662000532,1315.349647062074,23.707840420895206,14.613641708047995,20.737864146186087,19.655455602473722,20.081267018145482,17.852811667609497,16.228981081352337,0.21237475510352166,0.06243236010648071,0.0963117,0.027604178,123.046875
genres_original\country\country.00040.wav,country,-102.8967,57.49147,85.32916,20.535727,-4.324985,18.65119,30.583778,14.383293,3.010156,14.475697,-1.9592187,11.498467,4.4452953,10.331524,3.4205205,8.113706,-4.253563,8.997546,-1.7713999,8.014457,-3.970628,7.739812,-1.3591871,7.5502276,-3.7630885,7.6842666,-5.1772523,7.62919,-2.8950467,6.569258,-0.26965055,6.2713137,-7.421149,6.4460545,-4.0963783,6.254486,-3.4501848,6.402358,-10.1142845,9.462377,0.34925866,0.4195929,0.56243443,0.3446452,0.33539563,0.24101135,0.3413331,0.42856956,0.3551615,0.43271947,0.29318836,0.37739515,2449.9415972837987,546.7750601165043,2560.4616825468997,350.81783355572827,5043.0028389851,1267.577777790949,26.60585702472447,15.486799352821812,18.837346781316093,18.867263438309095,17.347276623111796,18.709610562199185,15.876121198382105,0.10633306828076626,0.03583823007695159,0.10899377,0.038945425,143.5546875
genres_original\country\country.00041.wav,country,-111.69471,51.31688,82.26009,28.403303,13.068496,19.766037,31.930077,13.18076,23.68303,11.883146,-0.5323793,11.644619,12.029794,9.098426,3.660206,9.664632,-5.7385216,12.441444,3.333035,7.6012826,1.4207492,7.668001,0.7725831,7.0233917,0.5596443,7.230309,-1.1348552,5.662993,-1.7467116,5.502872,0.55844426,6.560197,-2.3236961,6.458547,-4.612612,6.4216304,-0.62006694,5.4036026,-4.944747,5.4584694,0.36825603,0.34311816,0.3845055,0.41365415,0.49612814,0.32195356,0.2608955,0.3198982,0.43107885,0.62358505,0.43152872,0.37858123,2634.0466588107224,906.2020119651899,2898.654345079428,483.43258854739673,5807.6232154302925,2135.520786078756,23.313041922914994,16.460848192159435,19.56772453713975,18.02018534572539,17.729960319556934,19.306028443568227,15.404311902314259,0.09585618529895511,0.05358683770124777,0.11318445,0.024162082,129.19921875
genres_original\country\country.00042.wav,country,-101.28809,39.209324,84.139015,18.709253,7.751808,14.499026,30.383913,12.003306,13.85436,10.686362,11.632601,9.1233635,-0.11175929,7.365472,-4.9390707,8.876925,-2.3706596,7.35438,-1.9748868,7.5045686,-8.18772,7.1539397,2.8250737,7.7583246,0.54670924,7.8120637,-6.795643,6.5206494,-4.3111024,6.3652096,-4.577833,5.56428,-9.847294,5.6066356,-5.6903605,6.1170583,-10.405995,5.3672037,-7.5132923,6.0838375,0.45241722,0.43210307,0.4175605,0.3256064,0.41292816,0.30966914,0.24329482,0.31314275,0.37755322,0.5492924,0.45572367,0.40995255,2386.8223453587584,586.8765117056336,2715.9968533779856,344.6247036837214,5389.550743457334,1280.5289241515745,28.261140625586105,16.605110084455934,20.206982327275046,18.315336720592548,18.91530501496901,17.750297392973703,15.787805118325624,0.08702592879256967,0.035707052236351504,0.117697,0.02226733,103.359375
genres_original\country\country.00043.wav,country,-101.19903,51.719418,85.43055,24.628399,-19.69571,17.739925,20.584856,12.738755,9.973623,13.019937,7.594193,9.036008,0.104056016,11.407133,3.405438,7.907929,0.046411645,8.509091,1.5777521,8.573582,-1.4500952,6.978143,-1.2814347,6.653734,2.1464107,7.3791475,-4.794343,6.8655066,-0.3170538,5.7999487,-0.42996433,5.660625,-4.8876414,5.8056846,-3.0000095,5.4539657,1.0770749,6.066284,-1.4569033,6.0871444,0.36379126,0.37615037,0.5018665,0.34089902,0.38934886,0.29894203,0.41704386,0.42504787,0.3949855,0.6599971,0.31651026,0.35480174,2530.853994149147,626.5876728876552,2491.487169319094,365.4041926227767,5071.785998270608,1350.3600700357408,19.541001399516638,15.22903559689726,19.364892261280453,19.445204624391806,20.397095551803595,18.019575466565318,16.102649107831883,0.1343000193498452,0.04713023080878741,0.09496325,0.038297474,135.99917763157896
genres_original\country\country.00044.wav,country,-162.72116,71.26,119.81048,33.783398,-2.8799524,20.363699,20.506132,17.760221,27.808872,16.065453,5.485367,19.548277,6.040956,11.201417,1.204544,9.259332,-3.6995325,8.6959715,0.3423855,8.619552,4.411625,9.55288,-0.4080613,7.4266434,2.4593601,8.610448,2.1353858,7.8896384,-1.6038624,9.880927,3.629129,7.548937,-3.4621623,9.170106,-2.5598269,8.081688,5.6417904,8.666597,-3.6547265,8.48689,0.29572827,0.36071602,0.26926953,0.44612363,0.3933892,0.25777784,0.40982476,0.34478667,0.45844,0.3969473,0.332628,0.3548273,1730.559357956436,749.092222169737,2248.639954888259,550.1378419417841,3360.9380102009964,1728.9103422323744,22.74654485515364,18.911964723099832,24.026740017769903,22.6870096995629,22.900331560746345,22.35679122349952,17.622313779433966,0.0665200059258901,0.03922020430981034,0.11366553,0.037615314,78.30255681818181
genres_original\country\country.00045.wav,country,-61.2354,48.45712,71.26333,25.525887,-17.042137,21.641657,17.118322,19.960802,5.0581465,13.892325,-4.204789,12.925356,-1.6676307,11.857335,1.1733667,9.87296,-0.854297,11.002732,4.976347,9.199661,-1.695669,9.381787,4.8454185,10.113363,-0.15781678,7.8739796,-2.0794044,7.627907,-0.27295634,7.3220267,-5.3116016,8.4433155,0.23376085,7.7280645,-0.100881144,7.2891884,-3.937658,7.900389,-0.92281747,7.3200173,0.31114447,0.28946397,0.3233733,0.54394794,0.30416358,0.2919118,0.25824857,0.38465306,0.45344728,0.31769776,0.38480398,0.28368983,2777.1145172614247,728.5211508584356,2647.662214458651,344.7845698026324,5621.632673422988,1398.1254508540312,23.285159065277263,16.889762755224215,20.034385508058453,18.291291516794434,18.704429379139764,18.40151691925213,16.307869840978988,0.13296442651896284,0.05914689739302819,0.14661238,0.042221416,78.30255681818181
genres_original\country\country.00046.wav,country,-126.891594,48.023865,103.492065,25.766287,-31.892567,19.115952,58.71933,16.662313,-1.958355,16.10554,-3.130634,12.278172,-2.9370546,9.932971,0.36575213,9.4915905,-3.0380836,11.762996,-0.82976234,7.586182,5.5851655,11.278639,-10.142879,10.409419,0.7323166,9.35383,-1.6198152,7.5841923,-10.050463,7.3396072,-5.2108836,7.6281204,-9.042455,6.8288183,-4.7387824,6.581063,-1.0380155,6.9242105,-2.8514986,7.0373588,0.23346832,0.36712825,0.406697,0.35905504,0.55633545,0.4547443,0.40120885,0.33276415,0.42734465,0.48418018,0.2593767,0.20708643,2109.4728877007824,547.0277963023775,1933.8739158319513,293.71251152734396,3843.9517561496227,905.6098857083834,27.46589733224965,16.448791418332068,20.56508935791588,19.313028706693647,19.44975580191494,21.59549490033782,17.37399174797436,0.11589196739551083,0.047611324353133665,0.10333062,0.033249024,78.30255681818181
genres_original\country\country.00047.wav,country,-165.51901,42.13116,117.87926,24.998426,-33.606743,15.571871,42.623318,16.504196,-1.3848822,11.06242,3.8313904,8.783874,7.169803,8.868791,-7.170014,7.854396,-1.6314923,8.141499,0.8754549,8.184149,-12.514056,8.676563,2.8942633,7.480657,-12.372037,8.595129,-1.3238244,9.069641,-6.636533,8.07607,-8.864955,7.8245597,-5.1069417,9.443713,-8.079848,9.96779,-4.2646637,8.770853,-0.15898141,8.3414755,0.46680543,0.25874022,0.34684715,0.23269925,0.28606927,0.26810965,0.26440614,0.5305752,0.31975982,0.25676313,0.19221629,0.2998213,1784.3451875096134,446.8864199284784,1840.1470652453863,273.11108287878625,3556.786825930002,938.3433223941912,26.46784204522663,17.543559632578734,21.059310260732786,22.223405854286558,22.31485944662875,24.381534364611692,17.418227711118476,0.09412943837074303,0.040130356300566314,0.09065509,0.031277463,151.99908088235293
genres_original\country\country.00048.wav,country,-149.00017,72.3292,107.24382,26.487944,11.1901455,19.855032,26.698795,14.601202,11.405787,16.332813,-3.808101,14.207443,14.028653,9.583583,-5.8929515,9.485676,-11.049588,9.938978,2.8112707,9.194951,-8.445196,9.104526,3.1889079,8.180137,-0.77371275,7.76883,-12.404469,9.288089,-6.286398,8.866539,-3.299155,6.972126,-8.168631,7.131512,-6.5842876,7.2102795,-3.6775792,7.0931287,-2.967854,6.717358,0.3246205,0.2773456,0.32920375,0.2790676,0.29632035,0.49716204,0.27541324,0.22068192,0.18921258,0.2686303,0.43793905,0.33528,1939.716518680421,649.7647919747056,2482.432245833719,404.3653568533712,4126.216715998694,1537.1173702105514,29.405682352907192,17.042896099315698,20.831521615593253,18.27279759286204,18.67378696108822,21.547119730950744,16.364152705042684,0.0639731581366099,0.03404554543959908,0.116934404,0.045800347,117.45383522727273
genres_original\country\country.00049.wav,country,-109.98737,47.4324,134.74861,28.800425,-24.026144,16.505793,19.394617,11.895235,-4.407176,13.6741705,-4.8148885,10.554315,-7.800573,9.994054,-0.3937005,8.184538,-5.4159317,8.39641,-2.957,7.6278887,0.78146684,7.6634693,-4.776981,7.546689,-0.17221723,6.701597,-1.690577,7.3784547,-2.4042227,7.3622584,-1.9624149,6.9544497,-6.938368,6.5474854,-4.0739036,6.479286,-1.955714,6.0969014,-5.792825,6.1534457,0.28977123,0.20569868,0.43993428,0.324555,0.31463924,0.24296327,0.3030995,0.4249755,0.26890653,0.33023822,0.30516818,0.4334595,1600.3408733031765,495.9192769501045,1826.545250818989,359.58352168260785,3007.5151473006968,1091.7544593690425,24.86819302717377,16.260193194499422,19.615939214502713,19.504317577725217,18.781150767306702,19.443398341357675,16.12060662169046,0.07581624600909442,0.028124913795809045,0.14357977,0.041051704,112.34714673913044
genres_original\country\country.00050.wav,country,-143.12674,50.48908,121.898,24.543163,-13.34437,19.160873,47.777847,13.971704,-12.660497,14.04491,23.372252,10.587449,-10.994922,11.858424,18.8561,9.935851,-13.706635,12.04609,15.950975,11.035448,-11.356478,8.747171,10.2887,7.952929,-6.002485,9.262463,2.7361474,8.159766,-9.2863245,8.374631,4.504716,8.757875,-8.325129,9.067836,4.5223846,7.9704857,-6.035288,9.80588,-2.3523781,7.6136465,0.4766894,0.2975497,0.38708714,0.3081242,0.3983279,0.3018706,0.268979,0.41629672,0.32813406,0.44482666,0.28258035,0.30138174,1779.496144918957,627.0142176665111,2035.9825105917691,400.12851137050603,3873.6182434270995,1364.9785534592966,19.785443235836254,17.81306172016068,20.60310450304004,20.568689209299247,20.37930295457266,19.32422376869274,39.1567415346607,0.07890693026799536,0.04591949146356421,0.10938402,0.031495847,117.45383522727273
genres_original\country\country.00051.wav,country,-204.71436,51.48281,121.91577,26.55956,-17.742798,16.9319,46.3246,12.787024,-1.7955843,15.145984,17.031994,12.012404,-14.699763,11.7480755,14.667406,10.325197,-19.3929,12.05838,10.903635,13.107257,-13.474712,9.354183,1.2002156,9.570757,-6.213006,9.322025,-1.6907123,8.34735,-8.696857,7.9581385,-2.512774,8.281269,-11.3285055,9.891925,0.16912672,9.469257,-7.2870283,8.806702,-7.511811,8.933303,0.22548655,0.1268321,0.10145248,0.22887106,0.38084838,0.27871734,0.29314518,0.24626717,0.40175292,0.37876698,0.2741332,0.3597915,1552.7721617035625,611.9710824021333,1848.6019397530902,368.3677707039773,3166.9225167194754,1202.9719514785513,23.981831491119546,22.546158688786118,24.407499939514846,22.811152460095798,23.33407370841963,22.440302155468434,37.08293330341471,0.0592494527621904,0.043583400090552685,0.09027794,0.02876961,64.599609375
genres_original\country\country.00052.wav,country,-265.27585,57.520157,138.85979,25.237297,6.1417327,16.988657,47.49592,16.48677,-2.3968027,19.327951,21.038162,10.488152,4.0860734,10.2972555,17.653969,11.236946,-12.02991,11.760662,15.491059,13.521366,-1.1331513,9.221933,7.8893595,10.388188,0.49858165,9.475517,-0.23055445,8.413071,-3.869981,7.640598,4.0625024,7.762568,-3.111555,9.496737,3.0031967,8.917965,-1.4015296,7.3250546,-1.4950988,8.0827055,0.46265092,0.2575352,0.22311482,0.25522244,0.4437482,0.5455314,0.3551316,0.39432645,0.27725306,0.26225743,0.20403996,0.2642366,1115.7881616131224,479.49859441634504,1662.9965162937942,375.0739579767663,2348.0441350316855,1210.9859265522766,22.379507562773494,20.68892284289138,23.20736237849061,22.258981312771006,21.342250056278004,21.797565243478353,33.83055551302065,0.03547446425116099,0.0249863436185921,0.069503844,0.019812722,71.77734375
genres_original\country\country.00053.wav,country,-84.74407,37.402824,100.98661,17.756218,-16.020493,12.373973,51.761948,13.252324,-17.082294,11.217091,22.577103,7.4873385,-20.299927,9.269243,18.914927,7.7525363,-19.492682,8.432075,15.328482,9.18692,-17.741413,7.6379166,8.583118,6.7391477,-15.000552,7.6665177,6.4369044,5.8993263,-10.276651,6.7791085,3.2850342,6.311804,-9.550154,6.917345,4.0466037,6.884183,-5.595068,7.10405,-0.7083238,7.689022,0.28594017,0.32455024,0.37988496,0.3684338,0.5990749,0.34178904,0.30598402,0.3565391,0.34633654,0.53828067,0.35128552,0.28214034,2271.2893251438104,490.7768486142936,2297.109620641219,246.3006990087509,4956.728360675068,958.7350984229693,20.079600291021716,15.25072629608004,19.06130892546191,18.55134956191455,18.531048303010795,17.441885569081364,42.36119990922248,0.10825444744098298,0.035117035681309756,0.13353112,0.033600483,89.10290948275862
genres_original\country\country.00054.wav,country,-175.0163,39.766396,115.70678,23.748959,5.106449,12.819377,58.160652,11.134419,-3.3279543,10.496998,29.664284,9.447733,-10.028762,8.974721,19.65578,9.927126,-16.30351,10.0926075,13.737743,10.469235,-8.81984,7.423073,7.2240396,9.608656,-8.89276,8.817567,4.7499175,6.7350235,-11.4932785,8.055794,0.91233087,6.8121324,-8.153264,8.487984,1.1864226,10.0292015,-7.9808745,9.067376,-5.6468606,8.998635,0.2528243,0.2095328,0.40563813,0.39825156,0.3005857,0.32202283,0.24807811,0.3515719,0.31089136,0.30116466,0.40886128,0.24380328,1654.6143319062876,555.8096451887343,2105.5250083120286,368.28868662382945,3908.434699563419,1332.4532690168219,22.09031453600173,21.332720795284107,22.809882127930383,20.998311546625114,21.80284035081756,20.05698506644042,38.9222848964237,0.06020787478231424,0.0249648464017551,0.104260966,0.029991493,75.99954044117646
genres_original\country\country.00055.wav,country,-82.962616,39.034008,122.5328,19.158123,-16.658556,10.905445,40.015907,9.647081,-15.007229,11.7094965,21.670378,8.965666,-18.256283,6.8099165,18.361864,6.4121447,-17.988773,8.092679,16.991611,6.862004,-16.039673,6.3145394,8.533731,7.702839,-8.706784,6.815852,10.766552,6.840113,-4.624802,6.7584352,7.2375846,6.7830515,-7.6094975,8.164292,5.2948713,6.6706004,-5.5172386,7.563688,-0.17936286,7.010958,0.30242288,0.3123905,0.26000243,0.4056079,0.47000584,0.27631307,0.31642804,0.2955378,0.47817266,0.37022087,0.32473916,0.47308275,1881.161817758554,401.63509374247394,2116.2376572328676,291.83184972143823,4111.466805189387,1061.0816247896103,20.45688606318805,15.860720533406994,19.54675585846504,19.56410655318386,19.438191090115087,17.841886509661638,41.07408022858644,0.08110419589299536,0.023314182961133613,0.15497614,0.038564447,129.19921875
genres_original\country\country.00056.wav,country,-164.79193,68.98765,123.42045,23.69949,4.2346554,21.990978,48.788734,11.133212,-5.1513314,15.505233,22.84455,11.9091,-7.8052983,8.871205,19.294298,8.940867,-11.024413,10.379803,21.256271,12.319211,-9.740571,8.068572,5.1541314,10.272322,-6.1411104,7.2664804,5.4141016,10.868852,-9.923706,7.8900647,3.9135346,9.840683,-7.3264365,11.617417,1.3926399,8.824809,-8.839242,8.888688,-3.7414536,7.103802,0.36128235,0.24773973,0.20802061,0.15535149,0.27237308,0.6051997,0.36434236,0.28828582,0.27753806,0.4327375,0.37635854,0.24074526,1468.7461596453243,538.6875627453056,1960.7336227819158,403.01026003952,3213.230570034346,1404.3823490478433,24.45376274468534,19.788529111979347,23.530138951887082,22.90019215241876,23.068363522143382,22.20023454677709,39.43060461903836,0.054941088791602165,0.03178465245559216,0.13618691,0.045048676,80.74951171875
genres_original\country\country.00057.wav,country,-137.88376,66.26134,121.523895,22.600399,-13.26719,16.317007,43.318726,13.415072,-10.709389,12.712744,17.858778,14.196713,-7.9495454,10.200978,9.089492,10.469065,-19.792677,8.051632,9.440965,11.097532,-19.59838,10.284806,6.907874,7.7518954,-12.543895,8.775484,-0.7556317,9.521852,-9.14944,7.7890377,1.4457074,8.974389,-8.303117,7.651024,-3.7529554,9.730868,-6.868935,7.0429707,-0.48034763,8.328822,0.2879645,0.35781926,0.2324677,0.3687481,0.23047416,0.24847865,0.26393646,0.27948022,0.56289953,0.3984569,0.3339324,0.21567987,1741.8149971403939,572.8782502784378,1985.76254600948,399.4589387566602,3791.6270725498257,1317.3859696948325,29.963583969439526,18.24552714871611,22.369289643101276,21.5055391779424,20.719450043739542,20.904841542750113,38.936634094371016,0.07543756349167957,0.037212333998220895,0.13006444,0.04855231,67.99958881578948
genres_original\country\country.00058.wav,country,-101.38996,57.646248,120.45385,20.06701,-0.40658712,19.617264,49.04242,12.988951,-15.863626,11.295659,19.873766,10.452154,-13.094367,10.272447,18.574188,9.038462,-15.706967,10.033095,15.254118,9.664792,-5.9068427,8.739233,6.6473475,7.418661,-10.359329,8.3203745,7.085957,6.7012725,-8.217057,7.224315,6.2007136,7.5062604,-8.389561,7.3113403,2.9200687,8.028935,-6.6528335,6.2909536,-1.3233217,6.67802,0.32209867,0.2124897,0.31843138,0.52194554,0.34609956,0.4103056,0.28638858,0.31635728,0.26881298,0.2949438,0.5645828,0.3133625,1796.1137426759594,517.2376852194425,2148.3012551703027,355.65325057046323,4163.80815535507,1272.5787570944244,26.95380365365151,16.881208815550266,20.47041915883207,20.139621007900185,18.710545779765077,18.0079270315606,40.647476213216365,0.07327015407314241,0.03209093860536895,0.16375947,0.04991638,112.34714673913044
genres_original\country\country.00059.wav,country,-185.1138,85.59922,120.50994,36.409157,29.717457,20.966581,56.400288,20.7687,-3.0346622,18.74473,22.222614,13.2897415,-10.344739,17.201277,20.05401,12.014932,-13.685051,12.1766815,9.170437,10.97023,-6.4285364,8.611755,3.2967808,9.437378,-8.737772,10.256234,5.0113964,8.266323,-9.227386,10.088202,3.7786367,9.393311,-10.20193,9.655411,5.912037,12.47037,-4.4247093,10.491358,1.5817281,11.232536,0.1876052,0.13434877,0.21470949,0.39462677,0.25746906,0.3199365,0.27468136,0.44927526,0.42793372,0.29038873,0.28873137,0.17288251,1535.3805435364122,751.0958554345757,2011.4662789164825,565.0055983231724,3510.4121063515868,2016.1613691986688,26.578632563620967,20.782833170119794,25.184533782101433,22.364208691551305,21.05978840275577,19.37802410462996,38.621183008291695,0.052538986914667185,0.031119407741844074,0.14543544,0.048814792,135.99917763157896
genres_original\country\country.00060.wav,country,-178.51938,61.663956,130.13269,31.765577,12.088971,15.6796255,47.051086,11.174915,2.6224906,13.130127,24.094347,11.078134,-4.627712,10.3658,22.772083,10.147472,-10.941142,14.280278,13.539126,12.012919,-6.8097224,11.458858,8.71216,9.807521,-6.0909204,8.944059,4.0794597,7.4835305,-5.152722,7.4449944,7.8594203,7.9341273,-5.255473,9.811698,3.956895,8.191865,-3.1399353,8.767268,-4.3878207,8.183895,0.48721957,0.27028704,0.23183672,0.21975352,0.35287243,0.49097502,0.41952023,0.44660845,0.33244267,0.3311142,0.24754313,0.27444452,1373.0379665331902,722.2163517369961,1930.2022840004208,547.6781374277836,3068.9564424402574,1846.2168429504652,27.479287353445134,20.32727112931964,22.515426450864002,20.81768468379491,21.467932834042355,20.273933048720206,38.067551542478874,0.04291659612035604,0.03347395883037927,0.14100803,0.04144423,69.83741554054055
genres_original\country\country.00061.wav,country,-186.39238,68.18073,135.86008,28.998234,5.928499,16.122103,45.8605,11.991578,-5.7662754,13.343567,22.786793,9.68778,-13.002946,10.4407215,17.122374,10.43457,-13.756378,11.4646845,9.734512,10.787315,-8.368886,9.200876,6.659228,8.634011,-9.09154,7.8515596,5.4229984,8.056015,-6.853948,8.415666,1.548852,9.375609,-8.558102,8.074863,5.4474525,9.326093,-4.363458,6.365012,-4.7068315,8.547337,0.15060635,0.29895702,0.43738723,0.2550761,0.2914313,0.15945984,0.23860762,0.28944427,0.39231884,0.6774941,0.35185656,0.23085338,1397.840984804417,615.3106661015726,1895.9827784828635,497.88227040116686,3101.314580108359,1662.757276588766,27.58007613186269,19.05086549730835,23.54077353193361,21.173070159471408,21.600273443803218,19.88486271320346,37.32638730195619,0.048586629861648606,0.026553654216702582,0.10717965,0.037722252,60.09265988372093
genres_original\country\country.00062.wav,country,-94.09417,40.084213,109.16863,19.22721,-11.84995,14.213268,41.56547,14.368028,-19.475983,10.633924,23.831955,10.220483,-19.935585,9.19578,20.374748,7.8270197,-17.28199,8.632205,16.585615,8.760348,-10.199128,8.846672,9.392066,6.6552753,-10.051932,8.593403,7.8054934,7.175214,-15.095585,6.7896905,3.2743914,6.639405,-10.467717,6.8624477,7.547813,7.596343,-5.5502315,7.1874056,2.2327795,8.164343,0.33516163,0.38692993,0.5767059,0.42654756,0.44255108,0.39907053,0.34694004,0.31459984,0.36108622,0.5269956,0.2820255,0.28585833,2167.0242315710375,532.4629365893604,2277.7405542601186,265.51564160424573,4794.804339807469,1044.2763347218936,22.214709366175665,14.489083721815687,18.915254411971922,19.172380861037364,19.000384446109432,17.33892602880362,41.59392026348088,0.10237579818111456,0.03931169314263441,0.1301793,0.03795233,172.265625
genres_original\country\country.00063.wav,country,-185.4226,74.86177,118.46735,36.159046,17.79529,17.833944,48.887688,17.978962,-2.1608062,13.860936,21.37011,14.558919,-9.001163,13.804454,20.535988,10.374897,-11.416626,13.460763,9.282178,13.396868,-5.4816723,11.11055,5.754808,10.688037,-2.979571,10.828185,3.4514766,10.202302,-6.0777125,9.88733,1.2669606,8.645212,-5.9532437,8.917591,7.072019,12.332469,-2.168447,10.783671,4.8688574,14.669105,0.29398873,0.38031444,0.4758382,0.3330624,0.37840775,0.2870635,0.38561815,0.2816023,0.21900657,0.28379795,0.29961196,0.38893482,1615.0641667795348,775.7082811574722,2016.8360437671106,575.5897134697443,3659.7028702774282,1904.0101845294669,20.517252463779382,18.744417991757807,22.87792124002176,22.398678175900958,21.59547075188792,19.63486415638248,38.16334053780236,0.058282716355456655,0.03559421272405188,0.13140647,0.04925543,83.35433467741936
genres_original\country\country.00064.wav,country,-217.74222,58.811954,128.34692,25.634882,-7.513693,16.27704,39.265003,16.106575,-2.5556235,14.295863,18.173012,12.926786,-15.166711,11.348372,16.770924,12.151826,-15.265888,9.847953,4.8992114,11.928102,-6.5137625,10.424686,2.8973584,9.391997,-11.506306,10.998395,-0.105541974,8.917253,-10.6238,11.71213,2.2620764,8.222114,-9.167437,10.904147,6.8667727,12.610214,6.2359557,9.755339,3.369279,11.486206,0.31389865,0.21534714,0.23601435,0.25578195,0.33189765,0.54693896,0.27878496,0.2872028,0.2099458,0.19205947,0.1533749,0.13839485,1512.2857691578783,444.30160898708255,1865.6110493735252,381.6749851496586,3238.930414630902,1125.5720548952652,23.022806078155234,21.268061748051913,25.770905242106927,24.215606822805608,23.42136607103336,21.164194018686207,36.37056119420417,0.060115282749613,0.02583243154051234,0.082580954,0.031749062,66.25600961538461
genres_original\country\country.00065.wav,country,-250.87863,72.55221,163.09831,26.469475,-3.8807104,31.08348,30.153528,19.674978,5.576422,20.904198,7.4960384,12.128931,4.02482,12.611129,-2.1106052,11.333338,-5.470411,11.891068,-1.0583411,9.748161,-9.981246,10.191552,1.8183817,9.050308,-8.760416,7.262389,-7.0439935,9.203414,-4.215172,7.8380866,-8.841513,6.5025744,-7.4048424,7.1789026,-3.301464,7.3485055,-5.14065,6.987006,-9.97036,6.5034275,0.24495482,0.22761253,0.14058658,0.20424421,0.3166546,0.2854703,0.35715273,0.27866855,0.37647423,0.33484587,0.26721656,0.3597533,894.2258292361414,402.6097100619182,1195.3880118512106,316.849135334522,1639.0484222317627,925.9143593787753,28.50142998154316,21.31881008146533,23.01841894399749,22.04907315305593,22.219443606863397,22.277500566198025,30.488929600048326,0.038680794069272446,0.02104058241262277,0.11056769,0.062339116,123.046875
genres_original\country\country.00066.wav,country,-102.51608,43.934692,135.7217,19.129076,-46.895443,14.984765,32.746296,13.958892,-11.16036,11.532996,23.465744,13.301487,-9.766421,11.1164,16.901648,7.929573,-11.6851015,9.247279,13.207406,8.506919,-7.183144,9.971457,4.735628,8.62188,-8.202425,7.047127,2.6096551,6.6645703,-2.9877625,6.2281985,6.8062387,7.8650875,-2.078867,7.1349688,3.292025,7.474961,0.283438,6.5584264,-4.21877,6.254218,0.16779296,0.24855918,0.33179533,0.23446518,0.4512853,0.2592008,0.32590023,0.35563758,0.31361485,0.65874904,0.27046004,0.23111793,1701.133231854635,329.57568879764625,1709.034417820481,245.68750848206787,3242.2803943740323,771.563667647586,23.480926169902663,14.951755780557573,18.667521246552635,21.225098899861738,20.574316531414524,19.811244997177077,38.969597854295316,0.09886750495839783,0.02650257338950249,0.13643475,0.03817725,112.34714673913044
genres_original\country\country.00067.wav,country,-328.72546,85.17587,167.05113,30.841068,12.98839,36.108856,28.820633,18.272833,11.246061,21.735996,14.4267235,16.370375,11.705959,10.931771,7.8041215,10.904272,-11.729083,11.281999,2.385381,14.208754,-8.347571,9.720458,-3.857314,9.365146,-6.7459235,8.574671,-5.7640853,7.996214,-8.251607,8.4783535,-4.5495777,6.581095,-1.053864,8.010097,-4.606028,8.122923,-2.8582497,6.5162377,-2.2324877,6.776973,0.3398605,0.3718284,0.29673842,0.32533044,0.31921646,0.37915137,0.25290307,0.27696162,0.37847292,0.308645,0.33985683,0.26661295,857.9961382033514,534.16399314402,1237.6766228928477,412.98806594262567,1445.8079240639513,1251.619986828576,28.01887488893381,20.404679891875528,22.960022523924167,19.5104147122479,19.03323745172296,20.064943708766254,28.51876465186847,0.03538187221845975,0.024618088347495418,0.055430457,0.035105597,64.599609375
genres_original\country\country.00068.wav,country,-229.4689,48.258083,157.31282,29.6603,-16.762049,17.336306,31.879862,15.253838,-0.110369705,13.735313,16.656443,12.095087,1.3551719,10.563785,12.223305,8.649878,-3.862505,11.615855,6.8392315,10.302911,-4.2632265,8.37183,1.337568,6.873982,-5.8956633,6.593345,-4.0342126,6.385128,-5.2549577,6.94208,-4.548437,6.9617534,-6.8075137,6.869327,-4.4060035,6.5697145,-4.17981,6.4016814,-6.349776,6.688016,0.24516886,0.38872597,0.46167588,0.34293872,0.3292616,0.30153126,0.44910154,0.28315723,0.31443173,0.4558334,0.33894613,0.28187573,1130.9407637739446,440.0955129696016,1458.3870780464235,401.0236767349782,2216.5365969064437,1149.8314027954145,27.09064381877084,18.83957233726177,20.66025173966048,21.29418215116375,20.1007210395604,19.029438942368646,32.55556313762988,0.050243082430340556,0.02284380251731797,0.08349272,0.040145256,172.265625
genres_original\country\country.00069.wav,country,-217.16394,51.45779,136.1694,26.420107,-10.362346,15.128571,51.389046,15.796319,2.612237,14.593574,15.1277895,10.607967,-0.6809203,12.801245,12.287426,11.196697,-6.2264233,9.77049,7.8023224,9.531268,-5.4090786,9.907318,3.6247036,9.869959,-2.807217,9.975811,-0.36028755,9.241766,-0.55972093,9.560222,0.36299673,10.176203,-2.2528908,7.143534,-2.4962318,9.987392,4.193677,8.902342,0.35145858,8.998381,0.20630917,0.3751473,0.57601905,0.33498782,0.26918843,0.22504999,0.33582377,0.33938357,0.37896332,0.5802431,0.31681874,0.28796273,1327.8240961067788,418.0852983411037,1632.8005227389544,261.66682635330454,2755.9750016628773,848.6274880285345,25.486507816198934,17.6909189891391,22.265196894775094,22.349303829382016,24.30249538564455,22.936067151310297,35.56480917772748,0.06108731012964396,0.031818339280545,0.0871251,0.046953782,112.34714673913044
genres_original\country\country.00070.wav,country,-99.32007,51.827866,117.56864,23.8662,-29.88463,15.543776,40.83229,15.293461,-15.2631445,11.369389,27.980684,13.105043,-11.955397,11.075041,13.331403,8.534715,-11.367624,8.806241,10.538834,9.377917,-8.748049,8.461807,8.41087,8.488718,-6.844215,7.1647906,0.4395354,8.538646,-5.3088655,7.5238976,1.6441802,8.011513,-7.3530955,6.9710917,0.51846576,6.71047,-1.4642422,6.0223536,-5.9269967,6.5913277,0.29691893,0.31749585,0.27074203,0.4408626,0.57981676,0.3441198,0.34008932,0.28011948,0.3957898,0.383732,0.30512923,0.4247258,1935.1584683595631,499.9920645302439,1970.0773805323784,314.24580316551777,4048.7838508913023,1117.388788849889,26.231456497889617,16.126890794464888,19.608399341162325,19.983849034837355,19.98148301059391,18.24273996931003,39.83566583220026,0.09476964613970588,0.03778507253215874,0.1442469,0.05290317,112.34714673913044
genres_original\country\country.00071.wav,country,-185.85666,80.10434,155.29944,33.914364,-25.034077,23.12147,20.532516,16.758472,-3.8348439,23.8976,-0.60029286,13.287874,-4.568851,11.83067,-5.914592,8.407563,-16.53805,10.732309,-0.45218414,12.430832,-16.302252,12.279803,-4.213608,11.69462,-16.815842,10.5017805,-4.541953,8.893256,-8.360624,7.2710743,-9.983513,9.1422615,-7.767914,6.8077216,-8.343301,7.939886,-6.8449087,7.5829153,-10.199348,6.9839897,0.19638889,0.23038308,0.42468882,0.26773965,0.2953458,0.18918487,0.28661272,0.2855621,0.25779593,0.36182716,0.2834448,0.42873797,1261.3177003596359,577.969939161235,1395.9041023200148,454.31513709043725,2421.243692403976,1249.5729450282663,31.726383711421338,18.350354938837942,22.389094232488784,21.88348902541341,22.60560775937335,22.95754050427963,33.23392115681829,0.060543095733359135,0.029844938534051905,0.11840969,0.06270744,143.5546875
genres_original\country\country.00072.wav,country,-96.28298,42.31108,131.92026,21.145195,-26.322138,17.300581,35.98216,14.021032,-22.807713,13.390401,14.489158,12.1405325,-11.834168,12.899321,11.80155,11.153888,-21.218061,10.095889,11.527786,10.155132,-12.925014,7.499921,7.1762304,9.717597,-13.93854,8.262536,2.9490716,8.096016,-5.027494,7.2100325,1.5300584,6.8811655,-4.385613,7.3987565,2.5454063,7.04178,-5.366111,6.9142675,-5.97007,6.3588734,0.24913344,0.48542157,0.37103835,0.23580472,0.32945794,0.30319756,0.4974818,0.29918745,0.32450053,0.49713644,0.2969648,0.2523146,1711.210421666456,409.4334897789892,1873.5602980165907,298.84040306311215,3556.48682774405,1027.9143707084193,20.529588709045182,15.857930631190348,20.18994449164132,20.550534225909033,19.72522803660534,19.938560993984463,39.57584267932134,0.08227350099167957,0.024406037724942355,0.1565894,0.048743367,151.99908088235293
genres_original\country\country.00073.wav,country,-167.00983,51.574467,132.44342,28.157711,-17.294891,21.951275,46.932304,13.8111105,-3.6503565,14.216881,20.946674,12.783539,-8.830444,11.163453,8.546585,9.689942,-15.151556,9.763395,8.105514,9.203424,-16.944101,10.600914,6.6470175,9.919687,-10.924017,7.2308946,1.1016004,6.8765564,-6.29374,7.213006,-3.6414769,7.2717886,-7.382185,7.176692,-2.1708148,6.6396303,-3.8498697,7.1848116,-9.668263,6.448833,0.3688882,0.30252892,0.24084851,0.34523523,0.38462225,0.29486185,0.4552861,0.34055677,0.3855146,0.36532262,0.39428493,0.62132496,1549.1920056300596,508.44186230775847,1823.8559848265643,406.67584721181777,3290.171771448094,1264.4554432694538,29.348426839659783,16.96484520355249,21.19359210495729,20.242812192606504,20.23256927086418,20.733623983477553,37.57941658109779,0.06975279061048761,0.029433094878084164,0.09581227,0.038134295,151.99908088235293
genres_original\country\country.00074.wav,country,-207.27617,108.60741,130.94698,28.914797,-18.496767,22.411139,33.299126,19.239944,-3.9221637,21.131498,15.393467,11.220083,-6.383,15.397177,2.9519517,11.479512,-16.786154,12.448437,7.0848484,13.546053,-8.59407,11.300055,4.7956495,8.485658,-12.250599,10.941155,-1.0214049,8.139334,-4.5420403,8.807676,-6.066712,8.020655,-5.5392537,7.607369,-2.364517,6.953273,-6.528939,8.099456,-5.895574,7.3385434,0.3519768,0.30720675,0.4943594,0.34166178,0.26528832,0.2021677,0.3619882,0.5635552,0.34210005,0.3793678,0.28293505,0.3684738,1533.8625889630155,673.2621397779759,1696.8473504621961,449.9906710603509,3117.3561497738488,1397.022820909023,28.536210809671985,18.602553505107384,21.64731422703617,20.746136843413915,20.760215413996118,20.575142163765054,34.295483287847134,0.07112353062113003,0.04274126192777836,0.082314834,0.054394685,135.99917763157896
genres_original\country\country.00075.wav,country,-60.84931,39.757454,105.47066,17.295582,-16.914597,12.4364805,40.70118,11.134196,-15.038137,8.032457,36.0463,8.078317,-12.818773,8.253634,17.483316,7.563728,-16.755318,7.638416,11.757576,7.5703197,-10.130225,7.4116807,13.194357,6.937516,-12.209436,7.3980455,2.357671,6.871524,-12.200345,8.381429,6.448179,7.1935773,-1.7883276,7.536565,6.329572,6.509843,-1.3351495,8.447795,-2.7925975,7.9633775,0.21290185,0.29478672,0.31451917,0.4008002,0.63767076,0.30889863,0.3471976,0.458468,0.3867469,0.54672045,0.3177302,0.23525509,2187.464108981419,389.91268224192555,2242.097687950802,207.68479600680277,4841.679056362471,788.3220683247945,27.171996712576302,14.737752961245125,18.216947379993908,21.04237651496847,20.380579754230574,18.90610658304609,43.31146945387574,0.11375403625677244,0.03871022322277994,0.17973058,0.05374876,95.703125
genres_original\country\country.00076.wav,country,-183.97171,79.849655,159.81995,44.098537,-23.17131,26.517508,43.053974,24.107862,-9.468154,19.93283,8.831391,14.559623,-1.65151,13.5184965,4.351795,13.686588,-13.370459,11.648233,0.83986324,11.153205,-13.976324,10.198637,1.4428531,9.90045,-7.390412,9.08993,0.61094123,8.984193,-3.3870335,8.242758,-3.5861692,7.805461,-9.068071,7.74271,-3.1647353,8.089087,-4.0701723,6.468462,-7.053117,9.017677,0.2210382,0.29540998,0.41105384,0.2904387,0.32792693,0.23515138,0.2710258,0.20833382,0.2520663,0.48078626,0.28397477,0.29048744,1321.5897450564103,637.0698588270498,1409.2266087020437,491.56458378719555,2590.326003319708,1347.802356481868,28.606980214416144,17.413685510636196,21.858970627304533,21.53313747444272,21.102024171045628,20.95128213957614,33.18520587126007,0.0665252968991873,0.04089089546495187,0.12832628,0.05277878,143.5546875
genres_original\country\country.00077.wav,country,-118.23319,40.413006,152.94319,21.52688,-46.513092,15.747533,31.120495,11.540601,-17.286913,12.40955,6.277332,11.014613,-3.6798625,11.990004,13.048771,9.516165,-13.126937,9.053462,15.706044,8.925866,-13.076928,8.83593,5.7017627,7.9057207,-10.694595,7.2453723,0.9979592,8.033521,-6.701846,7.2870216,2.587603,7.1046114,-9.8034315,7.9493933,0.16060126,7.640265,-3.4548173,6.7580037,-7.419519,6.8451166,0.5940152,0.24348766,0.24944542,0.20970307,0.35300118,0.51417893,0.26196888,0.4002729,0.29369172,0.39903548,0.2355727,0.29313114,1513.1966226436089,305.9173976026017,1558.1150005356596,251.3723348914992,2922.698993505708,687.8422150737013,25.59138030861181,16.118034783670595,19.831175754893177,21.17496741586182,20.362660303135872,22.692035888473313,36.90561098907485,0.08784300624032508,0.022909935885453283,0.13140137,0.040512234,184.5703125
genres_original\country\country.00078.wav,country,-302.58182,87.291306,150.15967,29.005163,-3.7027955,27.763693,26.923807,16.983082,-0.26331598,17.987024,13.522552,12.77531,7.2485633,12.346619,4.217868,10.648344,1.7668283,10.96087,6.5633116,10.897256,-0.4889708,9.04944,7.8965797,8.988192,1.32933,8.100581,0.47706708,8.437765,0.0748471,7.850857,-3.2051349,6.9654493,-1.8265169,6.867849,0.8744352,6.936177,0.5740033,7.9398165,-3.1530657,7.4169397,0.37655404,0.39626136,0.35818845,0.40115234,0.4408931,0.31365037,0.32437623,0.2581433,0.35772812,0.41348493,0.40437382,0.47072792,1143.943990289628,571.5072001125932,1443.341974961158,404.23165325044164,2222.2448957224747,1301.0017786363276,24.891778506456394,18.005563391924134,20.200303340665947,20.32951901816465,20.028056374424093,19.313223782025204,29.3514952632483,0.04985797515963622,0.03811616838618607,0.043252815,0.032864917,66.25600961538461
genres_original\country\country.00079.wav,country,-229.1472,71.243225,180.35635,37.877934,4.5209055,26.909842,24.184404,17.384388,1.1109341,21.219868,3.9924355,13.170712,-5.9960327,14.104945,1.8722159,12.726806,-13.136269,10.706393,0.0047070766,14.461888,-13.499958,10.489655,1.5836844,12.128896,-13.435797,9.676011,-5.6945286,8.57621,-7.6074038,7.815942,-9.802796,8.714246,-3.7803762,9.003713,-4.796636,8.01814,-4.7147093,7.701957,-2.9630823,9.301623,0.40901265,0.21867539,0.29994503,0.2416394,0.4552702,0.35211018,0.2593401,0.47130138,0.252698,0.3082281,0.182663,0.27206466,963.1958805922379,533.0759492321956,1234.8596843387638,509.10427669614336,1752.8894005176085,1285.9457978305456,24.031283669045862,19.285411495880826,23.095381567075282,22.651522738070902,22.858773279362758,21.051129197341364,32.190423480597644,0.04576843072755418,0.024571649731683964,0.11523083,0.039838884,80.74951171875
genres_original\country\country.00080.wav,country,-100.955956,54.379078,111.60762,28.598509,-13.152134,21.453714,44.59755,13.289794,-5.9610386,14.165596,29.337101,11.627922,-7.956897,14.540013,19.591026,10.497485,-22.446842,9.295377,17.270527,9.862643,-17.831654,8.517093,11.408343,6.6665683,-12.451892,7.4145164,1.6513623,6.9791794,-8.525837,8.34111,2.7190504,7.1307,-7.307457,7.73135,4.8687754,6.748484,-1.2129419,6.8328004,-1.293074,6.4551244,0.3017369,0.35055244,0.6034163,0.46130654,0.27218416,0.22461608,0.38877094,0.43410656,0.34445482,0.4929315,0.37635455,0.39732617,2049.894019739639,760.626670141718,2188.355870987396,465.19121255831425,4435.848177032943,1691.4120275746222,22.291812924151213,16.1587582549129,20.333392544853993,19.654526623129517,19.810988248782213,18.65897485694785,41.44337627348281,0.08940724470297988,0.04595830881893212,0.15323907,0.04634807,99.38401442307692
genres_original\country\country.00081.wav,country,-74.1483,47.05323,107.63805,23.972424,-21.198166,17.44069,47.234455,15.982857,-5.976316,14.994824,17.812094,10.819422,-20.399551,12.110627,14.992423,9.140961,-15.965242,10.81803,15.734073,9.001505,-14.664024,9.467417,10.681491,7.9011903,-10.128547,8.570702,4.4502964,7.295564,-7.654799,6.991798,6.92382,7.196109,-9.014679,7.0076776,4.1666946,7.078698,-3.7480404,7.165964,-3.5929134,5.8267126,0.3227466,0.32860032,0.3428638,0.36174238,0.50660926,0.30714145,0.28864253,0.31173426,0.4165794,0.54762506,0.38766086,0.42289627,2101.538599563589,628.9973344271301,2152.183984058375,334.15143341032865,4416.156629438371,1328.0871359886846,23.64089875529396,15.496152149993332,19.59514153470297,18.54204254620147,18.56043700644706,18.352009974407324,41.58722106804788,0.10102962340363777,0.04830668405281991,0.16790287,0.057332803,89.10290948275862
genres_original\country\country.00082.wav,country,-68.62351,38.210598,101.354126,22.174917,-16.908741,17.371264,51.526352,17.025759,-10.228339,13.585275,20.050034,12.302597,-21.784996,10.975102,15.524762,9.802384,-18.795237,9.9003,16.359055,10.035913,-17.893854,9.757059,12.126649,7.6387877,-13.205329,7.9388037,3.8833323,8.066743,-8.886962,6.5514636,5.0211496,6.4938684,-9.8277445,7.2422953,6.536147,6.333558,-4.5069447,6.751696,-1.8084126,5.440499,0.35191157,0.33027664,0.4483485,0.38223886,0.3902272,0.3513389,0.406574,0.5471932,0.37354544,0.3775361,0.3139881,0.35681352,2253.250681954205,562.5580214195502,2261.407343786666,296.0615107826247,4798.970981279025,1144.0542087784588,24.173632578296363,15.020675522865188,18.767996721508425,17.409859541584808,18.314437007335883,17.337015542675523,41.92643243225105,0.10609270692240712,0.046736595067522604,0.1664755,0.048545144,117.45383522727273
genres_original\country\country.00083.wav,country,-148.55994,62.11657,141.2805,27.041523,-15.883042,22.001902,44.655067,16.724808,0.9918707,15.379045,13.662191,10.557697,-13.240343,12.008705,12.651497,9.405035,-11.702235,10.589543,12.159911,10.341915,-10.476022,10.280775,9.908224,8.506573,-5.055813,8.024053,1.3398416,8.59311,-0.5577617,9.327195,2.856684,8.274159,-8.09752,8.13744,2.1134844,6.9120765,-2.4832213,6.7856355,-4.4316597,7.3731937,0.2698947,0.34160885,0.24117957,0.31908524,0.39753842,0.24863681,0.28927085,0.25569546,0.43271405,0.35573903,0.2814219,0.38759547,1436.0348088902886,547.3076862797541,1729.5975020613096,400.00149295122304,2924.248984133127,1286.6282763496517,26.489397441044893,18.2032301779277,21.70688286295717,20.054944453661225,21.106314662599143,20.934006088599265,37.36986956874182,0.05955141616679566,0.028660417942363077,0.13104534,0.04272267,143.5546875
genres_original\country\country.00084.wav,country,-80.23639,48.4803,108.186485,22.723793,-23.827435,16.64029,52.60141,16.248013,-6.424085,13.997867,15.064198,11.667395,-17.635906,11.508749,9.739016,10.133349,-16.176489,10.018455,8.906126,11.036865,-15.964033,9.561541,8.001828,8.908177,-10.704085,8.505259,4.5692387,9.097555,-4.9603505,7.557329,3.9968152,8.068617,-9.807707,8.267272,2.6804268,7.313479,-8.185659,7.565509,-5.239688,6.544506,0.34107986,0.27706596,0.44126546,0.2744831,0.2926623,0.22172543,0.2648708,0.40688652,0.2823215,0.3965284,0.2637429,0.37414756,1965.27661374642,522.6818919976369,2036.6950920152815,294.3097893566538,4060.050449430389,1047.137865794431,25.66026722604263,17.96938421300975,22.55371880479695,19.475608051787148,20.404534231343995,19.665520113117665,40.35514827911885,0.09301795605166409,0.03909767621843402,0.18059872,0.058629815,86.1328125
genres_original\country\country.00085.wav,country,-146.04881,56.333736,124.6481,25.101595,-17.922836,23.168272,49.225044,16.308725,-0.17947567,15.199157,22.789757,12.221791,-7.1734576,12.545498,16.74798,9.144311,-9.723663,13.411544,15.444623,9.897014,-7.621331,9.073994,10.908756,9.181845,-3.4551363,8.928064,5.422265,8.613195,-4.9359694,7.4927726,5.122743,8.184156,-8.049169,8.664971,2.6350684,7.3397,-1.8498029,7.3831472,-3.4177577,8.82099,0.22535634,0.3072567,0.28550702,0.33604583,0.5213762,0.3410697,0.3046532,0.21882035,0.3722402,0.5057222,0.30818015,0.32905224,1596.220912252853,528.0459662561408,1853.2491399296684,319.25578013963815,3291.4800968701625,1087.40534236977,30.07542254413754,19.13320478463275,21.988430007537435,21.339140988206584,22.126353055344435,20.6505605157768,38.47901470532178,0.06926526521381579,0.035425249299960236,0.13540749,0.043378245,73.828125
genres_original\country\country.00086.wav,country,-122.427414,62.98943,111.48314,26.787529,-13.694294,19.937801,53.828403,16.64972,-2.6777658,14.918371,19.67755,13.940772,-14.138923,13.018204,13.743676,11.192814,-14.016459,10.61321,14.626713,9.881042,-13.9932165,9.116735,9.218205,8.967783,-10.559242,8.634879,3.0057268,8.996706,-8.314941,7.6749635,5.0736394,8.077787,-9.64663,8.462201,4.321747,8.16691,-5.6819005,8.771169,-1.6688946,8.359397,0.3891392,0.33652207,0.39819604,0.41483772,0.35741618,0.44681448,0.32249206,0.3358709,0.2733775,0.3709311,0.4646758,0.3523278,1879.9377906980571,529.6149221037448,2085.606346373194,341.4154861553553,4031.9756191950464,1181.8374678364964,20.716778121215228,16.493487475789806,20.285511839395692,19.606751751347293,19.851954141836206,19.00231845091499,39.07790420748087,0.07831736467202012,0.03006529654044553,0.1335073,0.041700263,117.45383522727273
genres_original\country\country.00087.wav,country,-170.90068,75.6464,124.81326,26.720907,-19.262194,24.18295,39.2072,19.333735,-3.7551055,15.867166,15.289897,12.424393,-12.972992,11.184605,8.530165,9.22073,-11.833666,11.379833,11.321371,12.123993,-13.773079,8.384394,3.102464,10.705162,-10.078784,8.788025,2.897005,9.90652,-5.4846835,7.3549433,2.5281568,9.659518,-9.198529,9.805603,1.073037,8.977739,-3.5728164,8.147124,-6.7214923,8.276258,0.33316875,0.26487026,0.3649671,0.27312315,0.37381157,0.2361734,0.2703995,0.48070076,0.32219908,0.3547611,0.28091666,0.38610154,1589.6339834802307,573.3598496351385,1805.8872708820077,354.05145060141166,3159.789226520172,1244.2311570456877,27.391485678953092,19.93890139084065,23.35535665362241,22.129004284077734,23.391435425995525,22.642686140915544,37.71043322301243,0.07391451903541021,0.03676068935882658,0.10860429,0.052365407,143.5546875
genres_original\country\country.00088.wav,country,-121.94322,55.226944,123.237656,21.858618,-8.495369,22.729239,51.596375,14.876587,-0.103512935,13.488208,20.407001,12.150394,-11.87541,11.310997,16.275984,9.396151,-11.508768,10.818153,11.847225,10.717775,-8.085656,9.408189,9.13035,7.492578,-8.638808,8.717765,5.559068,8.21137,-5.714605,8.51829,3.9428213,8.629027,-5.466577,8.66588,4.9758854,6.836764,-3.035579,8.249626,-3.316732,7.052416,0.27207658,0.33147562,0.26022857,0.38516086,0.46274242,0.3147692,0.35709053,0.29853374,0.41971081,0.4173602,0.34198916,0.38260937,1623.0094789002958,483.87007119706806,1963.4443413287322,360.4566027283161,3527.637002194998,1214.7109615175057,24.94430872639813,17.368857001158094,21.377784196397972,20.151879655497172,20.48685651642176,19.417616260335254,39.18369661436652,0.06606309258900929,0.026334896534247934,0.15263915,0.05218848,103.359375
genres_original\country\country.00089.wav,country,-205.14923,72.67613,140.98761,31.947943,-8.957966,21.976686,36.979443,16.4946,6.4254427,15.825497,14.875375,12.513012,-4.3181176,14.208483,12.232446,12.195289,-11.431657,12.175641,11.850926,11.027356,-7.9033823,10.053122,9.912311,10.859849,-2.3516495,9.056626,4.477267,10.71275,-5.0110183,9.717298,3.1385374,9.583136,-4.5251365,10.667956,2.6503336,9.233511,-3.1228733,8.706255,-10.712697,9.213452,0.28979883,0.39070085,0.35007027,0.24239165,0.29493538,0.24912794,0.2647663,0.2123776,0.35767883,0.52573663,0.34390807,0.3439598,1321.7303763628809,715.3177409912472,1667.266319633863,467.66643155346924,2584.1010409612036,1544.0588055843373,25.01470334661778,19.781225601379692,23.013063091073064,21.75352423805103,22.400871224501294,21.71620710467617,35.607464933029014,0.05250308388157895,0.03535657902986996,0.10459916,0.04758657,143.5546875
genres_original\country\country.00090.wav,country,-91.68523,42.004105,115.86115,24.04322,-30.200949,14.839129,52.273148,14.841843,-5.025164,15.472292,16.953514,10.043092,-15.656589,11.123904,13.539407,9.332804,-12.762941,9.845575,15.969127,9.561973,-11.969896,8.309946,11.058928,8.027235,-9.962004,7.832697,2.0955365,7.818981,-7.82702,8.82329,5.0337253,6.4421134,-7.3030434,7.918495,3.050468,7.0503807,-4.442384,6.87332,-2.2333906,6.4141192,0.2957662,0.33748293,0.24843013,0.39827153,0.4844272,0.36386892,0.49671078,0.33456713,0.41613865,0.2745852,0.32613084,0.47790083,1927.440445022141,520.6316293637605,1972.130487815911,288.3542787357532,3883.326518055824,1019.9777533674676,24.63908104267866,16.967745371130455,19.733994364514956,19.127907847214516,20.23000558488195,19.73571733791246,39.83680953720085,0.0990303913506192,0.04177905279243458,0.14735453,0.048840377,135.99917763157896
genres_original\country\country.00091.wav,country,-193.78868,71.17263,125.56074,27.058666,-20.924124,24.2316,46.338,17.918148,-2.685432,19.088177,12.833369,16.653675,-6.6019344,12.84657,10.727056,11.867411,-10.907483,10.86304,6.109273,11.488873,-9.442732,11.950405,5.163946,12.675336,-3.658497,9.102029,0.3212968,10.414641,-8.018199,9.519416,0.397922,10.135573,-6.5234594,9.886585,1.1838377,9.138722,0.7200209,8.261831,-5.210151,8.277104,0.34887335,0.30018866,0.3850908,0.47568065,0.32246155,0.40201107,0.30212942,0.3598155,0.32673284,0.31327686,0.39741772,0.3064893,1563.4183306021303,612.3692259764919,1779.2175689815258,377.5091596850337,3233.9637779968075,1242.9806742317326,26.738418620501783,19.411619371328367,22.429404591423193,21.34737987888867,22.049156045141775,22.57016381744465,35.74796701403092,0.06475622218459752,0.0364948809595604,0.08943178,0.042048275,117.45383522727273
genres_original\country\country.00092.wav,country,-50.77633,27.108038,96.71716,15.431953,-24.326113,13.616228,66.076126,11.878087,-14.680636,8.593227,24.391264,7.732937,-21.017485,9.257554,12.469586,8.211669,-18.131815,8.4839735,13.267164,7.4291167,-12.802163,6.713641,9.798451,6.6404705,-11.344081,6.3172655,4.923647,6.3433123,-7.846177,6.7269692,5.73902,6.137809,-10.303221,5.6557035,3.7310996,5.292133,-3.2382276,5.8437023,0.38193187,5.5072646,0.27112153,0.28683728,0.47211856,0.40720502,0.45137075,0.26809603,0.36836427,0.5441291,0.4021051,0.3756216,0.2693115,0.33000508,2334.8728689120853,425.2341228411121,2212.472815214581,242.4214407291594,4838.912406425358,789.357635664914,21.328069626607782,16.123277941905336,18.653394540627016,18.26975232678556,19.04537216178342,17.830657200235983,40.661424807277044,0.12121959957914087,0.03629934254034809,0.17646493,0.029970152,161.4990234375
genres_original\country\country.00093.wav,country,-213.60236,64.734886,117.2127,25.024994,-21.871769,22.639355,45.657654,17.056864,-10.274458,17.310568,5.0603156,13.10293,-11.910965,14.237121,5.567856,10.015638,-17.804632,12.8293,0.18699962,11.302813,-14.165857,10.963227,-1.1532573,10.394786,-10.306384,8.911266,-4.047061,9.7035,-6.6340666,8.497764,-5.4173846,9.693182,-9.716231,9.145279,-3.202914,8.436939,-4.448395,7.6923447,-9.152062,8.335911,0.120349415,0.20670477,0.32727113,0.20982713,0.25029555,0.18342723,0.31962994,0.38152876,0.25892448,0.35481912,0.19254044,0.20459218,1537.7642290059293,582.5972051678358,1716.1980066788378,309.5707392114725,3055.1981923011804,1085.7815218707779,29.957509047771588,22.834630655882947,26.350060216933198,24.421299769242495,23.715930178251043,23.677638218923224,35.99790793115984,0.068123926688274,0.04343571475975772,0.092549935,0.041848134,86.1328125
genres_original\country\country.00094.wav,country,-104.37176,45.806988,136.39383,29.686121,-20.940237,19.44081,52.86117,14.562286,2.025889,14.043578,20.42771,13.003778,-11.619367,10.449578,17.663803,8.897998,-15.735388,8.785829,11.049825,9.9852085,-11.3204365,7.9876595,3.6714113,8.954608,-6.4964943,8.072763,0.03771141,8.3279085,-2.041168,7.750217,2.1937988,8.413933,-7.11224,8.040977,1.8450246,7.3554664,1.6776917,7.456262,-1.4936905,8.050452,0.45688683,0.2829989,0.299349,0.2637109,0.35568482,0.36626723,0.35791475,0.5967019,0.40349528,0.38150197,0.26300353,0.37375605,1474.927396796844,585.9901652275937,1745.852486748969,389.84278930427746,3108.406203892947,1238.6288338976526,25.679097633522712,17.015464272575585,21.65098153738105,20.702653831560355,20.741745348827724,19.619825430625166,39.54778339459178,0.06299281636996903,0.031171800922215564,0.20664184,0.05497841,112.34714673913044
genres_original\country\country.00095.wav,country,-124.83957,51.131958,127.38223,26.914593,-23.38181,17.705463,47.360462,14.4324045,0.5631108,15.253428,15.991255,14.522318,-9.954187,11.276168,16.180136,9.47146,-16.72955,13.381935,6.7851987,10.256741,-8.187069,10.332898,3.2049856,8.575233,-1.5920391,8.141549,-2.1546216,7.8534555,-3.5263736,8.177947,2.2071302,7.134543,-1.4075698,7.401476,-1.689278,7.515424,-1.0261395,7.028838,-2.6274633,6.5912004,0.27276355,0.26624578,0.4547045,0.34583375,0.33625355,0.39447436,0.28711376,0.38286996,0.25818568,0.3722437,0.33290526,0.24046014,1555.9530444453296,640.4287684077924,1761.569704273558,343.5767302949547,3218.1472069707816,1174.012359387546,25.50892201250485,18.673816910487695,22.838251121472865,21.12952769953305,21.061284753753444,21.059026703891938,39.50237937895757,0.0672293742743808,0.05846037972127683,0.17533581,0.07036883,89.10290948275862
genres_original\country\country.00096.wav,country,-69.88548,48.371075,124.21146,24.101324,-32.470192,18.16121,47.69471,12.923351,1.3983787,11.187574,22.61767,10.286856,-8.754297,12.288327,21.44351,9.057707,-15.66597,9.450053,15.7432,9.340477,-12.427222,8.134089,9.581969,8.7583065,-9.056125,7.332409,2.8903322,8.12769,-3.1964307,8.087359,5.8301554,7.0880537,-5.616022,7.14016,4.165293,7.276,0.120360665,7.429377,-1.7134393,7.2423983,0.24956481,0.28991294,0.58237845,0.25242436,0.21662232,0.18787028,0.36404324,0.5042922,0.2816548,0.39392585,0.24260983,0.34329468,1754.1360136048193,570.2404007225133,1861.9987406181792,344.3879764246352,3504.895473043247,1150.1022447731125,23.833384717651146,17.930145955412947,22.237233676413556,21.26112163130376,21.848746306958898,20.65913744587761,41.190613660980446,0.09739925986842106,0.04570086341082459,0.2179833,0.058796052,117.45383522727273
genres_original\country\country.00097.wav,country,-148.44179,61.288982,126.859146,31.49563,-19.540855,23.127457,52.85061,13.580147,8.579708,14.673587,17.89102,13.162113,-8.081844,11.946433,17.781462,9.912322,-15.505314,9.238117,13.504546,10.682808,-10.957894,10.118952,9.476343,9.592884,-1.924605,8.057339,1.8717725,9.362829,-2.6637003,9.36022,3.3802795,7.765047,-3.5191011,8.697391,2.1003568,8.108933,2.08825,7.66099,-0.10796241,7.9338317,0.35500067,0.27416718,0.3444872,0.2676202,0.29562733,0.47919768,0.32787067,0.39832664,0.36954913,0.44575006,0.34831724,0.2700808,1560.8796813263725,762.9451385070844,1782.797496604977,409.3051149631681,3175.26413294553,1390.607111281579,26.877552767371345,19.103774480661475,22.780279516786344,21.15828574163259,21.59222984590957,22.03807985404158,38.536292983372824,0.06718742441466719,0.052161440448583236,0.15299171,0.053277474,112.34714673913044
genres_original\country\country.00098.wav,country,-139.62306,45.49526,128.79353,24.309814,-20.24936,19.193722,49.44361,14.493297,-2.1603608,13.393883,16.988024,12.290564,-8.355296,10.178516,9.8182955,9.473795,-20.150694,8.918425,2.5017846,11.671318,-11.247768,9.123551,3.766037,8.2377825,-6.424687,9.55929,-3.3514197,10.65717,-2.8953953,9.298598,1.9763131,8.3806305,-4.182942,8.868298,1.3833525,8.355197,2.4402025,8.373888,-3.6237288,7.97746,0.3236795,0.18547018,0.2402049,0.18311326,0.3011837,0.3227682,0.25847802,0.43637118,0.23537493,0.26238155,0.17992672,0.32197133,1425.2635079969498,517.9368714789701,1690.6857066356379,345.8866208912984,2980.9403079951144,1094.128462802037,25.295695363535685,19.778431760650495,25.190432735719828,22.94304945433138,22.939486637694884,22.688507543032138,39.068514903900834,0.0617449025251548,0.030974684731440178,0.17611368,0.0602844,117.45383522727273
genres_original\country\country.00099.wav,country,-42.16572,45.279137,106.27832,23.967136,-24.220882,16.10357,44.671467,12.301298,-12.33506,11.211257,20.518545,10.036339,-16.044445,8.96815,18.488562,8.113115,-18.78101,9.062542,15.5109,8.323086,-15.4647255,7.7630754,8.930742,7.9206567,-9.987847,6.9502897,6.9245358,7.566187,-8.796884,7.4467187,4.5718284,7.089153,-9.043404,6.8902674,1.0606868,6.966466,-6.4489336,6.3966966,-0.9913764,6.966927,0.3207128,0.4431329,0.3223196,0.33507124,0.31806865,0.42882156,0.63892263,0.35508242,0.33893928,0.29765493,0.34263742,0.4307592,2157.2057766804382,582.2423238400172,2160.0886591075173,296.2302410707511,4477.88958948094,1137.5446405251175,23.82447219716957,15.000534858781373,18.681149319565037,18.91600003414983,18.75098296931503,19.148578371219173,43.18167804143185,0.1082567150009675,0.0538803185365032,0.22073805,0.06506852,143.5546875
genres_original\disco\disco.00000.wav,disco,-111.17791,66.438934,94.0352,37.871117,12.515315,23.741705,16.74026,14.094525,8.181677,12.489455,15.667253,12.048632,-1.3758585,10.653086,7.0394297,9.045896,0.9736097,7.603946,-1.4805396,7.4567857,-3.0693026,8.831935,-5.068189,8.456354,-3.684127,7.273698,0.23450817,7.622046,-2.0857089,7.263236,-1.8237208,6.2939773,-5.340757,5.7054768,1.2517447,6.475608,-5.591701,6.461016,-3.628164,5.55894,0.31771198,0.39262554,0.51036704,0.43437394,0.49303707,0.48159072,0.5762193,0.47891244,0.42832342,0.41171643,0.36879507,0.45673287,2297.0855298395068,948.6640183950326,2566.0415489788993,438.83338322816377,4888.128775487374,1972.9548194580339,18.00475270741641,15.295674397919115,17.895624378344618,18.69007556046891,18.20109515598059,16.097149516156534,16.345147481100163,0.09633501838235294,0.0838646739684809,0.14226125,0.06436499,117.45383522727273
genres_original\disco\disco.00001.wav,disco,-28.934706,33.86998,51.971786,22.905817,-7.6104946,19.509706,21.605564,13.463021,8.12836,8.937068,18.120981,9.705296,6.8754973,8.7664385,6.5840025,7.3359118,0.7281347,6.917201,11.147646,7.793642,-1.8413448,6.460947,1.6686252,6.766512,-2.6266403,6.525289,-1.3988689,6.5499487,-3.6203122,6.659523,0.19592616,7.844925,-0.50231093,9.606482,2.492097,9.0667925,-3.4764965,8.20195,-0.12979724,9.076605,0.40078622,0.32226467,0.3598239,0.45851225,0.5937227,0.41550836,0.35460934,0.38139817,0.43128708,0.47152767,0.3270912,0.42587677,3290.4921281244474,744.6417283018883,2766.2269941018653,371.6791061604338,6514.877272095105,1439.539113100273,18.17445636701851,14.968518183093241,17.843426158311473,18.945369931435728,19.581721556929722,17.754888174158296,17.01749025559755,0.18854685685952013,0.066283854618143,0.1770407,0.051041674,117.45383522727273
genres_original\disco\disco.00002.wav,disco,-53.18525,36.931644,57.17846,16.297314,21.168882,15.47667,11.324465,16.21406,18.12236,11.150678,1.6665678,9.779764,0.3438162,8.914762,2.3195996,7.1192427,-5.1097407,9.248679,2.7499392,7.28292,3.1528792,7.625418,-5.519139,7.180522,-3.1672285,7.018531,-0.5232683,5.7224674,-2.650019,6.0715156,-1.9904132,5.0185175,-1.2388086,5.1943374,-3.371039,5.979253,-3.7308135,7.823015,-1.4404519,7.194698,0.31961593,0.31199944,0.37137872,0.37141037,0.51609313,0.5069991,0.5736422,0.43112814,0.36442325,0.44369686,0.33521706,0.39714083,3591.73383244625,705.6884854773801,3398.251476007568,264.8413469368724,8074.159509995405,914.4831413906803,29.492770631590528,14.846687308931502,19.264535457324385,18.559094175040258,17.917037124201812,16.74355525036269,16.10601734126241,0.1533482790731424,0.06720628911920071,0.16131842,0.04676909,92.28515625
genres_original\disco\disco.00003.wav,disco,-44.234295,56.28437,52.219402,26.70461,3.3025825,25.480942,43.808002,13.760934,12.616858,11.302897,24.422096,11.932546,4.970884,7.465121,15.33408,7.004606,2.0627644,6.1373334,10.375376,7.378914,-1.5161041,6.4249578,8.84058,5.779076,0.42485893,6.032938,4.697436,6.030145,-1.7848299,5.8095903,2.9537394,5.94455,-2.0194726,5.6800323,-3.388283,6.6249847,-4.194432,6.878186,-0.42168608,7.3088775,0.6620763,0.4590179,0.3572867,0.39380535,0.40625596,0.42873162,0.35109174,0.48526776,0.48363823,0.6118594,0.6933462,0.605548,3048.5690425083776,883.8705078229883,2722.6250368277992,372.8560138060842,6212.837431822029,1401.4243896270848,16.293656768946413,15.458943185700962,17.474922890190488,17.489633454215863,17.82294350227518,17.16507386025759,19.305021829966865,0.14965177837171054,0.06873719532901394,0.19658779,0.045571957,129.19921875
genres_original\disco\disco.00004.wav,disco,-83.583496,46.316307,64.47946,20.146128,5.655917,19.588783,2.7011647,13.828344,0.790316,12.94179,6.1708026,9.621339,1.8922688,8.688805,1.9798597,8.075958,-1.816445,8.848039,1.8574665,8.315768,2.4598765,8.2303295,-0.22793382,6.6934185,2.9555101,6.7731566,-3.3824587,6.508726,-0.87964565,6.7010517,0.044985462,6.566717,-1.5710962,7.514487,0.5579812,6.9557776,0.30237284,7.605074,-2.7803588,6.9127846,0.29647684,0.34770134,0.2833203,0.37257868,0.42999253,0.3213433,0.41736835,0.32008007,0.45330906,0.41638076,0.38972092,0.5374497,3328.830808812161,800.6620294470287,3111.8212935297233,365.95348443675374,7196.373151182759,1391.7665644938959,22.068936267877124,15.203898539528415,19.102475028372282,19.424889751567427,19.562810344713636,18.039291807760225,16.24969821313944,0.16905150989260836,0.0715645923792043,0.114560604,0.056612868,123.046875
genres_original\disco\disco.00005.wav,disco,-24.691769,39.457653,73.7432,24.089079,-11.558471,17.220089,28.394289,14.525803,6.2409563,11.084063,2.4656217,10.130491,8.6340885,10.174913,12.309108,8.574117,-4.102859,8.233427,13.385866,7.280934,1.9154302,6.3196807,-0.97336847,7.562911,0.6083648,5.9977922,2.3642092,6.6699433,-3.7914464,6.177231,-0.933468,6.5367646,-0.8856285,8.151552,-3.499582,8.855113,-0.97060335,8.188007,0.11684959,9.49113,0.45738816,0.3700733,0.4556812,0.38866204,0.49963453,0.4033772,0.3789276,0.55491704,0.48633775,0.5392059,0.3961842,0.46093184,2722.0804866206827,660.5576738154233,2569.2334475067137,298.82535568984116,5469.600259408862,1297.513885678148,20.0271141292658,15.017732107603713,18.002906889888482,18.609584104141536,18.51444895996022,19.274418721877367,16.890148335576036,0.14455203596652477,0.06204898638445383,0.20725702,0.053770594,107.666015625
genres_original\disco\disco.00006.wav,disco,-14.574394,30.93039,65.21034,17.105383,-19.872639,18.387293,31.508326,15.105892,-4.8264494,11.807521,11.86232,9.174662,9.994609,11.118585,5.9573913,8.2863245,-3.8033698,7.8685703,9.377889,8.502997,-4.387916,7.898537,3.339541,7.9095445,-4.444171,6.9436965,-1.267118,5.928845,-0.83626723,6.457403,-2.202067,5.9513855,-4.7423997,6.19879,-2.6242146,6.7363453,-7.4693303,7.2559686,0.22922216,6.611242,0.4510385,0.48132363,0.39705968,0.53558815,0.48675123,0.33870247,0.4264976,0.5258804,0.65597045,0.41792017,0.45397592,0.51714414,2848.2245207476594,385.6632076680791,2490.6496151623014,281.55178880345125,5506.550035978618,912.1416315552608,19.846148632734096,15.815200763479085,17.676504339140116,17.612438126008115,17.466037214455,18.971200715517917,18.467133091644396,0.16366529907604488,0.0365991020079963,0.19194463,0.045976,123.046875
genres_original\disco\disco.00007.wav,disco,-53.44801,41.97893,56.161034,27.940893,-6.320987,18.070724,31.619057,17.83236,4.6533747,11.474495,16.347412,10.28232,4.119817,9.293659,1.882328,9.4251795,-0.3882388,7.6130786,2.495932,6.983411,-0.5415109,7.6723604,0.9562786,7.0203705,0.49564812,6.446983,-0.1668209,6.4744735,-1.8157802,6.580163,-2.5324876,6.9619865,0.81604844,7.496485,-0.3422204,7.0581937,0.56009203,7.9062266,2.7850673,7.9973097,0.43333885,0.48317376,0.3567369,0.3403272,0.44492683,0.4143248,0.41831502,0.35520676,0.4726264,0.5628281,0.41939563,0.47759664,3099.1841465490747,738.4402696155058,2728.3135813025015,359.5657454512544,6098.354790749565,1307.2722744951657,25.480795839058203,16.317490848479586,19.466232466596388,18.699682201543983,17.58117876831814,17.342526533475837,16.63864859649845,0.1402841101489938,0.05347043326100227,0.15960243,0.07000463,129.19921875
genres_original\disco\disco.00008.wav,disco,-32.467175,40.184998,65.00107,20.366398,-26.697556,19.58916,30.282536,14.708721,5.743129,12.802707,11.739748,11.102874,-2.1584125,11.726041,10.449982,8.998973,-2.361821,9.808547,5.3235164,8.631511,-3.8081305,9.888234,-0.8611962,7.6611137,-0.18782525,8.23578,3.4654243,7.455326,-3.0110605,7.7588434,0.4356225,8.624056,-0.9314215,8.071898,1.1783152,8.148499,0.0062354594,8.741658,2.8587084,9.046275,0.42254132,0.501601,0.39938918,0.4468424,0.38326284,0.51777,0.4916159,0.4173136,0.5798382,0.45876193,0.45281965,0.3923397,2802.541418287883,556.5603868028409,2424.9610177239656,313.7097434639828,5449.683713174826,1083.8641180170628,17.210515879347902,15.576410826593962,18.070306975492585,18.31419657332505,18.783081320741598,18.40658715317608,18.394440681710837,0.16440792497097523,0.056134258539823005,0.19060382,0.07515676,123.046875
genres_original\disco\disco.00009.wav,disco,-68.970566,64.309654,63.131035,24.936666,-15.854861,23.190748,28.002192,12.486236,8.1834755,12.329033,7.321165,8.574099,-4.936118,7.948537,9.494793,6.349574,-0.9736147,7.1109,-1.6035987,7.546268,-6.1901293,7.4331713,-3.9367533,7.0682726,-1.1710128,6.8562393,-6.543671,6.29458,-6.177693,6.586355,-5.045213,5.488528,-4.4068336,6.5173755,-5.375081,6.357859,-1.6540107,6.532165,-0.88945585,6.8428864,0.556788,0.48003292,0.57195836,0.49320474,0.3802412,0.53418946,0.38704324,0.38602582,0.28992662,0.30293918,0.44451007,0.47899133,3016.630571985955,753.0144032974318,2623.3927917379524,412.8897845656989,5954.647326395608,1401.5316263321656,31.24710083694612,14.921411481027608,17.379195621726698,17.29378897359922,18.81935359193488,17.013953389197642,16.261641434562733,0.17065354102167182,0.06878800778479255,0.11894808,0.04340286,129.19921875
genres_original\disco\disco.00010.wav,disco,-6.7841387,34.24005,61.12633,19.562664,-16.656654,17.192331,27.431993,11.316622,7.7223644,12.359541,16.008894,9.792343,4.6347065,10.226877,11.4495,8.429041,0.33629197,7.865485,9.832177,7.623892,3.1856217,7.0206547,5.025588,8.087631,-1.8622084,7.1322393,1.4820429,6.592987,0.94124126,7.73463,-0.43822482,7.746299,-0.73170006,8.526847,4.444671,8.044599,-1.8448051,7.759986,-0.6028676,8.33454,0.43994263,0.45500812,0.39158106,0.46874008,0.42465228,0.5012538,0.39242843,0.38252354,0.49884364,0.42069465,0.48948354,0.38553405,2877.646855543141,581.1825663089487,2624.146129891107,276.52695369222806,5866.05619542739,1060.395535670017,16.353074649874344,13.947616188653324,17.536915217713247,17.430882664506342,17.800719698917742,17.3800556096488,17.698768868813332,0.15032410990712075,0.05951471278529785,0.23285034,0.05503045,107.666015625
genres_original\disco\disco.00011.wav,disco,-41.32795,38.87535,62.794346,22.771816,7.325327,18.879267,12.125494,13.194746,6.3566375,10.341894,9.265047,11.61776,3.09309,11.073091,13.867353,8.662072,0.16360408,8.458419,8.0671015,7.769757,-2.697001,8.394335,-7.219517,7.8169174,-3.2453783,6.580534,-1.9231244,6.901306,0.5200374,6.468499,-3.1877127,6.7026243,-5.547015,6.966229,-9.166517,6.073809,-10.670773,6.915281,-5.9729233,7.4761806,0.35499588,0.2670242,0.2648059,0.2873531,0.33110029,0.26040393,0.27304107,0.45629624,0.47129703,0.6159608,0.4860947,0.4156359,3132.849239309041,792.5283414209126,3007.9676708192465,332.53588272663893,6864.0001609967585,1201.652585202421,33.59829538222687,16.9040140307946,17.588306266959584,18.385441802942466,16.109336666623353,16.308956100005528,16.949500050369373,0.13097653226586686,0.07374647961316932,0.18885729,0.045492128,95.703125
genres_original\disco\disco.00012.wav,disco,-57.66927,48.412506,68.380356,25.951035,-15.251752,19.474863,23.414114,15.276277,14.855438,11.566164,13.172661,12.29313,2.1979194,9.454947,12.811309,8.746151,0.06121479,9.774774,12.777958,8.042651,0.039405774,8.472329,3.3698213,7.5141525,0.8151105,7.3429356,1.0514909,7.235091,0.5454104,6.5952353,2.9783316,8.905672,2.9126883,8.838209,4.022737,9.414622,0.5252393,7.825466,1.960363,8.164644,0.5490651,0.42336753,0.37392363,0.34937552,0.41212922,0.3427975,0.34235197,0.48141074,0.46265098,0.5233925,0.42847535,0.45661306,2739.0755703377026,699.1007048181152,2613.798191795889,360.00031093808224,5710.898800309597,1371.2068360823644,16.960432374258275,14.885624308087566,18.315836518458948,17.946396191221016,18.353529647962937,18.05307614823228,17.39171283492594,0.13174939229392416,0.06218414451623731,0.1758003,0.060560875,112.34714673913044
genres_original\disco\disco.00013.wav,disco,-40.070427,51.317043,56.209106,20.145962,23.679754,17.529343,31.92545,14.475109,2.4516678,10.657238,2.5737195,10.6212635,-2.4787798,10.955781,3.0920587,7.461232,1.8828638,9.846408,3.3509662,8.088451,0.00014283267,6.708477,-1.5209647,7.2238507,-2.4554946,6.4381037,-5.073821,6.547166,-3.6762688,5.9836316,-7.849821,5.928626,-3.0386093,7.443838,-2.7839167,6.7404323,-7.496366,8.364867,-3.6325722,8.189322,0.2684252,0.31108892,0.38536918,0.41734126,0.5816743,0.4948696,0.4730446,0.48081952,0.44375366,0.45858917,0.35924435,0.38168305,3391.8321168993366,769.1780774273367,3108.9716838169015,295.9736600013226,7204.406435939919,1162.9605182777552,30.01612126852065,15.003766494024584,16.23550759562047,18.046105916710577,16.69220213818625,15.854521308338605,15.272217325807212,0.15957688842395512,0.06959175580256804,0.1707804,0.048790105,184.5703125
genres_original\disco\disco.00014.wav,disco,-23.927662,32.494637,61.220757,19.2317,-0.9586992,13.169732,25.331013,10.753072,0.39423463,8.341041,6.0302544,9.081338,2.4890816,7.481739,6.189192,6.187473,-0.32926697,7.726344,9.696876,8.258092,-5.5078354,6.7319674,1.0618181,6.2398376,-2.4369648,6.965564,-0.56662005,6.1491737,-1.5567181,6.2357187,-0.8967289,5.6876216,-6.7337766,5.702707,-3.7109935,6.1765065,-4.4605083,6.074223,-0.7739851,6.8946857,0.5521469,0.3281583,0.29118687,0.38045132,0.41945153,0.61662316,0.42800316,0.41209865,0.43074825,0.4084433,0.55469686,0.41255212,3087.483970853388,535.0500369905202,2812.6634814898784,241.57634378206478,6530.043847051567,979.7236944832774,22.570070821374568,15.461363690109176,17.577604805871314,18.423500260047796,17.581745841583718,17.565018031051704,17.556725517608818,0.156306688999613,0.05200051163441934,0.17372327,0.034415472,103.359375
genres_original\disco\disco.00015.wav,disco,-46.826416,50.17282,103.7258,29.796513,22.146416,19.9726,9.233178,13.597399,2.2635014,12.049892,-4.791668,10.687335,4.8094583,11.905966,0.95852304,7.5169997,-9.410542,7.6584535,-1.0655137,9.354075,-0.8630862,7.7389708,-5.27438,7.060204,-1.7578694,7.7320533,-3.6494381,6.6776795,-4.312637,6.2903447,-0.086329125,5.986448,-2.5016925,6.6058574,0.542379,5.7238736,2.5184677,6.13364,-3.5447366,6.848545,0.39263293,0.32175153,0.46526617,0.39059958,0.5191745,0.39708972,0.45181605,0.478274,0.29858586,0.44613415,0.31360742,0.50078994,2361.735960891677,831.5797676422137,2806.608081873163,564.4705254430434,5438.25878225982,2270.1101437029283,27.67451797887115,13.835148535467745,18.35388040402413,20.41272636650629,18.80703680336593,18.36902202292167,15.041693009674226,0.09018917497097523,0.03945344429217535,0.2158627,0.0460096,123.046875
genres_original\disco\disco.00016.wav,disco,-36.030983,43.438545,83.65931,27.224272,-2.7294114,17.701733,32.392513,12.769865,9.1963415,8.717133,4.1342163,9.906215,0.033839177,9.379091,11.114394,7.7905393,-2.8908203,7.6764183,7.905869,7.008977,0.61443704,8.184441,3.6502342,6.726196,3.7515383,7.861987,4.070797,6.4655027,-3.3186333,7.2440286,0.098880306,8.320415,-3.843196,7.475006,-0.50684434,7.5802236,-3.4149015,7.571207,-0.77121055,8.024308,0.45528963,0.50787693,0.45548016,0.4513835,0.5272881,0.40566453,0.41065738,0.33931884,0.33447596,0.43390876,0.41866502,0.4748126,2522.8702609517236,723.1552833297678,2564.5703679361486,427.2058202247394,5342.909358824739,1560.4554422330962,20.716482072546974,15.03184242272622,18.455843513296465,18.12286476017754,17.95941814699168,17.591875056129687,16.91826814038359,0.11443506010545666,0.047486323089410205,0.20560874,0.044032417,123.046875
genres_original\disco\disco.00017.wav,disco,-98.156845,58.651077,92.40119,29.34543,2.6636736,20.767262,19.337894,16.811556,3.586051,13.791771,-1.7657076,11.836869,-1.7049835,8.58742,-3.1714423,8.627951,-9.09204,8.806225,-4.080457,7.3462505,-5.1855764,8.0710535,-5.48785,7.249453,-4.2335167,6.8319206,-3.7713585,5.924105,-1.7159791,5.8474708,-5.584648,6.580811,-4.687199,5.472355,-2.7077785,6.2354074,-1.842392,7.6973667,-3.0930302,5.470861,0.48665446,0.3613695,0.52877825,0.43136153,0.38047564,0.4328569,0.3746722,0.5203526,0.2694105,0.2842319,0.44647032,0.3397506,2564.6775896822555,941.9069827990163,2670.2675671248467,542.689875296938,5388.992413500145,1957.4436998362482,29.559262968053034,14.123200560668515,18.342799714896888,17.570284802990674,17.72068773884246,17.200810805531404,15.320079924014829,0.12076004075561146,0.06479467245650906,0.11607086,0.05913387,123.046875
genres_original\disco\disco.00018.wav,disco,-73.150406,61.51963,71.752396,22.724756,12.095572,23.547077,1.3943439,21.13056,4.529426,15.272298,10.863227,14.236675,3.870923,13.14716,0.938661,10.779794,-5.9797716,11.660251,9.034468,9.495134,-2.3677685,9.596479,3.5552125,8.403229,-0.14264005,8.932306,3.109238,8.439162,-0.07392059,8.384109,0.36490586,9.084298,1.084568,8.327972,1.5209072,8.864814,2.304687,9.572725,1.9287055,9.924231,0.3617832,0.4379979,0.29673457,0.34031394,0.2975945,0.2812512,0.40873685,0.36493593,0.49123344,0.32736287,0.38462448,0.4479439,3043.380831699277,674.2775552824797,3001.1129616910393,332.6946814673754,6839.091978279799,1258.8944511656816,27.800204106157597,14.966376012530977,18.940656375775177,19.761350233262792,19.98580713811764,18.362026066099336,16.584021817335046,0.14359928284636223,0.052447509908184614,0.1386678,0.047658473,123.046875
genres_original\disco\disco.00019.wav,disco,-95.103714,92.61107,109.35317,40.46224,-30.161179,29.302103,16.358658,15.944222,20.03973,17.428415,11.962816,8.250352,3.48553,10.454784,6.1739693,6.8345604,5.2001824,5.7912397,8.620757,6.0691447,0.34259653,5.8079505,0.38362703,6.0528955,0.53627163,6.054369,-1.8029801,5.7611394,0.97747785,5.4111557,-0.06397869,5.6300826,-3.6734533,5.8848195,-2.1387339,5.483488,-3.6518173,5.854613,-4.407776,5.7344456,0.36902127,0.3729677,0.5337153,0.50348806,0.44065484,0.47487193,0.36040372,0.43754175,0.38484687,0.5146558,0.576327,0.3708334,2117.5507614054177,961.4880400196917,2143.899286453212,747.3600332897192,4198.949609526171,2174.685873895299,24.263679603576833,15.477749546274296,18.267310355842703,17.75070835774645,19.400881312178367,18.964876020504768,16.064217475561748,0.10366263847232972,0.05283107384774578,0.14695053,0.05662692,117.45383522727273
genres_original\disco\disco.00020.wav,disco,-103.961624,54.643642,105.80915,37.667492,-14.325732,20.955404,36.73847,15.266929,-10.348667,14.118837,16.81085,9.335332,-6.8228097,8.748294,8.140345,8.629217,-4.461959,8.166337,0.98826367,8.880453,-10.006155,8.82407,0.38354293,7.9918118,-1.7078525,7.4993625,2.9656322,7.4599977,-0.89473,6.9481287,-3.0466807,6.286925,-4.439489,7.0624394,-6.513695,6.9467335,-8.457305,8.236765,-2.7770846,7.990157,0.342368,0.34181088,0.32240117,0.41212884,0.29366297,0.24763097,0.3473154,0.24552412,0.2859824,0.29709026,0.41283786,0.56377316,2117.828754709546,717.2307684145588,2114.987397636512,438.76261074273697,4351.2236887456465,1404.8511141960498,26.171554409817684,16.811046034793325,20.639544436097058,20.267300105243162,20.6384717779762,19.159610738126215,20.227440007531,0.10330171850812693,0.04704912919051391,0.124615744,0.028856877,161.4990234375
genres_original\disco\disco.00021.wav,disco,-115.132545,50.395992,70.42538,21.962406,31.242792,28.61603,11.176329,15.826472,13.06419,11.219667,3.867458,10.71529,1.8087032,7.1877236,4.9707108,8.815499,-1.0388265,8.843525,3.9260278,7.306562,-1.2926352,9.061843,-0.6884157,7.665368,-1.0751352,6.3752413,-0.14145267,5.859469,-2.1613638,7.4404845,-2.3170588,6.846442,-6.3917284,7.728505,-5.3133707,8.497881,-4.9977107,6.39655,-3.8522289,6.7904935,0.7458413,0.5255283,0.39289394,0.3327759,0.28591228,0.2292598,0.23881337,0.4118406,0.35533765,0.35691857,0.4304451,0.5082929,3248.532892801311,826.9284023673356,3305.018067234049,472.3229174932791,7422.538450258804,1659.3141945164537,19.700543867992803,15.864394671416978,18.175174262453456,18.657271459223015,17.807011463580153,16.639986557636732,15.227823906131409,0.1240548054131192,0.044995280001122386,0.11133677,0.04504295,107.666015625
genres_original\disco\disco.00022.wav,disco,-71.94239,45.71869,46.88916,21.372257,21.026213,15.001791,29.950956,13.600837,9.497894,11.820897,2.4052784,9.682901,8.244612,8.8132515,2.5142548,8.051182,-2.1629694,6.359784,0.43971246,7.903039,-0.23318744,7.2806916,-1.5565151,6.9903126,-3.6136653,5.976852,-3.8174977,6.294308,-5.2896686,5.6203604,-2.9235542,6.1457667,-2.9003375,7.918378,-1.7993289,6.782472,-0.7156233,7.7077413,-0.9882604,7.437305,0.34083986,0.3617725,0.4662485,0.44116816,0.50432354,0.4755229,0.5736644,0.43937173,0.31560722,0.46767485,0.42810088,0.4100331,3707.487312505618,895.4744101326662,3249.3744818532323,334.96506590709697,7806.927792575706,1305.0578646860645,27.59760509121928,14.38812678427133,17.865246119458185,17.123241204084852,16.79571253839975,16.092926684095996,14.773774000674718,0.17289993711300308,0.09129611456605723,0.13689657,0.0655788,123.046875
genres_original\disco\disco.00023.wav,disco,-32.173412,52.414017,60.033607,27.748617,3.3775675,20.138947,18.969069,19.471563,4.326335,16.942879,0.68113476,13.522647,-2.0263913,12.895146,1.3316942,10.327097,-4.64699,9.4155655,3.7893417,8.46244,-6.734154,7.5522385,-4.892331,6.224655,-2.3437293,7.635768,-1.6774993,6.2746596,-3.493383,6.900447,-2.6775057,6.683752,1.0068874,6.330962,4.012039,7.750933,4.7022734,7.5257835,5.8544073,7.0623784,0.45421174,0.37328765,0.398624,0.45108265,0.38999668,0.47312337,0.45783445,0.53301585,0.46824178,0.41080174,0.43126157,0.38167533,3167.808308145324,837.30176773903,2934.994369827443,316.19713045865325,6730.517634813999,1408.8451578314366,26.911139264198255,15.621104153046801,16.9751248989111,16.674938416993516,16.610995443460745,16.63668256410679,15.921957550143127,0.15100324412248453,0.08116006648234539,0.1782089,0.044355083,112.34714673913044
genres_original\disco\disco.00024.wav,disco,-69.599335,48.217472,83.05957,20.990513,-16.599524,17.48306,0.11946944,13.759998,7.4157043,10.225967,0.7696189,10.038503,1.3370081,8.664892,4.690686,7.707857,-1.4208715,8.618706,3.328473,8.159072,-2.8755643,7.8378215,-8.202937,8.078999,-5.765528,6.922665,-0.26638117,6.443968,-3.2104323,6.0157995,-1.8850925,7.033575,4.043784,7.3487697,3.6543794,6.621043,1.9138739,7.007265,3.6086924,7.466781,0.28665444,0.36985803,0.27407494,0.3716165,0.3109575,0.48693535,0.55166954,0.37524638,0.50858736,0.28268212,0.37579554,0.2771802,2625.095043461179,585.4210012066426,2709.9901686000894,360.5367452807425,5606.407765485923,1452.526614192285,29.763283687177804,16.141784640165422,18.9299768229383,19.11202778094558,19.46518879161988,17.54896292676296,15.207275906967556,0.12025853207236842,0.03886628306928901,0.14297517,0.06291434,129.19921875
genres_original\disco\disco.00025.wav,disco,-124.19868,68.41376,90.16968,29.917175,-11.312609,16.51525,10.940362,15.650412,-1.1521436,10.61663,-3.754397,13.5439205,-0.8530474,11.00957,-3.8402538,10.880989,-3.708952,10.174665,-0.26702476,9.262861,-5.823245,8.584737,-3.4306006,8.025864,-4.6257415,9.557286,-4.559666,8.580006,-5.4870396,7.078511,-5.199043,6.069445,-4.60868,6.2244983,-1.811132,6.6837487,-1.3179176,7.322023,-1.9561292,7.631671,0.5335782,0.494668,0.34394562,0.25755137,0.25213253,0.4276989,0.33041146,0.37279573,0.37728387,0.27984324,0.3221459,0.305027,2410.0020281305497,770.4081896722614,2575.8047598645294,454.3086225983124,5080.294280155525,1761.9175250924695,25.22205256923627,17.211007295703066,19.30843844511312,18.816944795386423,18.298970000234306,17.963676868658016,15.659084725696681,0.0996603950996517,0.050123410109899146,0.10787619,0.05843976,123.046875
genres_original\disco\disco.00026.wav,disco,-68.09459,51.733757,66.36573,23.354137,11.869311,17.996586,21.982038,18.501442,9.769293,12.883426,6.6966743,10.988838,1.6115297,11.506767,3.8194947,8.252147,0.95873666,8.517563,4.773914,8.843122,-4.2044983,7.859812,-0.05883123,7.226171,-1.2347757,7.3103223,0.077795826,7.3644314,-1.1298579,7.598805,-2.0621066,7.6902633,2.565989,7.9595337,1.3888539,8.162482,2.1794925,9.211383,2.2477424,8.941138,0.34166732,0.3352272,0.45931157,0.36481342,0.42739907,0.50899845,0.4304548,0.5167151,0.37178013,0.3895103,0.37444106,0.29492787,3042.993183926036,887.0668506165708,2969.1343437380074,347.05609304708395,6611.985018231182,1552.6499721650948,28.673420634517072,15.248459898897348,17.611916993133914,17.948215562122538,17.821843180223425,16.75772482362669,15.722325906744786,0.1315751681017802,0.0744159069546085,0.14301582,0.039181884,117.45383522727273
genres_original\disco\disco.00027.wav,disco,-155.63731,81.180115,60.568497,35.086876,23.166864,37.681225,31.186348,17.8764,25.054384,16.21696,16.906994,12.340706,9.43836,10.809049,8.449133,10.990596,5.317451,9.7589855,6.5566573,7.89631,5.7627544,9.337791,3.9231863,7.5178285,7.5597153,8.199297,2.156522,6.668987,4.427986,7.36191,4.34529,6.8824143,-0.023135832,6.3101387,0.8937063,6.7568016,-0.49496517,6.2722464,-4.7843685,6.631829,0.4445318,0.42298993,0.4481788,0.45016795,0.52116656,0.51230234,0.45379752,0.45507237,0.4907169,0.5588643,0.5521583,0.51418495,2909.983968555962,1220.6579954235506,2990.754025172008,517.9792393956146,6351.153262111794,2119.8134980875584,26.042824329530358,15.520437600106373,17.66066400910813,15.703939973945962,16.53112058245138,16.771738399255362,14.581356834783099,0.10124882086880804,0.07425717021928806,0.115593135,0.05900569,112.34714673913044
genres_original\disco\disco.00028.wav,disco,-20.481245,41.05844,53.708107,20.76969,5.945927,19.067728,10.1530695,14.3194275,17.057161,11.221384,9.541378,7.7671404,4.6119027,8.625854,6.398941,7.0190134,-0.33330107,7.2980275,1.7238895,8.011362,3.6845264,8.983935,-0.7746318,6.35946,-5.887973,6.897246,2.321911,6.2952747,0.36891213,5.5955524,2.7516134,5.527379,-0.53185666,5.734269,-1.2027637,5.6240997,0.24694538,5.577783,-1.2757894,5.683908,0.4188728,0.4984193,0.61432433,0.523438,0.45300195,0.4647522,0.4560135,0.5768566,0.4763896,0.45103803,0.47425327,0.38865873,3713.366946149792,1011.5591369664879,3188.443143865485,289.35219307490433,7726.378279647591,1247.1379080939628,26.495350665273023,14.123669038420982,16.592080204469063,15.647103633966951,16.528317833828595,15.33110608138778,14.782924782776929,0.1982474784732972,0.11595202962257423,0.17252432,0.05814367,123.046875
genres_original\disco\disco.00029.wav,disco,-59.006565,42.967266,68.87012,18.386217,-8.457222,15.013962,3.5900607,13.630551,5.072522,11.424927,3.284628,10.538272,13.525487,9.72427,-1.3692731,9.320862,1.6712121,9.206867,3.7126453,8.656052,-3.715991,9.240933,-0.3171887,7.435593,-2.8357637,7.7340827,-8.801013,7.9722786,-4.4926963,7.767451,-6.412872,8.274827,0.45433882,8.78156,-2.2726712,9.708989,2.9792905,10.418358,-0.018868415,10.335689,0.3111955,0.3678975,0.35288888,0.39968947,0.48820084,0.4415141,0.47261927,0.43075076,0.41850913,0.3145127,0.29427978,0.316826,3075.059149844922,620.1865781789173,3031.881214983589,345.2589960096408,6848.758586493808,1414.3474416394845,28.14242326382988,15.627046334433583,18.228268662305826,17.801853830196215,17.86666224211931,18.33877043735034,16.20235369691022,0.13853393176760836,0.049965613022775475,0.1475287,0.05644487,103.359375
genres_original\disco\disco.00030.wav,disco,-40.729237,44.7485,63.947403,20.898884,4.90489,14.7773905,16.340809,15.734881,12.100067,14.131888,9.339081,9.623412,4.540618,9.52768,5.189633,7.9903064,-0.58943737,7.654206,-0.06985205,8.284868,2.9546144,7.163671,-1.4821672,6.377661,-1.7598724,6.1918783,-2.2666602,5.5953355,-6.12547,6.7319717,-4.7247868,5.783624,-4.7429504,5.5851183,-5.763995,5.0357633,-4.029355,5.0142527,-5.362603,4.9831266,0.49363014,0.4230509,0.49463865,0.47134215,0.47036204,0.3419257,0.3577251,0.42272392,0.4362059,0.51523113,0.4359826,0.54085857,3168.1112406928287,819.4340019517382,3047.644241281729,283.2240572429488,6935.358062838623,1304.1917746552558,26.62265599529481,15.244886780670944,16.655271435178665,16.043070067899222,17.76915787466096,15.743414373602233,15.652658668885586,0.1508622774767802,0.07706370250611315,0.1699541,0.068125546,135.99917763157896
genres_original\disco\disco.00031.wav,disco,-66.56881,49.275932,58.31062,18.317972,-8.179027,16.094784,15.493415,15.3262615,5.5751886,11.911059,7.6971626,10.975949,4.071543,9.250745,-3.5835304,9.646317,-1.3218851,8.3941,1.6088259,7.121555,-5.482533,7.138974,-3.7345495,8.08257,-3.239859,6.5909715,-1.3290434,5.8894134,-3.4326327,8.024456,-1.1864657,6.850773,-4.3829226,6.2211156,-3.656522,7.034477,-2.0906227,7.4403734,-0.3098474,7.566841,0.35359338,0.4101485,0.46120548,0.319137,0.37531677,0.32037383,0.5029467,0.54101866,0.4234653,0.45051718,0.36129028,0.4870938,3257.126964639291,623.5034428380051,2898.084209645412,305.46803395884626,6681.101266961348,1261.4229139633467,19.773494592442805,15.501621995679299,18.060935024581823,17.822173274605465,18.267010037138537,17.772221368198895,14.776271498997586,0.17381451964009287,0.05277311399564429,0.11574833,0.050128408,123.046875
genres_original\disco\disco.00032.wav,disco,-123.20344,76.580956,86.96168,30.938826,-22.495186,22.821018,6.9312387,17.581322,8.458765,13.027555,12.637702,11.946551,-0.8590043,11.497784,-0.8323708,11.121635,-3.262091,9.634634,2.6230345,8.524042,-0.78355813,7.8683825,-0.42596024,7.9495597,-3.829258,7.895136,-5.6531863,7.6123624,-1.8435526,7.34728,0.12274642,8.887164,-1.0618997,8.940482,4.500085,10.626049,-0.9746714,8.664665,-5.260678,10.97039,0.37972125,0.29433846,0.39240864,0.3573652,0.46789494,0.4341856,0.3032254,0.32180172,0.37664226,0.59440035,0.2432341,0.25723517,2447.5053952029866,700.5133247560203,2449.620395814775,463.9384151330841,4959.620009856328,1627.708866018092,27.749720783899054,15.792359073325425,18.751513861280106,19.887554229908105,20.33508652575427,18.857518811240485,16.70704282989361,0.12327627648510062,0.052494197749285536,0.111132905,0.0663372,112.34714673913044
genres_original\disco\disco.00033.wav,disco,-57.800613,46.616436,86.53878,27.832417,-11.776967,21.23882,38.7768,14.912636,2.375864,10.999881,8.829937,8.952432,-1.2931184,7.6286907,9.917737,7.9123244,-1.6644962,7.1546426,9.836173,7.450597,3.0134122,9.272572,7.5246863,9.215059,1.7179295,8.662723,5.66263,8.087088,-0.7007106,7.690585,3.4496064,6.945418,0.13334651,7.389184,-0.95583814,7.4760046,-2.637059,7.432313,1.6531117,8.210995,0.45876253,0.29096314,0.3378012,0.27626675,0.45771766,0.63844,0.3690527,0.3785871,0.34504858,0.5001346,0.3377361,0.31228894,2450.4078120136996,638.8408965110618,2388.143725140329,418.3861802519044,5024.452951153735,1342.4819809585317,26.142636932723196,15.41901967055097,19.85151987106947,19.575702520281467,19.480242368070975,18.974360751107913,18.126431846306605,0.12449924717008513,0.04079810968307279,0.15696204,0.032111328,129.19921875
genres_original\disco\disco.00034.wav,disco,-65.79326,40.128407,52.831802,13.913106,16.578833,18.014395,12.546979,15.039209,5.604338,11.639439,8.383381,12.3838005,-0.610474,8.576455,-0.623784,8.23325,-4.0820427,8.43969,0.686859,8.969669,-7.787458,7.8662114,-1.8914624,6.973805,-7.2499976,8.445614,-5.273299,6.5541153,-3.0442164,7.2134447,-4.3391833,8.101434,-2.5437577,7.833129,0.72082615,8.171014,-0.3096041,8.251631,2.936622,8.448217,0.23297583,0.37377065,0.5171018,0.37834445,0.3640668,0.35039508,0.48758954,0.39404294,0.3074281,0.35535392,0.23650026,0.29434755,3653.396938317012,564.3777659404316,3234.1734231198407,248.87316412762124,7835.32762084583,745.7352443140466,27.657408072539965,14.888761252269413,18.643496092910503,18.48921830583924,18.49048439940538,16.81091654293861,16.419069889654164,0.18083450742550308,0.056617282516308994,0.12288418,0.04483668,129.19921875
genres_original\disco\disco.00035.wav,disco,-51.8135,43.25568,55.668415,24.299004,11.39662,17.409767,7.4714856,13.19668,12.000198,11.102441,6.2591653,8.122298,4.3569694,9.159212,4.3104258,6.8461704,-5.940892,7.4683366,0.565794,7.2539635,3.599389,9.727822,-2.388708,6.9285073,-5.823012,7.10752,-4.5261793,5.7150087,-7.0146923,5.7668934,-4.256947,6.586768,-1.7328705,7.113688,-2.1438158,7.1486297,-2.4903357,6.842988,-1.5405887,7.305721,0.27429318,0.2913154,0.3585223,0.57839155,0.4489301,0.45283753,0.44911382,0.37613165,0.39360282,0.37705445,0.5115121,0.3202489,3623.816329797985,957.6295129174905,3229.652358619963,327.7954023565275,7702.895088313903,1380.4504612734572,30.37690219333074,14.652417410490907,17.583926084429937,17.452138123479063,17.57243107777368,15.963132274931052,14.68598067420306,0.1764282604489164,0.0855581751534182,0.15231217,0.06610048,123.046875
genres_original\disco\disco.00036.wav,disco,-23.558338,39.814426,57.343533,17.080183,7.011987,15.809083,16.525126,11.910388,5.500359,9.089364,11.859777,10.503324,1.6749339,7.4700723,5.4618583,6.715094,2.7552295,6.923093,7.3391504,6.819112,1.9634923,6.4454427,1.2612275,6.862239,-2.3459413,6.727193,-2.3197463,6.76445,0.10894824,6.0760226,-0.14546087,6.6089973,2.2749884,7.6452017,1.580436,7.4338675,-1.8456298,6.4587073,-2.4429183,6.838453,0.52604073,0.40989918,0.44934478,0.32546335,0.40016094,0.4943885,0.37497857,0.5293849,0.42449176,0.532827,0.3646403,0.38587394,3348.2009991791724,541.377611494637,3013.270649779574,268.40830837468445,7057.757322707043,952.0410469595029,26.661114267757952,14.17032571341185,17.50711925475379,17.437675954201147,17.903473829761413,16.330430214804263,17.222867739372518,0.16205155222039475,0.04994181001944214,0.17306745,0.055034023,135.99917763157896
genres_original\disco\disco.00037.wav,disco,-26.568245,42.145344,52.047867,17.50033,4.177975,13.892709,12.859308,13.311803,16.740139,10.882696,10.133737,8.27005,4.47516,8.216522,6.3269105,6.84135,1.1580266,5.863294,0.64618856,8.048669,4.612163,9.506784,2.143196,5.688099,-3.3678746,6.999679,1.62928,5.4777083,-1.8801037,5.6227407,-1.0871793,6.3376966,-0.6725211,5.491525,2.382105,7.119724,4.1659985,7.074958,2.8615503,7.0476174,0.39865,0.5024961,0.41676086,0.41670373,0.4523958,0.5758222,0.74032545,0.5115295,0.40207452,0.34526095,0.39580458,0.29715905,3637.551798162976,697.7662669492919,3198.8678390173886,247.31591664652487,7771.0863426373835,1005.957420979474,25.015980777119143,14.073111825634532,16.024566474582972,16.343714525484504,17.73387130687523,16.033701899392288,14.97401954703743,0.19009560032894737,0.0716635016040507,0.16388439,0.060269676,129.19921875
genres_original\disco\disco.00038.wav,disco,-77.395744,42.231285,52.15557,21.735958,-8.997961,22.026054,12.852356,17.297897,8.566091,12.894541,2.8920133,14.92131,8.930743,12.438653,4.013753,9.924654,-7.3446417,9.4971895,-2.260518,9.623671,0.9621685,8.183755,-1.0486537,8.646015,-3.7624757,7.8668337,-3.5320666,7.4733744,-2.4292212,8.433807,-4.880999,10.277128,-1.8485126,9.984246,-4.1706743,10.579973,-1.6632475,8.2088585,3.508745,9.036993,0.39995572,0.33397636,0.3744498,0.33614814,0.41566542,0.48513708,0.40181994,0.44785222,0.36208776,0.3023071,0.28215978,0.30706012,3354.360372505759,749.0709033340834,2987.367057986614,333.950258701142,7044.907400408765,1326.8936058793706,26.0606860378559,15.253408891853839,19.00323771152576,19.77840996614292,18.3671065636753,16.961106415762384,14.817921625875176,0.16828847595781735,0.07504607238199056,0.11312769,0.043425605,123.046875
genres_original\disco\disco.00039.wav,disco,-107.36452,48.768627,91.02147,26.56894,-8.338966,24.050468,34.284462,17.333168,-1.9262822,11.333244,3.7966006,12.286437,10.531457,9.27117,5.5613923,9.76532,6.9440746,9.4840765,4.7774053,8.014212,0.6849833,7.891968,-3.8546648,7.034073,-2.5791147,6.7936754,-0.90398204,7.2930994,7.024838,9.116306,3.7832522,8.21666,3.3438797,8.875409,5.20636,9.771081,2.8768697,9.474917,3.1789966,11.104375,0.24227917,0.19367777,0.33926117,0.292282,0.4416667,0.2701524,0.3338014,0.52444845,0.33937,0.49033263,0.2366393,0.3877997,2328.7358232995766,580.9787986835498,2432.2106054853166,506.36038671486193,4868.278895516883,1400.3298290984155,24.995430260631494,15.612152164216353,21.22735496308039,22.27146888682305,20.78707445249755,19.909939375051334,16.287324349093776,0.10118608504256967,0.028192376141641662,0.124338545,0.03609328,112.34714673913044
genres_original\disco\disco.00040.wav,disco,-78.35117,51.157784,80.074615,25.29574,-9.1673765,16.845148,25.477053,16.710794,-3.3905444,13.188245,16.8094,9.2135725,7.2707057,11.656095,1.818662,9.932335,0.49557438,9.903457,6.3203177,8.011549,1.4938978,8.1645,2.1636302,7.767425,0.6581049,7.831818,-3.3820214,7.9223833,-0.911081,8.34492,2.9360857,8.012185,-0.63413316,8.454015,5.8765235,9.270579,1.8965186,8.392242,-0.61301386,8.651293,0.34768647,0.35835087,0.5210354,0.39620748,0.43706325,0.56126744,0.48730403,0.5964304,0.37628764,0.33964315,0.34024462,0.28911552,2605.158778871083,638.0967251815713,2533.400411803869,355.3431837232599,5352.617633453464,1240.6108994375163,27.671606876353994,14.642963347862548,18.48771764626128,18.59059763617347,17.42768344093182,17.604328986780143,16.65686738802683,0.12638850256385448,0.04925769241814541,0.14515093,0.07560162,135.99917763157896
genres_original\disco\disco.00041.wav,disco,-122.06817,65.96478,116.81796,30.26819,28.333023,20.093992,24.729452,16.734476,10.946231,13.843335,-1.8944625,11.678608,-1.4049608,11.191998,-0.9484213,8.074483,-3.5381525,8.915168,-2.6139371,7.950519,-1.1199347,8.17652,-4.180541,7.4796844,-2.5521874,6.5517397,-3.766393,7.4740996,-0.25579143,5.838748,3.2379713,6.4539037,-5.7643414,7.036282,0.7164778,6.2535734,0.27367607,6.4103994,-2.2794302,6.8006954,0.22473168,0.3641006,0.42334887,0.3295283,0.41328675,0.300617,0.3656127,0.3218732,0.35583764,0.57522935,0.31248218,0.28278998,1776.3958801199312,787.2268049940943,2452.7444237351056,555.2114526367646,3874.7765697561917,2176.9221964604053,29.778429577724268,18.017792738596363,22.662041900236797,21.49688318541216,20.14125234455764,17.962402992333182,15.246402409444205,0.053842455979102165,0.036524757658491516,0.1753704,0.058544144,161.4990234375
genres_original\disco\disco.00042.wav,disco,-62.305237,59.267357,92.054,24.128311,-19.720612,19.777237,17.629362,10.792852,-3.1775432,8.622545,5.41975,9.521261,-4.0006166,8.161307,8.885712,7.321293,-2.4901588,7.041303,3.1609385,6.0845027,-0.5298751,6.794551,-1.4906911,6.32169,1.2983328,7.532873,0.9118191,7.508745,-1.5740799,6.239971,-5.345329,6.4306397,-1.3775159,6.959678,1.9313309,8.455058,0.5238894,7.837033,-3.3288658,7.285812,0.3855841,0.3343347,0.63586515,0.39852622,0.3456351,0.25724864,0.324955,0.5445912,0.40554267,0.38736996,0.31984046,0.38987347,2403.9325975307147,553.1104080813978,2395.0072403556587,388.38798862452995,4901.478694762239,1279.9224537573875,22.812539877893183,15.04725230678729,17.972726745016608,18.236401541826158,18.274395671804992,17.270500677803543,16.810187611777007,0.12167764669601393,0.040131270575254195,0.13598101,0.043712735,103.359375
genres_original\disco\disco.00043.wav,disco,-62.788113,61.34119,77.8459,36.694157,3.535339,26.944422,26.012877,15.9475155,5.932444,13.83311,11.292923,9.421417,11.104592,9.8611355,-1.9596616,11.020176,1.8299742,8.333947,9.18684,9.188625,4.0683765,7.781751,0.9767575,7.05529,5.6182814,8.204339,0.6827657,7.3104773,-0.13502204,7.395259,2.2042744,6.8954706,-1.8583151,6.781341,-6.820175,8.263296,-3.192486,7.6870556,-3.5373251,7.639897,0.50863755,0.35272595,0.41165558,0.36242354,0.44848245,0.3765827,0.37621734,0.44589055,0.44093436,0.49831134,0.41348192,0.40863237,2875.523793893122,1129.5332800836657,2760.719592455261,731.8776354371598,6020.16359689435,2427.2757022625447,25.048540212578175,16.299389671563095,19.858516709299565,18.640588840518532,19.37196867562758,19.02724687381108,16.182486555906188,0.13478414340654024,0.07237925219544916,0.1736528,0.049412414,129.19921875
genres_original\disco\disco.00044.wav,disco,-71.24205,63.750343,97.72146,31.033133,-18.355274,20.514807,8.578153,16.442295,5.202039,14.62077,-0.9389217,12.224696,0.4680155,10.9373665,1.6290964,8.386611,-4.778091,8.583002,0.06490763,8.650076,-0.5487089,7.884997,-4.452,6.8524733,-5.314456,6.686584,-4.7849913,6.315176,-4.604325,6.3515615,-5.987757,6.2831626,-2.9043708,6.139565,-3.4409497,6.882927,-2.5677822,6.043841,-3.0350146,6.4966364,0.4220136,0.28953636,0.32215968,0.5323075,0.3798887,0.4015409,0.26127422,0.41114315,0.44903243,0.27021414,0.36559886,0.2998243,2330.4341487066677,702.651614962031,2437.648116063216,494.85698973920324,4645.41357648631,1748.7276942282301,25.547396570755,15.53151428620534,18.71734950996197,18.489020744020404,18.50500661179226,17.721252819821874,15.314222899933831,0.1095964650251548,0.040398612847045066,0.1489569,0.054441072,123.046875
genres_original\disco\disco.00045.wav,disco,-81.29733,63.2313,106.4762,38.44055,-9.534991,20.563913,17.970007,15.330825,3.0110774,13.745268,8.301614,12.1206875,3.8938751,10.04612,4.2491026,7.13754,-3.7393968,7.4302425,-2.078543,6.1571264,-2.2060986,6.577474,-4.5875278,6.630515,-1.1600444,6.756293,-1.8838692,6.3285303,-0.22667758,5.680283,-1.036716,5.5572495,-3.2868865,5.5569215,-1.8739798,6.1108346,-0.7098232,7.0959067,-0.55249864,6.5236506,0.515242,0.37214622,0.53615767,0.3953127,0.31838164,0.40617615,0.35593936,0.51207465,0.3145889,0.27795836,0.47786638,0.4069913,2248.158016320912,916.9718776262599,2368.7379081969507,571.8063862765398,4609.87212473394,1933.6204970626998,27.392240353987976,14.150503163397323,17.670971216157188,17.458919894149357,17.02667426227554,17.292904333952414,15.497121458479693,0.10974196679082818,0.06587269052827661,0.13541684,0.053014245,123.046875
genres_original\disco\disco.00046.wav,disco,-125.694466,55.731136,101.78628,20.116222,-17.488695,21.1176,33.67749,17.791584,-15.244758,12.433478,23.698763,14.861265,-8.658021,12.352015,18.546085,9.986704,-14.059921,8.624667,19.96296,8.751168,-15.148184,8.598052,12.975601,8.365426,-14.307979,9.931828,3.033168,8.957886,-7.09871,9.884185,1.616406,10.19654,-3.9054322,10.418745,5.3860574,7.895694,0.9615917,10.758179,2.6921427,8.643535,0.3169258,0.33594123,0.48654783,0.3631432,0.3128249,0.4086939,0.40629753,0.6065251,0.3884566,0.31885877,0.30031067,0.27130964,2259.667499272963,528.0524391943451,2272.8689550340846,370.86354390050195,4889.170435855263,1221.1662855147067,20.646716184192677,14.316621279183128,18.176376917486078,18.856124436775385,19.48682320228723,20.332407503330113,40.93478665096448,0.11426008005998452,0.04781064789061981,0.11299214,0.054818656,123.046875
genres_original\disco\disco.00047.wav,disco,-280.90808,62.992897,120.8154,24.11161,-37.612255,26.635092,28.736147,16.39261,-10.789445,12.8109,-6.406519,13.214102,-13.808621,10.870545,-4.0625076,10.163209,-14.859974,10.169891,4.7919674,14.615185,-20.17432,8.629635,-5.09395,8.247865,-6.7920375,8.437115,-6.4094267,10.827275,-1.7583932,8.04529,-4.1261473,11.395073,3.4049892,11.9975395,4.251874,12.463595,1.014789,11.187699,-1.1414523,11.645966,0.23503047,0.15302777,0.18411748,0.15733163,0.23752554,0.22826584,0.21547969,0.3357303,0.24113199,0.29430994,0.1773144,0.18251365,1710.8442048759703,647.2008645825788,1620.146459083234,343.75276770619666,3238.938747913845,1101.5139951202045,20.735218712592104,19.685661304847077,23.69751602263976,22.80819309095285,22.67351830751217,23.65137304543257,32.72177030066619,0.08702290537925697,0.05300927863510807,0.0469848,0.032791935,123.046875
genres_original\disco\disco.00048.wav,disco,-105.02068,49.57181,80.22214,21.694683,-41.111576,22.800642,54.02576,14.859603,-8.379423,12.451707,25.721209,12.360772,-12.471842,10.003527,28.713755,8.96267,-15.008991,8.326979,15.610892,7.532393,-7.6170635,7.5154157,12.414465,8.031367,-7.368524,7.609025,5.769286,7.6122255,-9.625082,7.8726263,3.9907076,7.9297967,-7.35203,7.2270203,3.4371169,7.2193007,-3.514105,8.375165,-2.9073315,9.270811,0.3539771,0.33416674,0.5216595,0.54558533,0.5623149,0.47979823,0.4128477,0.31451488,0.265283,0.3435627,0.35428593,0.42809415,2616.176846102278,585.4895108671783,2155.8346500424695,309.17165854734264,4983.836530089009,1074.130304052009,22.50931465354216,15.050728890817574,18.10870976734642,17.75634657771798,18.312484862229077,18.64284823033375,41.717090958622094,0.15437434996613777,0.05761921237132107,0.112305515,0.04087081,99.38401442307692
genres_original\disco\disco.00049.wav,disco,-45.132,60.12589,98.671646,30.23852,-24.668425,22.369917,40.512596,13.150058,-18.104605,12.316133,26.115303,10.508079,-12.69484,11.877616,13.988503,8.42318,-15.421142,7.897736,16.17926,7.8522105,-14.377716,7.5101857,8.140357,6.83605,-11.939819,7.8460035,5.3776064,6.997898,-7.686566,6.86164,3.684058,6.2489295,-6.807864,5.9943657,1.4850638,5.7627954,-5.80723,5.493473,-2.5007093,5.911603,0.437209,0.36649925,0.3419863,0.44601932,0.3500697,0.35522413,0.46793303,0.33707896,0.49448058,0.39018384,0.46188816,0.6079056,2397.052524918614,751.9924292904949,2208.5337721945857,366.77288953836864,4920.695245229053,1324.918790227663,21.501559040372154,15.639666033623017,17.128403849699556,16.994299936072256,18.2713727006352,18.76466378873299,42.71169578051172,0.13532117719620743,0.07365593131210514,0.20951693,0.085005485,123.046875
genres_original\disco\disco.00050.wav,disco,-45.80532,36.454357,101.7401,18.11382,-32.078636,17.155432,34.265602,12.526666,-17.547401,10.7868185,32.327187,8.878401,-15.645262,10.005803,22.041264,6.848984,-16.110874,7.304912,18.677486,8.395048,-13.079386,6.8896422,16.47522,6.3087993,-9.913809,5.7738156,11.567794,5.765799,-7.7403994,5.70377,6.131409,6.028861,-7.3614235,5.4765506,3.5779815,5.6071277,-6.616034,5.47484,2.8414469,5.3766284,0.63953155,0.3522562,0.3783394,0.5526516,0.38011575,0.4105389,0.4211752,0.61661935,0.387609,0.33120665,0.5056671,0.43829587,2376.151262275846,442.74067528158525,2258.5350355440687,260.9616060807858,5006.728058333736,956.5569100578626,23.648527614929165,13.450934655502822,17.709676463739815,17.22875141664181,18.25066758113538,17.179381464646397,42.78840721743307,0.12878191212751547,0.036077468264831714,0.1589932,0.042340536,107.666015625
genres_original\disco\disco.00051.wav,disco,-77.198685,40.696,89.36663,17.877962,-34.232285,16.994118,38.681267,12.111468,-22.269873,10.632643,31.254671,8.575847,-16.385426,9.774299,22.344227,6.7694907,-16.015026,7.1794424,19.283665,8.110939,-13.230427,6.831802,16.72414,6.057431,-10.393917,5.630164,11.381443,5.6398797,-8.547002,5.6055417,5.7291126,5.7441216,-8.349093,5.2628665,3.0559773,5.551206,-7.5780916,5.3099165,2.2519233,5.298541,0.6301675,0.35655,0.38998374,0.5551738,0.3920088,0.4204833,0.43886796,0.63980067,0.3940553,0.34655723,0.51982033,0.44277015,2651.3202472461617,454.49445073681443,2309.039109488246,231.19893344214805,5372.017516145027,842.0089250966087,18.302664481584202,13.406921122961812,17.4238161649327,17.10713258747688,17.850628818548326,17.14959252264002,42.11614195975851,0.15772391398993807,0.042070515672330396,0.10635126,0.035141136,107.666015625
genres_original\disco\disco.00052.wav,disco,-70.51618,40.52427,90.476006,18.850536,-48.086514,18.177752,36.67485,14.291256,-17.666039,12.800238,21.603977,11.498856,-30.18695,9.950456,24.03991,9.904122,-20.447668,9.266915,14.48298,8.803775,-18.503065,9.283689,9.126518,7.3436875,-12.047068,7.718199,6.2659683,7.473107,-11.558922,7.075394,4.908774,6.350529,-7.8774056,6.240276,-0.64481187,6.760662,-4.3557434,6.4568963,0.19770402,6.748243,0.41466615,0.3803148,0.5320238,0.3373744,0.38892078,0.4008475,0.38515398,0.44096947,0.34427086,0.4921804,0.45762753,0.42302418,2591.5017766838123,506.0127241883298,2163.1024960936243,259.13156704397625,5062.136056622485,973.4288057348673,15.934131977101403,15.494503940714052,17.41544876946297,17.98482382678683,18.51243476846499,19.28131128332776,43.86313904918911,0.16987803550696595,0.051592650994243386,0.12529388,0.044816535,123.046875
genres_original\disco\disco.00053.wav,disco,-108.510765,106.6417,69.93312,41.68592,14.870285,37.918312,45.539623,16.871634,-5.3849373,15.348489,41.803654,11.707654,-13.518741,9.442378,32.559277,9.156442,-20.397465,9.05489,23.435902,8.26049,-12.123884,7.2540193,17.999403,6.7317414,-9.038809,7.2133894,6.992761,6.344229,-4.731377,7.594632,2.3560433,7.120033,0.19970368,6.9414515,2.3458986,7.0183,-0.7866605,6.864924,-0.59490657,6.2616434,0.36384305,0.43472067,0.4429088,0.5566834,0.40973726,0.40391073,0.45217356,0.5164006,0.6598601,0.54555196,0.47053334,0.35598806,3079.468912826982,1109.1913283676354,2709.9666043643942,385.8509331510668,6405.727932106231,1334.3274240501257,18.079722235890674,14.176945206301308,16.803864389062277,16.545806205993724,17.39840291658966,17.18379277400882,46.352125919490135,0.15430745694659442,0.09950169977062846,0.1725675,0.073028,135.99917763157896
genres_original\disco\disco.00054.wav,disco,-226.35432,62.069477,78.271614,27.003487,7.8452187,25.251158,53.856804,15.757668,-1.151935,13.821889,11.3028345,13.491815,-7.8484793,13.363629,24.365108,10.481309,-14.952828,10.807155,18.494564,9.974675,-19.137503,9.659464,6.1562767,8.205422,-10.068168,8.32496,5.2878304,8.636078,-11.683896,7.979492,3.3380044,8.095416,-11.275221,8.425969,1.3868338,9.380399,-10.699085,8.780176,-4.3292,7.963013,0.4074368,0.29585055,0.3477955,0.43639675,0.52483344,0.37693635,0.2649989,0.39547148,0.4743952,0.5277694,0.39833555,0.36621094,2566.1260441601803,908.7582428042685,2533.6870788134956,336.68438692544413,5521.508278861504,1464.1119280824223,20.74783154494575,16.47747360333973,17.878479244661758,18.89285830703013,18.201633115751996,20.509536620080787,38.016621978123865,0.11465010037732198,0.07463031234675307,0.052156653,0.025798459,112.34714673913044
genres_original\disco\disco.00055.wav,disco,-103.09195,52.63697,107.497505,21.100863,-33.526493,21.174908,52.796356,11.7378435,-9.143341,9.914521,30.365688,9.280666,-9.337432,9.518198,23.046274,8.086973,-11.900223,9.272591,18.170902,7.122215,-7.554082,8.484178,9.401475,6.375433,-5.444428,7.03639,6.6532264,7.020969,-5.613328,6.5306683,4.1491914,6.224914,-5.471509,6.0772686,0.8388856,6.3624983,-0.054206304,7.7089324,3.7572117,7.5953517,0.62035745,0.44628373,0.45648357,0.3882107,0.42560136,0.43804607,0.41023806,0.5693333,0.40834996,0.4596483,0.4801196,0.45373213,2108.1997863703064,494.74855993824605,2072.6349671204407,346.65496315837885,4398.706734955495,1053.5258171904159,17.395681076738185,14.876795909929044,16.94297302723511,17.520173268691835,17.89157818877352,20.117281357127744,40.778708181324646,0.11041618795955882,0.041766071561369925,0.121490456,0.04312023,129.19921875
genres_original\disco\disco.00056.wav,disco,-182.7882,55.909466,124.1851,23.999317,-10.062487,17.332582,41.59245,12.423271,-7.3899937,10.7652445,26.952116,10.740627,-12.362844,9.777902,19.820305,9.24453,-16.069172,8.636998,16.20639,8.385297,-10.253923,7.3763514,3.1237123,9.018263,-8.989257,6.859817,2.1562555,8.174518,-6.1063056,8.810542,3.9118848,7.383658,-3.7005365,8.224407,4.940195,9.344505,-1.2491524,10.079141,2.5313783,8.764193,0.32325634,0.27846947,0.30778438,0.28781486,0.36295858,0.35321188,0.5171019,0.48819295,0.31430945,0.34673214,0.3131744,0.40601757,1755.2903582545093,564.7535929810657,2043.0111365643288,361.42003503990287,3816.2602569296632,1285.1450647129939,17.07856419169245,15.082129686842425,18.778980082105786,18.88041215915774,19.304842430422095,18.25490025268666,37.616908454557695,0.07696816648123066,0.03752317729484583,0.0762048,0.029741868,89.10290948275862
genres_original\disco\disco.00057.wav,disco,-143.20898,45.257797,122.59269,15.248004,-23.92042,17.461454,28.14886,13.575072,-23.689157,12.248426,23.08134,9.691816,-17.911198,10.245454,18.753313,7.7888336,-18.636002,8.715149,18.356426,8.126938,-13.91446,6.717009,9.730259,7.021717,-12.243755,6.306014,4.9380503,6.982207,-8.392431,6.0155725,5.4806075,6.0369277,-7.8706884,6.127462,3.937847,5.8655205,-5.71553,5.874071,-0.63423425,7.084754,0.4139237,0.27850488,0.33692512,0.5819366,0.34642074,0.3506461,0.25862253,0.3921835,0.52009284,0.32469535,0.34579432,0.29216492,1937.935756160484,359.93044948043485,2099.948883012934,257.4662000213545,4164.391485161087,932.9259494938345,18.97316306567656,15.479318890852795,18.59701317422825,18.21768940859919,17.638185891813702,16.840626512565166,38.713927984556825,0.09247298580205109,0.023773244375785093,0.07617443,0.023165235,117.45383522727273
genres_original\disco\disco.00058.wav,disco,-109.5915,55.382473,104.1451,23.455187,-16.217413,21.138554,45.376465,12.8167,-10.195766,11.516266,25.558594,12.69044,-17.158018,9.673153,22.278688,8.554227,-16.850662,8.2641735,16.535793,10.513318,-12.096706,9.029206,8.670637,9.065662,-8.84719,8.102907,5.2464542,8.260761,-9.296139,7.2527,3.4515903,7.589398,-7.895842,6.552744,1.5266706,6.9598775,-4.04567,6.6462216,-0.10831425,8.090563,0.39349762,0.37331295,0.4383303,0.3777694,0.46662822,0.4618748,0.37366346,0.3864575,0.4568436,0.5255074,0.38001752,0.37301782,2217.968214173905,625.0685226474997,2245.210277412835,314.33371418642173,4743.712982083252,1166.7948270429831,23.816502369537805,14.074056447758286,17.482478592797406,16.758618611767805,17.89291514401687,18.20063941591536,41.14817220877824,0.1109932819756192,0.06026967802700165,0.12223055,0.04814953,129.19921875
genres_original\disco\disco.00059.wav,disco,-109.0528,64.224266,106.848564,31.997845,-18.27907,20.815508,23.423592,13.137332,-17.764582,11.344652,19.019663,12.909894,-13.615213,11.767044,18.686106,9.416892,-18.371767,9.728766,18.402845,8.744378,-9.714787,8.134567,11.857383,8.914178,-5.560523,8.572948,12.884756,8.504342,-3.8281438,9.5889,8.68438,9.009674,-7.0812664,7.860564,5.4192944,7.6854906,-6.1986675,9.146559,2.327917,7.2791853,0.3792607,0.44702587,0.4966872,0.31779766,0.32446375,0.31228,0.43816647,0.36832184,0.3478309,0.45016578,0.43983296,0.518408,2279.8184962748423,763.2303321037778,2269.7688540934128,390.1986562958428,4828.345803653493,1528.5548258394458,22.445041216483897,14.403444779194862,17.654476921284793,17.38018549413574,16.491344800064173,17.00220315389666,40.3793790293493,0.1102181543875774,0.06897556685864786,0.1169598,0.053529397,123.046875
genres_original\disco\disco.00060.wav,disco,-121.09522,59.291477,116.9425,26.057152,-22.78697,21.418146,45.14893,11.900148,-4.2390513,10.957363,30.256325,9.731945,-12.245274,9.216739,21.729876,7.944693,-16.540764,8.859446,16.23328,6.995612,-10.6551695,8.264937,7.3304195,6.6176586,-9.353951,6.9881124,5.783407,7.319436,-8.41908,6.61794,2.7517536,6.415213,-8.0942545,6.062694,0.36947286,6.5888157,-3.2401588,7.509901,3.585284,7.836352,0.5874336,0.39891908,0.38985562,0.3450675,0.40364355,0.43816993,0.40774456,0.5447369,0.3822229,0.43031216,0.45749345,0.43251336,1975.227458099991,592.1647824555217,2090.0411850498886,424.7698106623266,4251.4826251995455,1399.7656801647063,22.193194209215516,14.86894896940864,17.277068142153055,17.554492084272162,18.27017133292175,19.490453480165986,39.81983408154664,0.09303307311822756,0.04116394431581023,0.11449887,0.040757403,129.19921875
genres_original\disco\disco.00061.wav,disco,-91.88631,73.479744,87.60406,22.83403,-2.0581753,24.73692,34.285538,15.7306795,-18.153368,15.105977,19.344702,15.805408,-14.697328,11.894417,17.11617,12.137595,-15.334749,9.225779,17.040913,11.033554,-13.55869,12.179235,11.848034,11.011008,-9.81162,11.808476,9.113957,10.471748,-11.469915,10.597057,-1.0519091,8.562871,-11.64962,9.164639,0.29344073,10.211018,-1.2797366,10.771804,0.09898164,9.367441,0.43318433,0.32183164,0.36659727,0.34464088,0.32142496,0.3346598,0.3329946,0.35296887,0.26968795,0.24502526,0.23916744,0.3181829,2550.135383866737,694.6447980974901,2486.0206503089084,368.21520978161897,5585.291226508079,1393.7952892361336,16.845699015199646,15.730116572008338,19.025492451672278,19.996931367623866,19.369296157566744,18.633670445072507,43.579210057780394,0.11589045568885449,0.0504051418442315,0.18443452,0.09845568,123.046875
genres_original\disco\disco.00062.wav,disco,-107.8676,71.58432,81.936584,25.965303,-30.63407,26.199968,41.331936,17.750034,-8.509502,14.269418,31.333733,13.158027,-8.869069,13.474127,26.030903,10.017233,-8.280142,10.684312,17.894875,9.435734,-4.652872,8.893228,7.4255123,6.756163,-4.352716,7.7053404,4.491106,7.070826,-4.0987024,7.514971,3.0722198,6.9503508,-0.2864228,7.7059584,4.993085,8.117201,0.40634808,8.72428,3.8392715,9.361181,0.47569686,0.3816378,0.38479564,0.410109,0.40429157,0.5006985,0.4035545,0.506944,0.3353321,0.41196033,0.46624717,0.4414738,2387.922380957909,660.8889109659684,2191.0049201766205,315.73121032818597,4919.661918144108,1186.6202211116085,17.036742163207325,15.884563275279385,17.979751154112684,18.01087853623369,18.299755419522796,17.669099374685615,42.132799844658095,0.12770671076818885,0.06207232489706786,0.15116338,0.09200442,107.666015625
genres_original\disco\disco.00063.wav,disco,-51.776085,53.388912,70.33135,18.892529,-3.9117005,20.401636,49.74228,13.62299,1.5879707,10.960738,35.703487,9.317257,-4.088695,10.846605,24.787909,8.338264,-9.707023,9.600271,22.039284,7.96853,-6.114996,8.234327,17.18126,6.77239,-2.766424,8.629198,11.962386,7.035387,-1.6310154,7.1789603,6.924509,6.1791725,-2.909797,7.513552,4.9149704,6.8772516,-0.48781282,7.0156064,6.7344446,7.3439503,0.64572227,0.54177207,0.51844573,0.5624662,0.54487634,0.60497147,0.50181955,0.5085883,0.52316946,0.52466697,0.53268796,0.56531936,2583.326723139977,663.8300125969066,2626.3562860056154,351.1478218728937,5855.539592353183,1245.666958806157,22.047643012429102,13.19160242357715,16.724575168489284,16.043285732403323,16.184218328265896,15.826113083398365,39.73136805568227,0.09977263931888544,0.05808054176643849,0.29373863,0.11063007,129.19921875
genres_original\disco\disco.00064.wav,disco,-189.21512,86.290054,93.95932,22.833683,7.905782,29.23643,41.8906,17.240297,-7.0920463,13.590379,31.882488,10.554464,-12.586036,11.0193205,24.2205,8.473299,-6.057699,10.470852,24.537947,9.68403,-6.0252366,12.194706,16.76309,11.470731,-2.0117977,9.859118,6.338117,10.30916,-8.548105,8.967548,3.8101702,6.78718,-2.5845132,7.391257,-0.8613339,8.287658,-3.1122646,9.844641,10.213786,9.119125,0.6107713,0.4427915,0.3671766,0.29366654,0.36183262,0.37492546,0.38149217,0.45150775,0.28917354,0.25099075,0.3127212,0.5214906,2144.2930792368275,715.1399794206881,2404.159447127944,398.6313069347075,4947.728415096507,1508.354053733061,19.51476339413975,15.860595866294204,18.165466791716458,18.459307572109193,21.19015378943595,18.881785596038146,39.82434896374479,0.06485183763061146,0.036618643507843676,0.09222451,0.031128166,123.046875
genres_original\disco\disco.00065.wav,disco,-106.243805,71.5849,105.575874,21.953144,-5.5135617,29.373386,50.055817,15.018924,1.2439843,11.435842,37.0026,11.018219,-9.622076,9.352553,24.011703,9.871379,-8.668455,8.016092,14.975656,8.114822,-2.5260408,8.362503,9.765439,10.033349,-0.9115709,8.0458355,3.856074,8.500915,-1.5508848,7.6542654,3.566325,6.252526,1.5332676,6.6825376,2.0969243,6.106593,-4.0135326,6.930956,-2.6234522,6.787542,0.41943172,0.4244384,0.44494998,0.37061936,0.42809802,0.50026613,0.6825802,0.509324,0.4082514,0.47937375,0.4354934,0.55024904,1887.648892045496,561.71580447084,2191.1875941182675,323.7426285123186,4364.948605752951,1291.6010127368581,15.771093313486615,15.729815724073992,18.94268062029691,17.36380762066622,18.274826504354237,17.317026583041045,40.32671387230821,0.07365715097716719,0.044903810725006474,0.18535407,0.07458196,129.19921875
genres_original\disco\disco.00066.wav,disco,-57.606716,61.301605,96.69189,25.428143,-24.42202,22.275993,40.01419,14.545785,-17.260252,12.697896,27.834213,9.82266,-13.297422,11.789301,23.196402,9.044506,-16.528564,8.105538,19.427147,8.473105,-15.485602,8.485389,11.82569,8.497415,-10.574847,8.729912,8.35943,8.087688,-9.370791,8.943697,6.5462084,7.698128,-3.695063,7.7603292,0.3470924,8.145489,-4.4089584,7.881217,1.5547028,8.802751,0.42486742,0.44761845,0.45875394,0.44812173,0.5866357,0.4361032,0.40663365,0.43897438,0.43875867,0.51921844,0.39438292,0.41002673,2492.85210583472,698.2828935294608,2277.9018385516206,334.45036791465924,5114.627405881143,1227.8132748905668,20.77922594638401,13.962920594547422,16.790207097581355,17.6094548142684,18.73286406295711,18.85404627656025,43.41707757256024,0.13862576794698142,0.06312919059501766,0.16957618,0.06250937,135.99917763157896
genres_original\disco\disco.00067.wav,disco,-103.76036,43.082424,92.46227,19.963627,-27.230408,16.887331,39.22129,13.710556,-23.052734,9.320565,20.634798,9.309665,-17.766901,7.864458,18.950554,6.571954,-15.204782,7.5993347,16.394331,6.8487206,-14.662064,6.6603546,12.249461,7.078824,-14.973013,7.2353835,8.244379,7.027156,-11.897316,6.3126063,1.0192477,6.4377737,-8.905782,6.98016,5.1790156,7.782054,-6.445104,7.52694,1.7000207,8.125497,0.30316904,0.4177608,0.35462028,0.30974343,0.572509,0.3298917,0.33597434,0.24073397,0.3456789,0.5177396,0.3121581,0.3400636,2541.995563795192,508.87306342887626,2289.3365138825743,251.63808325652838,5183.035325561145,945.4641446401515,19.808493384718,15.24863246848418,18.66352500740626,18.385239096243378,18.282746531446183,17.295947420205888,41.029452141138954,0.14330827931501547,0.052966584289856684,0.09135411,0.030665537,99.38401442307692
genres_original\disco\disco.00068.wav,disco,-93.31913,43.865646,77.83445,21.242928,-8.7843275,19.621479,42.07125,12.944691,-11.249412,8.71536,24.245377,10.821547,-17.912214,8.247718,22.240355,7.4831495,-16.039137,7.352543,16.687471,7.0950418,-15.665249,6.4816313,15.410949,6.892882,-18.128244,6.585519,10.212018,6.138573,-14.608057,6.1500783,1.8476799,6.9460974,-11.091009,6.2964597,1.1463727,6.494959,-10.552759,7.1868896,5.189855,6.86861,0.38454723,0.60650074,0.36660895,0.35208687,0.39024693,0.44166613,0.56227016,0.39160562,0.43582228,0.30841663,0.3698777,0.38471365,2956.6002017744845,721.0938477321989,2599.740187278478,287.72543731608937,6132.0212538397345,1099.2116240242692,23.03518215439266,15.875944198345419,18.329203225568445,18.685620800629348,18.1585688663852,16.60318240261084,42.77878313350407,0.16269251584268576,0.07437022387883789,0.106793314,0.04098909,107.666015625
genres_original\disco\disco.00069.wav,disco,-118.3657,38.642963,114.23729,17.579565,-6.7823,16.421946,37.40087,11.411823,-17.431938,9.515599,28.36287,9.875736,-23.726538,8.53523,9.28381,7.5281205,-10.439461,7.1444297,12.624765,6.6582313,-5.148676,6.3234043,12.253149,5.6821823,-3.8705227,5.1878753,4.3780017,5.747683,-9.250749,5.754828,3.4737234,5.435358,-7.95215,5.313545,3.6644185,5.8368025,-6.1568813,5.95315,2.7070289,5.7744613,0.56089777,0.29510775,0.36705995,0.5486968,0.4014576,0.49003765,0.34879607,0.39550483,0.27692965,0.2804648,0.33487606,0.37079826,1931.1496588575947,434.38009250326445,2208.9637535058287,207.9210968436825,4515.622694647349,842.6730167026324,20.182478812241087,13.126499722681325,17.167354653251415,17.128403483580296,18.966039077619715,16.613689909017143,39.07615014099145,0.08364121758900929,0.035755040348975434,0.11158227,0.041622937,107.666015625
genres_original\disco\disco.00070.wav,disco,-81.727165,40.596905,97.61068,17.994453,-27.583755,17.097614,36.644188,12.305833,-17.252998,10.742681,30.76932,8.672228,-15.948635,9.925036,20.968245,6.8622313,-16.22693,7.317312,17.418455,8.174546,-13.363811,6.804758,15.080846,6.091159,-10.38692,5.6200566,10.253875,5.625037,-8.392584,5.6083527,4.7922664,5.8590403,-7.943187,5.4116883,2.3002288,5.545067,-7.105159,5.2518997,1.768119,5.3177767,0.6376874,0.35634026,0.38080925,0.54223555,0.3819374,0.42372763,0.43392026,0.61591154,0.39353004,0.34433043,0.51146513,0.44412875,2449.2969214438763,461.0252117899234,2311.913698234346,250.97426748029403,5185.360311502273,931.2862188178435,17.514036877900246,13.647084984666431,17.46459457937314,17.037501918193314,17.744259146918502,16.92754234180975,41.73187837167617,0.1346148322610294,0.03890137354544263,0.11101833,0.03728014,107.666015625
genres_original\disco\disco.00071.wav,disco,-105.51604,39.87792,79.25659,17.793875,-15.207652,19.106276,40.825546,11.662503,-12.267791,11.421579,23.559671,10.915882,-19.938488,9.220695,27.319258,8.822649,-16.512428,9.637373,21.538397,8.53691,-11.68012,6.679866,13.991893,6.697101,-10.775013,6.5202565,9.3779545,6.066041,-12.224892,6.373312,2.0753546,6.195479,-12.2306795,5.634997,2.8724236,6.8050966,-4.6847653,6.6315303,8.17402,7.773019,0.4924749,0.35365325,0.38223067,0.5729155,0.5570893,0.6481768,0.3815265,0.32613602,0.34248886,0.35872126,0.41115123,0.3995153,2809.021561476355,598.8161800014784,2530.893093437794,226.0148248375931,6001.3803771405765,851.1081722360309,20.832457553221033,14.032154373343483,17.705825013206354,17.908380159429687,17.754569539085438,17.023285619671928,42.97867653509259,0.15595068208204335,0.06834677606064296,0.09814837,0.039542776,112.34714673913044
genres_original\disco\disco.00072.wav,disco,-128.46767,64.684616,67.26374,24.414263,-36.918983,23.281693,40.90837,21.002876,-21.745594,16.791037,23.162697,14.972407,-13.252984,12.120764,13.093862,14.225571,-14.004485,10.702891,17.799564,9.627081,-15.179246,9.026267,16.37246,9.697073,-10.465581,8.212164,12.8358555,8.063183,-9.216799,7.464163,4.3896093,7.1326785,-5.4432764,6.423063,7.246392,7.083638,-2.667623,8.800667,6.573777,9.815337,0.3389368,0.48796487,0.614779,0.4024814,0.47215304,0.36639073,0.41108453,0.34961978,0.39928225,0.5688929,0.4024924,0.39752963,2902.9834800553963,674.1446530360115,2302.2475450567254,279.36105715019704,5470.541920381434,1061.896999963539,17.508809035486262,16.29454066752285,18.583995565489086,18.52452034379444,18.660895078906506,19.368751138706287,41.330115462586946,0.184138720249613,0.07711310353300642,0.08449773,0.039807845,135.99917763157896
genres_original\disco\disco.00073.wav,disco,-95.25163,55.23062,82.25366,20.986227,-26.221525,15.36847,37.522614,13.482393,-16.3551,11.496404,25.29429,8.239943,-21.796482,8.911953,21.811947,7.76115,-20.064442,6.7034163,16.297644,7.0872936,-16.119652,6.506819,14.439221,5.840104,-11.9070425,5.828201,7.1689878,5.0454354,-11.668229,5.418292,5.07811,4.813911,-10.222132,5.3529496,4.7934794,5.1258526,-6.0183835,5.643778,-0.2414337,5.501645,0.38459408,0.39906523,0.6496491,0.35071942,0.40940613,0.5112839,0.44869277,0.62071216,0.34414682,0.3689163,0.4470574,0.4226029,2846.8226092079603,561.2773891014958,2460.2125329956,228.52615506416808,5925.3808366994,869.8928483739609,19.0275129815453,14.007839169414217,17.430359343432958,17.552434245150785,17.476454289644042,16.895038692788773,43.34303906229793,0.17636703632933437,0.06721990785472465,0.09553592,0.041574873,112.34714673913044
genres_original\disco\disco.00074.wav,disco,-40.762928,42.28572,86.78239,17.9417,-26.962378,19.17065,34.941532,11.575478,-20.048147,11.508303,21.65764,10.852922,-23.953712,9.267886,19.265038,8.705307,-17.531559,9.616896,18.037153,8.691256,-16.020786,6.7579136,12.446079,6.82905,-13.877287,6.401194,6.013273,5.999397,-14.214262,5.939274,-0.8154321,6.086491,-14.490395,5.611923,-1.229841,6.719644,-7.699562,6.2617736,4.327605,7.099614,0.47373843,0.30154777,0.34001026,0.54375285,0.5155927,0.63235104,0.32100528,0.28056443,0.3221018,0.3493367,0.39688402,0.3567485,2649.2178590263243,515.8076924516296,2383.9281662533035,227.50756135112687,5545.783132074787,866.0530131576525,20.36808065447331,14.092879234712028,17.650273166425876,17.69829089971559,17.711942368577585,17.029443958365597,44.415322671698924,0.15116461880804954,0.05429887531450014,0.17761214,0.069489755,112.34714673913044
genres_original\disco\disco.00075.wav,disco,-91.75992,38.42159,86.314995,16.242098,-17.351944,16.238316,43.106064,10.682995,-18.40748,10.3639,34.058987,7.976445,-18.420603,9.018863,26.836887,7.5575433,-13.56513,8.169198,20.214409,8.247236,-14.637163,7.6549664,12.668141,7.289706,-12.608889,7.1909575,6.200999,6.559676,-10.449866,6.2524796,7.365131,6.076483,-8.057862,6.6844187,7.1151733,7.2639213,-2.459065,7.2197795,-0.11617033,6.845583,0.4795295,0.43198463,0.42595184,0.36525932,0.360715,0.38899007,0.4269205,0.5895809,0.51738715,0.41336417,0.3607013,0.3880502,2690.932759278845,467.60048779964654,2480.5060010820966,225.81232003810246,5776.39007095951,785.900089470207,23.540367410199888,13.948067833968514,17.26157149884703,17.01547468257964,17.29911983502358,16.373202977092767,42.85296494292286,0.12995726405282507,0.04323529130529884,0.110856615,0.035716746,135.99917763157896
genres_original\disco\disco.00076.wav,disco,-95.872894,54.790276,103.33598,19.268589,-36.4608,20.713387,27.1251,15.45095,-22.873161,14.015823,9.985935,14.7541275,-24.656694,10.762058,15.6701565,9.467271,-20.151213,8.586263,18.746262,8.299608,-18.563173,7.678459,9.864556,8.469877,-15.108639,8.670722,3.8944137,7.523736,-11.188667,6.9371166,0.5124213,7.1551385,-5.4709244,6.6622286,3.1176531,7.587778,-7.906384,7.7544303,2.9722521,9.3105135,0.31107077,0.22075012,0.3953151,0.43928146,0.4433928,0.50831646,0.2988118,0.36197802,0.3088713,0.3351933,0.33067137,0.28428173,2252.1224779780023,476.574048173485,2165.40985838101,280.59508298221647,4558.63910119969,1053.5613231235993,17.99760036524887,16.99576564959049,19.34900732162488,19.700778519052843,18.96838304363921,19.093803208056677,41.49747148806043,0.12191385086106811,0.040071683042191907,0.12425735,0.0513244,129.19921875
genres_original\disco\disco.00077.wav,disco,-56.901474,52.589924,97.02408,23.375597,-17.874454,18.835178,44.933502,12.369006,-6.9323897,9.637383,23.81333,10.675713,-23.314041,9.05468,25.996197,6.8378263,-10.480186,9.778341,10.453681,8.047997,-15.226058,8.214261,10.030942,7.826695,-9.161243,8.530446,3.7398655,7.5546174,-9.396589,7.32693,3.4830155,6.703576,-8.049632,6.761341,1.657038,6.9387565,-6.0185494,7.239034,4.4114547,7.7231083,0.5510224,0.37884915,0.40714645,0.34287402,0.42893383,0.37736106,0.34281886,0.49828044,0.41096455,0.52118886,0.32884973,0.40007076,2308.7942063741325,607.9339907438987,2277.868954192343,310.6645638434688,4944.128436865083,1227.79660849254,22.98650886243055,13.947859516597246,17.809142303261122,19.167859780959567,20.76094654367227,17.431305007740793,42.77388038364458,0.11760246347716719,0.053534911215442064,0.20663263,0.07055028,117.45383522727273
genres_original\disco\disco.00078.wav,disco,-182.05023,67.73014,103.41656,20.108793,-18.22728,19.00996,31.200912,18.902756,-12.540437,11.8283615,18.842093,13.747531,-12.869497,10.9399395,19.378906,10.2272415,-17.704332,8.341364,18.50028,9.737759,-14.324433,7.992472,11.545081,8.506554,-11.634119,7.709097,5.5954614,7.4353356,-8.039428,7.5703697,0.2704894,8.485949,-8.0900135,6.9789157,2.727342,7.686672,-3.2884355,8.124239,3.507127,7.569792,0.4399549,0.28720948,0.24704428,0.28380886,0.42997816,0.60308224,0.37390354,0.30660135,0.2531708,0.24095473,0.23581073,0.28212368,2219.3232376250994,571.3686202543012,2306.993918968888,367.901834052123,4882.52047606666,1383.9341665739528,19.17998862232543,17.022425027825253,20.276181751683364,18.631650642440068,18.06878897182613,17.438392893124497,38.55655251320182,0.09617402162345201,0.046439038774616,0.068242274,0.037738483,129.19921875
genres_original\disco\disco.00079.wav,disco,-154.6233,64.6612,97.9326,23.950628,-10.35732,16.678543,39.12367,11.402753,-11.213965,10.78319,24.11131,11.315436,-11.846502,8.612497,24.19123,9.199992,-13.460304,8.217457,20.553188,8.296798,-8.327632,7.870152,5.867451,7.971082,-9.686904,8.412937,3.944323,6.666587,-8.819821,6.7954965,3.312212,6.568851,-0.299343,7.9284954,7.594323,8.097561,0.6562107,8.038605,0.8080189,8.390779,0.38858265,0.42438784,0.40630507,0.44747552,0.48486602,0.64735633,0.5113729,0.4332865,0.55751824,0.39195588,0.39041993,0.35266832,2292.577700466476,655.3063621879904,2348.189624461127,313.05673358813135,5038.611198874081,1337.527288297189,24.340901992841317,13.627971493868914,16.465348365067147,16.978612883128942,17.23190451322897,17.791166087401297,40.57003419261124,0.09981534503192724,0.0538490863271812,0.084769994,0.04214742,123.046875
genres_original\disco\disco.00080.wav,disco,-219.45564,57.613033,94.70133,24.533634,12.129364,21.661867,48.870068,16.422907,-7.2120833,11.801904,16.628513,17.302036,-15.087896,10.998444,21.71444,8.27242,-20.00235,10.312285,13.238806,9.849202,-15.698357,8.914496,5.057012,8.494017,-15.283744,8.5628195,0.07390092,7.898872,-9.203971,7.8850284,0.23449901,7.1524124,-9.558946,8.500452,-0.7515613,7.5853252,-4.5294037,7.8478575,-3.6864765,6.835228,0.35413614,0.4550631,0.28559503,0.3053965,0.3393329,0.54222137,0.48502073,0.35730237,0.46147802,0.35165295,0.4261892,0.3009872,2143.645601948083,750.3098972011151,2414.24151082027,322.65355046898685,4956.820026787442,1536.9319702607113,21.961092375481147,16.21370308617245,19.04511027524584,18.322769764104734,18.52547689819613,19.64877231367038,38.98540985769533,0.08475043234810371,0.04932205774309747,0.059198096,0.032279827,99.38401442307692
genres_original\disco\disco.00081.wav,disco,-193.22008,113.88024,89.19422,35.43796,-20.013872,20.636734,38.74353,16.54587,-2.7159595,13.630224,17.057264,15.452225,-7.9501595,13.338813,16.08651,10.441799,-16.764881,11.973788,7.716307,10.118973,-15.71264,10.913304,9.034708,11.281745,-11.31675,9.881114,3.895385,11.188242,-8.224794,10.95954,3.017059,10.026344,-6.879084,10.190722,-0.7077228,10.551892,-6.407636,9.08368,-0.546875,9.33105,0.41584963,0.3455434,0.34036592,0.3762055,0.55271244,0.43129587,0.24565087,0.3314819,0.31540653,0.34562558,0.27957812,0.32088676,2292.4188534036084,784.4120590126389,2208.3410022972353,398.0777074874121,4740.313002642463,1477.1028074040182,22.12909315620358,15.88944537390903,19.472386850451336,19.450812542024387,20.148193267581085,20.858721320483337,38.385687767707964,0.11643089081849846,0.06784558275257073,0.07870453,0.048032887,86.1328125
genres_original\disco\disco.00082.wav,disco,-63.65034,65.72754,94.46596,33.392227,-13.425887,19.394749,32.77123,14.4387865,-13.71462,18.473139,26.78027,13.067033,-19.395613,14.919654,24.652542,10.08553,-11.667618,11.151327,13.727572,10.355035,-9.442895,9.3111925,8.833796,8.261517,-4.980147,8.37763,9.214891,7.8658066,-3.470476,6.911931,1.4862688,7.1194253,-8.885651,7.176998,0.25321522,6.1611295,-5.4527493,6.7590423,-1.1330738,7.3932633,0.6224197,0.3912181,0.35408196,0.43103567,0.34982362,0.41966626,0.36336866,0.48480216,0.45300388,0.3429424,0.40778637,0.4519096,2577.013955506876,921.1520265319721,2387.3710450599974,466.52569622950506,5419.383896393672,1643.946973842062,17.320525645502933,15.402856487746503,18.60536766038345,18.535487484249977,18.694590979085135,17.750448989597206,39.95059455788401,0.13824595164957432,0.07751722803035366,0.1809062,0.08565347,123.046875
genres_original\disco\disco.00083.wav,disco,-167.37817,58.44984,112.48347,27.633137,-4.5824203,26.353039,37.09087,23.013657,-8.613287,15.575342,27.826746,13.798317,-14.716945,10.762979,18.52263,10.251909,-16.49013,10.3274975,13.760587,9.328761,-13.3312845,8.520008,10.215414,7.757685,-11.575291,8.815581,6.7448573,7.893215,-9.200851,7.8618317,4.9011545,8.210692,-9.726244,8.522803,1.520227,8.104177,-5.5773807,8.057555,-2.0606303,7.771852,0.32261208,0.39603713,0.43785602,0.45701453,0.5521378,0.46514362,0.39664826,0.41744778,0.4888199,0.38318986,0.30813518,0.34455103,1959.5165152861578,680.4269568105806,2210.9024031622457,375.6384603177015,4352.990344729586,1528.943095256269,18.190218043991,15.120705124544513,17.374457116831916,17.955149141867345,17.98012476771473,17.00091925884078,38.74910297550435,0.09003346918537151,0.05412156038592039,0.087620184,0.032949243,117.45383522727273
genres_original\disco\disco.00084.wav,disco,-197.17924,95.07004,83.36067,33.072506,-38.55783,27.624184,43.7167,17.957018,-7.2955384,12.736225,25.659225,10.766926,-8.642003,9.155557,13.397131,10.784185,-12.153697,8.668726,12.154943,8.748846,-12.050203,8.357219,10.627793,6.9252315,-2.4053423,9.301925,12.013289,9.200211,1.3748271,12.281172,6.7643423,8.465106,-3.3767767,7.6676006,-1.6519369,6.3998585,0.066952825,6.8308854,1.4112642,6.040615,0.47894296,0.5559907,0.49461415,0.42733756,0.43957868,0.3981442,0.47138292,0.42768294,0.52212733,0.56148845,0.6588276,0.60592264,2455.1239938572585,755.0270968606402,2100.1276135309945,298.746826623093,4726.279754166264,1179.8610489453483,17.302974082038443,12.720135792788469,17.109679244718777,15.563351366730837,16.63316009113611,19.143730282848757,37.88989621337184,0.1514639367260062,0.08198918731095182,0.06203172,0.048151568,112.34714673913044
genres_original\disco\disco.00085.wav,disco,-166.76927,73.49578,67.73106,31.746347,11.18009,25.947447,37.429222,20.447935,-10.941419,14.805624,27.39617,13.588634,-18.940847,12.149266,27.29737,8.618331,-15.843282,10.156945,20.550398,8.911378,-8.622007,9.9488,14.187619,9.115403,-6.0489874,8.4485235,12.008676,8.824745,-6.0718484,9.729511,7.280311,7.825419,-4.233474,8.249381,5.134376,7.8327675,-4.5242863,7.509869,3.4615293,6.669933,0.6478119,0.52928764,0.5142661,0.55658746,0.6329271,0.58259803,0.52122307,0.55926853,0.5432327,0.52981585,0.535353,0.6645976,3002.5267326305425,909.411439688392,2745.8235600127027,236.5252758977149,6575.051908227312,895.221506236512,19.268090588231463,12.265822484984083,15.009032576342074,15.93715752737621,15.755776785339295,15.366400919067615,42.1532148033297,0.15866457345684984,0.09798764252916045,0.08925272,0.055083197,123.046875
genres_original\disco\disco.00086.wav,disco,-95.80325,59.687973,122.05659,29.159616,-29.31912,28.571102,50.3165,14.444301,-11.940644,14.532162,28.410152,12.968089,-7.0477815,11.344628,11.851946,10.687645,-8.612015,9.417223,11.568434,8.123917,-18.395964,7.7079067,6.8620915,9.7363825,-11.662833,7.396172,2.6845434,8.969832,-5.792651,8.751244,0.6457213,7.255591,-7.2554846,9.147409,1.7374233,8.286097,-6.154603,7.999392,-3.7481859,9.182204,0.46788096,0.3479436,0.39430696,0.4295111,0.4003488,0.33325753,0.33911237,0.48093113,0.39634213,0.392836,0.36641794,0.3915444,1867.9206448682273,641.4888325716244,1875.245829191665,367.24797268431945,3804.7769930340555,1194.8653696015715,23.32446222211092,16.109003108009606,19.513751451530464,19.671633105222963,19.315353401828403,19.341108110634217,39.203945119851774,0.09448204394833591,0.04594367995953293,0.16525841,0.053891078,123.046875
genres_original\disco\disco.00087.wav,disco,-100.293015,38.49396,110.01217,22.846567,-26.644552,15.785413,36.823757,13.414932,-10.413421,10.577081,28.777048,11.964576,-14.843354,9.930246,21.28987,7.869549,-19.675669,7.5681796,18.522434,7.6527553,-16.387474,7.487041,9.157716,7.657772,-13.791584,6.274682,3.9903715,6.7375546,-10.459232,7.5104327,2.8376312,7.909515,-4.316738,7.4694085,3.1700072,8.13691,-3.746579,8.556738,3.5572658,8.3335495,0.45020038,0.3682501,0.3583625,0.39019024,0.3807256,0.48119947,0.42083272,0.40608254,0.38617122,0.3386245,0.3202247,0.31361598,2139.4226685316107,576.8497997880469,2190.2745079974275,313.6827117816578,4526.789293791118,1266.976599279319,25.912878257163996,15.080604104409632,18.591073348410777,17.73795975336915,17.962595436707044,17.37718564526203,41.33534311802631,0.10026696739551083,0.049968834840495475,0.119228035,0.02925557,107.666015625
genres_original\disco\disco.00088.wav,disco,-97.88562,37.7908,101.0036,19.497759,-40.54761,12.000167,51.050194,11.151251,-11.70962,8.126047,25.064747,9.402412,-14.048207,6.9073033,17.197395,7.3253984,-9.623668,6.5890794,16.97353,7.0421157,-7.173523,7.178485,11.723433,6.4498997,-5.71623,7.142876,6.2494135,5.909151,-6.0607915,6.4491644,4.6876745,6.0511813,-6.2524056,5.998661,-0.98431545,5.4509683,-2.744111,7.4425416,0.6273676,7.2998695,0.4983715,0.34225714,0.47635895,0.3107092,0.35979527,0.40306795,0.35358214,0.57651466,0.36355096,0.4091608,0.30133024,0.3807459,2238.7992591784446,401.35755551371705,2023.5212361031788,217.4878531590888,4384.973484665247,753.0388737328682,22.05388956737807,14.767723597525546,19.037704644046613,19.5800490823214,19.402591300840943,18.967085079258,40.55321058574332,0.13146859278250775,0.037883359985738115,0.1190426,0.054267414,123.046875
genres_original\disco\disco.00089.wav,disco,-114.932045,54.557735,113.46387,24.862429,-29.804312,21.096144,42.612103,11.579897,-10.32601,10.517976,26.973412,9.164789,-14.493735,8.87751,21.240532,7.7455482,-17.650536,8.565389,17.097872,6.8296056,-13.478901,8.098745,8.591483,6.2907352,-11.427423,6.8479013,6.205875,6.860251,-10.899924,6.5771503,3.6583583,6.0900483,-10.31746,6.203924,0.56217355,6.491904,-4.165685,7.916511,3.4745607,7.8332486,0.5651814,0.37786993,0.39667386,0.34269732,0.41269034,0.44951385,0.41114783,0.5718229,0.37882534,0.42157233,0.43757445,0.3930351,2129.3458917106645,571.3685955583055,2109.2513464164176,396.84777069403054,4424.306580156734,1302.377931593235,22.108581653549958,14.897476218623364,17.00339893601518,17.606056943487683,18.134939272296894,19.85044141480913,39.96534410052101,0.1118704497629644,0.04070195939827017,0.10027614,0.03169638,129.19921875
genres_original\disco\disco.00090.wav,disco,-125.715775,43.148228,88.52809,24.155563,-16.738844,18.788101,42.798138,14.374674,-9.901168,10.969776,29.185856,10.093544,-19.342821,9.6176815,20.458702,8.298104,-16.505531,8.055087,15.012511,7.473812,-8.765586,7.3230696,12.78412,6.7360506,-7.7588887,6.4105206,7.0524163,6.544304,-8.516408,5.750736,3.2717617,5.7101307,-6.498946,6.539882,5.7955213,5.658152,-3.5007174,5.9384475,-0.049129236,5.934452,0.44584444,0.44443655,0.6394381,0.40166548,0.47822303,0.6109678,0.55155885,0.54824084,0.39511204,0.445624,0.43772176,0.42733476,2574.7458410439813,657.9794567712311,2396.769294967866,309.62574305459515,5459.508653764754,1211.6544590161768,20.23647692862491,13.268071539007895,16.294672823580445,17.313358986576915,18.021586483637755,16.702987372917416,41.070317247835035,0.14616918416215172,0.06482923514345923,0.09060021,0.05367054,129.19921875
genres_original\disco\disco.00091.wav,disco,-116.98034,91.93653,98.51445,30.719923,-19.014011,28.67583,44.84704,13.519484,3.8032014,12.899583,28.483187,11.46039,-1.1026869,11.41515,14.693483,10.79174,-7.7538233,10.155201,9.756313,11.045193,-10.111344,9.885613,6.3672557,9.60896,-3.9202325,8.708837,7.902921,9.756463,-3.2126446,9.484837,0.13058019,8.424802,-7.841634,8.927873,-1.7346324,9.312389,-2.4309783,9.14377,-0.7216537,10.887686,0.5551557,0.527828,0.5070922,0.478913,0.32356882,0.3231542,0.32769752,0.473371,0.33529606,0.23474978,0.4513323,0.4594977,2036.7728048043857,785.6432813977411,2079.237240380343,500.11588106569076,4203.124584280669,1642.214113291605,20.861163107723613,15.397530849131744,19.059170950735595,19.236345540143716,19.79138170617411,20.150417156911878,37.97299751518755,0.09159921935468267,0.05523465504563372,0.17351265,0.101285264,99.38401442307692
genres_original\disco\disco.00092.wav,disco,-123.78829,51.453743,89.824844,25.245052,-1.8406463,24.407476,51.169796,14.302288,-16.261305,11.357687,28.283545,11.06776,-12.495138,9.08723,19.032148,8.526096,-13.280038,8.25234,18.500017,8.28522,-13.776396,7.453209,12.866395,6.6446815,-8.7555,8.347938,8.260726,8.142345,-8.236545,8.136553,5.5192523,6.4206314,-8.406669,7.586848,4.4795265,8.35453,0.30875936,9.033332,1.8299166,8.348252,0.30480984,0.39763397,0.3051386,0.39752164,0.5853289,0.40328005,0.31024584,0.32809827,0.52915466,0.24098536,0.22390856,0.42264342,2457.9985454435714,659.345237476264,2400.7893666639106,353.29974147781354,5268.943139421682,1351.9446430986418,17.288513775353746,15.848600160680212,18.729771099373465,19.55812585712516,18.709329098910857,17.685298943003374,41.413966417033514,0.11753292497097523,0.04933509961605914,0.1067002,0.037122898,117.45383522727273
genres_original\disco\disco.00093.wav,disco,-86.0438,58.69719,87.53873,26.847004,-20.172316,17.168337,54.019077,13.825421,-1.0642165,13.7445,19.562546,10.334858,-4.0897794,12.584568,21.03777,8.497526,-19.567509,11.21366,12.389661,11.338726,-22.010809,9.717784,9.599066,10.274913,-15.931526,11.463783,3.9723332,9.207187,-13.932702,7.48718,2.383717,8.701083,-7.737426,7.708899,3.4512784,6.985226,-4.1580405,9.334471,5.9184194,8.049137,0.51543015,0.41044658,0.45765945,0.35313237,0.4040073,0.5228005,0.33472085,0.4075617,0.31019035,0.4562085,0.3868274,0.34064373,2461.186456192989,700.5061559304479,2302.6189119910514,341.68335646231185,5019.294649011948,1374.4480394818665,19.07693946767446,13.369904776401379,17.429304759895626,19.747947122754525,19.45618870591013,19.060917184742213,42.09116895775209,0.13708722849748453,0.06135603302080036,0.15334107,0.060240146,107.666015625
genres_original\disco\disco.00094.wav,disco,-130.00577,45.206978,102.49775,23.612421,-4.443132,11.0480995,50.061092,10.685483,-15.532888,7.3932953,32.12815,7.978372,-18.18232,8.362416,24.28785,7.0603065,-11.902589,6.8135843,13.763347,7.17811,-12.898068,5.965174,7.2710958,6.1891704,-9.37947,9.149973,4.604164,6.496729,-9.579843,5.67146,4.24868,6.3746653,-4.683295,5.29229,-0.45490164,6.5220838,-6.882829,5.3233542,4.7626505,6.744311,0.70075697,0.4383888,0.35830218,0.34122202,0.40210283,0.38737565,0.3248795,0.44051737,0.3354196,0.34202537,0.44610685,0.48610148,2208.132812564953,546.8557821862051,2353.792380762621,296.1571063074372,5075.635974990325,1088.7152427042565,21.724173149224296,14.084670459158366,17.042403630189597,17.57104900665821,18.77723452832716,18.337261966605244,41.579519573761516,0.09361054506095201,0.03475261045401621,0.099305406,0.030424766,135.99917763157896
genres_original\disco\disco.00095.wav,disco,-159.86688,72.54375,81.975266,28.84482,-16.765373,25.685368,52.506096,16.041506,-4.448031,15.5785265,22.865053,15.589585,-8.22628,11.37865,23.367426,10.719978,-5.528469,10.248681,17.693354,10.978151,-15.369109,10.342544,10.806197,7.99941,-13.526739,8.372498,1.7440386,9.281892,-6.560189,9.391613,5.105752,8.794693,0.32969543,10.740193,6.998458,10.9133,-5.4562087,9.838862,0.80631334,8.96677,0.42210218,0.39405257,0.57123995,0.4799073,0.43490544,0.4856979,0.43749243,0.5346068,0.49976045,0.5174598,0.4372226,0.40464962,2487.5432668509993,756.393747233897,2277.16219463796,416.43106380110487,5009.186376801954,1418.4981427446844,23.23148279522445,14.621425591259808,18.949859647358274,18.95882297352542,19.836780677434366,19.289815759784677,39.55490759399272,0.11808431997387771,0.06673320000596478,0.09841011,0.05286628,123.046875
genres_original\disco\disco.00096.wav,disco,-133.8668,52.799984,93.47174,24.313118,-24.215986,19.780514,61.442543,12.839126,-22.856274,11.106016,30.976551,12.854606,-14.959397,8.723946,20.244457,8.982103,-9.292844,8.9862795,15.786768,7.913145,-8.740783,9.851106,11.96879,7.7248983,-5.3208146,8.464197,4.992871,8.519556,-0.67285985,8.2176485,3.7227201,8.086324,2.09798,7.7180743,5.443536,7.136907,3.0959997,8.267683,2.4591088,7.564472,0.4286855,0.3748904,0.43670976,0.35214978,0.38491407,0.33031264,0.41968974,0.52426714,0.4142329,0.4126318,0.38784775,0.5321624,2481.8873524061787,608.4665721108408,2178.6164229017504,263.8642940958766,4956.828360070385,907.7812831447844,23.530736038355812,14.98566288495278,18.711806187186074,18.802902544505457,18.27652887855536,18.214730128948553,41.38946775921125,0.13440697259578174,0.05812151085688778,0.09199635,0.040929575,103.359375
genres_original\disco\disco.00097.wav,disco,-116.92593,52.756435,75.75966,17.1763,-4.20548,11.792342,37.28704,12.21818,-5.3384075,9.402749,31.376095,8.799665,-12.168359,7.811317,22.909481,8.81369,-11.43796,7.1184583,14.62477,7.5021615,-13.049894,7.4263234,13.4112625,7.9545326,-13.22882,8.034678,8.251243,7.9058576,-15.236953,8.686663,9.83192,6.024437,-6.212928,6.4459877,8.001915,7.921603,-8.030049,6.2998796,4.3991666,6.5989327,0.37523404,0.33049375,0.36074644,0.2750781,0.2973313,0.59556454,0.3301942,0.26999846,0.3993742,0.46160725,0.8022118,0.48320305,2826.0632063160606,561.7286050435806,2680.6698684184453,260.96936864666145,6233.628972765093,1003.2936117814885,24.406277769579912,15.667578862793722,18.09231041301249,18.512563264499903,18.82992984928042,17.480439112607126,42.326378376844794,0.12049624794407894,0.04778232938281726,0.10807372,0.047261983,129.19921875
genres_original\disco\disco.00098.wav,disco,-91.597725,42.9471,99.463974,20.60417,-8.991621,16.365696,40.185043,14.315862,-18.037636,12.018471,22.567217,11.04553,-21.956272,10.807798,15.782541,9.714177,-25.665386,7.9792285,17.664225,7.6128635,-13.675539,7.3042703,15.635084,8.488796,-15.469164,6.999931,4.5212984,6.651848,-10.157356,7.4601436,0.4606566,7.007879,-10.151421,6.3300047,4.796901,6.7156887,-6.8835435,6.883838,-0.9924838,6.4136324,0.38626814,0.4516987,0.46911708,0.42789364,0.5165405,0.4850337,0.6251103,0.4390329,0.31512135,0.329453,0.34611383,0.49903926,2417.4575778644526,594.239653394904,2431.7042963817007,287.34536387874306,5384.717439350329,1188.8973086304593,24.284847935797547,14.052623237607587,16.7453493486319,16.74577560707244,16.751710700356107,16.98016621272445,42.596044899222065,0.11262743687113003,0.05184927464232827,0.12268789,0.03947119,123.046875
genres_original\disco\disco.00099.wav,disco,-91.597725,42.9471,99.463974,20.60417,-8.991621,16.365696,40.185043,14.315862,-18.037636,12.018471,22.567217,11.04553,-21.956272,10.807798,15.782541,9.714177,-25.665386,7.9792285,17.664225,7.6128635,-13.675539,7.3042703,15.635084,8.488796,-15.469164,6.999931,4.5212984,6.651848,-10.157356,7.4601436,0.4606566,7.007879,-10.151421,6.3300047,4.796901,6.7156887,-6.8835435,6.883838,-0.9924838,6.4136324,0.38626814,0.4516987,0.46911708,0.42789364,0.5165405,0.4850337,0.6251103,0.4390329,0.31512135,0.329453,0.34611383,0.49903926,2417.4575778644526,594.239653394904,2431.7042963817007,287.34536387874306,5384.717439350329,1188.8973086304593,24.284847935797547,14.052623237607587,16.7453493486319,16.74577560707244,16.751710700356107,16.98016621272445,42.596044899222065,0.11262743687113003,0.05184927464232827,0.12268789,0.03947119,123.046875
genres_original\hiphop\hiphop.00000.wav,hiphop,-80.92658,69.87044,84.79292,27.40454,-31.540653,23.43516,33.89926,20.188267,-19.848768,12.597745,23.558195,11.651625,-22.125015,9.669612,20.021149,9.840577,-16.759602,9.671109,19.211897,7.470091,-13.106137,8.664602,11.505603,7.2447286,-10.726901,8.610028,10.569202,8.485186,-8.427004,8.056442,7.3234506,7.445439,-5.3749456,8.336992,7.6905966,7.8904366,-5.544044,7.962143,1.5257047,6.398129,0.37509456,0.35751545,0.4785568,0.45167863,0.613797,0.47034985,0.45576265,0.4683598,0.46510735,0.5388957,0.41706824,0.43578506,2667.664494927173,647.1137589594497,2351.0688564768757,328.4389720428944,5474.700228570046,1250.879731184373,16.867010471042406,13.21677286305106,15.792576173212495,16.219066098401537,16.12712962621042,16.17652393162868,42.21477949050639,0.14734075682082043,0.053777235991616865,0.12524042,0.049682405,117.45383522727273
genres_original\hiphop\hiphop.00001.wav,hiphop,-81.1395,60.409782,49.606533,30.257692,-14.548335,31.478527,57.986927,17.993223,6.8434696,19.6659,27.148214,15.959652,-6.8552327,13.558889,31.304077,12.133425,-10.086364,11.789598,20.312963,9.429633,-2.5413642,10.625315,12.746546,8.855798,3.9735262,10.158537,13.235152,8.649917,-2.3756185,8.685689,12.26852,8.1595125,-7.035885,8.226051,4.756272,7.631836,1.8735871,7.561015,0.022320112,8.221502,0.49282208,0.5508848,0.713408,0.8048774,0.6255114,0.41575995,0.29873896,0.24183178,0.27002603,0.33033714,0.34777746,0.39517868,2808.1424053109176,969.1416301322222,2441.3214420972495,397.91205226826435,5527.508242580544,1441.280937858898,27.544904199022334,15.264993273012761,18.802426815367212,18.112348285334058,17.919851534110673,18.629805877565357,40.26738640425978,0.09764869146671827,0.07165696918197695,0.28558367,0.08268809,92.28515625
genres_original\hiphop\hiphop.00002.wav,hiphop,-202.88756,68.273636,132.38377,32.20268,12.001245,28.38403,43.77104,17.799833,-10.231296,18.553879,17.12234,14.453913,-13.5626,13.36869,15.044013,11.314262,-16.261728,11.705184,9.421977,10.631558,-11.645681,11.492225,7.0476594,8.885139,-4.317207,9.965971,0.83221436,9.542077,-5.6038814,8.341424,1.2634314,7.4136,-6.975631,7.852958,0.3904945,6.4195895,-2.4323802,6.4529305,-2.9321568,6.231378,0.39241973,0.4013156,0.41601282,0.37529498,0.34338596,0.3706197,0.30612004,0.28741938,0.36154428,0.46980083,0.6073309,0.51752746,1490.520997730809,796.26130353425,1909.9326034575945,483.07708537700813,3094.047957381966,1846.199498544736,22.49242488194225,14.548572149312882,18.538891516432574,17.681340890594495,16.448008087639053,17.25654312977584,36.543911741512204,0.05873774005901703,0.04982144062839028,0.09350616,0.03353568,99.38401442307692
genres_original\hiphop\hiphop.00003.wav,hiphop,-40.255154,70.38472,80.830086,27.393543,-25.643091,35.477737,38.42609,17.080359,-11.072867,16.699411,24.912197,17.6088,-7.3689013,16.45565,26.772398,13.695963,-5.286711,13.183721,16.798525,10.383576,-3.4986296,9.460616,8.451586,8.673191,-5.5967097,8.475031,12.057393,8.258793,-1.8924502,8.577398,10.485354,10.091599,0.65101427,7.785604,0.2716337,7.8711286,-5.0933547,7.5687675,-4.0094256,7.5546603,0.5717099,0.5507721,0.5817182,0.50534874,0.38371658,0.3428698,0.33566582,0.334222,0.3361696,0.4989361,0.5548496,0.6111765,2493.163873746339,703.9608853593862,2330.6769781076455,441.20623525444466,5126.677333016883,1345.659115558439,18.529159462079345,14.086836031671469,17.744130786218022,17.071198484341345,16.687037592810945,16.935865958499612,36.62431213897699,0.10351449122000773,0.04780037424971358,0.26646084,0.11605782,92.28515625
genres_original\hiphop\hiphop.00004.wav,hiphop,-140.2109,111.383865,71.62181,32.670013,-3.7753892,38.822727,39.005466,21.417374,4.1943936,20.418415,31.507359,17.501375,-3.9653087,16.679836,19.763544,12.455267,-3.7660913,13.652694,16.000135,13.7866955,-3.1709101,10.587955,11.85097,9.479748,-1.2552048,10.507451,5.775349,10.587415,1.2760402,8.916118,1.6593858,8.472156,-0.8388633,7.790792,1.614666,8.079329,-4.0749097,7.6897573,1.1415373,9.027341,0.4030366,0.37731025,0.47072604,0.41031668,0.47106576,0.45551068,0.39387158,0.4698421,0.5286319,0.5215353,0.45737824,0.43359518,2372.7278295349006,1035.5045349292718,2359.456080852026,606.1955533110547,5060.511066448577,2084.897478817831,22.699664442762543,16.39999246024599,19.14858569321294,18.606005672128187,18.687340408287366,17.00445912820039,36.49613837212563,0.09989130829140867,0.07827294488414882,0.20048167,0.124075845,95.703125
genres_original\hiphop\hiphop.00005.wav,hiphop,-11.675508,36.73027,81.99325,19.631514,-8.505697,15.45111,52.767826,15.243321,-14.70422,12.401916,31.964735,10.293728,-19.689999,10.735983,22.869427,9.391666,-14.710648,7.850194,14.518811,9.007071,-10.083078,8.758867,14.005072,8.157494,-8.073014,7.2150636,7.4342136,6.5884395,-5.497815,6.2748346,12.842176,6.583741,-3.6973355,6.4722524,6.2179585,6.7153535,-2.5902514,6.1818004,0.10540793,6.4207354,0.4346806,0.46970138,0.4831644,0.47987124,0.48783812,0.5238263,0.5369222,0.5410374,0.5057567,0.5441853,0.45673084,0.42429364,2708.9613684451087,498.1881765082861,2510.902405416154,220.29599133722036,5795.106624449739,702.3417070336865,18.36525828045846,12.260368623455038,16.118172643294212,15.707763656354835,16.36336667401393,15.462982321628235,42.060997760096,0.1246141368759675,0.05112069674000779,0.26167372,0.073403575,71.77734375
genres_original\hiphop\hiphop.00006.wav,hiphop,-59.61099,82.93649,63.90056,31.964375,3.4885828,27.479338,45.235706,20.812075,-1.1763209,19.78426,28.239433,15.008444,-13.166778,14.556535,23.60513,12.450661,-6.623221,12.174366,16.478992,10.900052,-7.2890754,10.129892,14.477249,10.412416,-5.7934427,9.888996,8.176779,8.245642,-6.8806267,8.352823,6.7361226,7.0226827,-4.475576,8.046049,0.96118426,7.3168626,-7.133027,8.301908,-1.2612313,6.7453814,0.42542723,0.39991438,0.41208765,0.48353264,0.5282104,0.42199826,0.38716576,0.429243,0.49105117,0.5675435,0.52499574,0.4994804,2859.02170126831,982.6445973933544,2640.2091955016353,404.30828874033,6049.530085985874,1500.6281707316157,17.981576415163687,14.20740997360247,16.747362310523695,16.191725435704743,16.58139139910445,16.16211892358871,38.77261191226444,0.12823807565789475,0.09666151537551325,0.27048802,0.12675545,99.38401442307692
genres_original\hiphop\hiphop.00007.wav,hiphop,-58.451878,60.69103,103.050156,25.197523,-7.2154045,26.982412,44.881863,20.457521,-8.616438,16.92696,12.345843,13.44077,-13.746115,14.394539,19.97422,11.273645,-13.128944,12.396975,17.136246,9.796747,-3.9520185,10.296579,15.581611,9.269513,-0.4627677,8.414104,6.9280353,6.9424133,-6.032932,7.2362113,5.6366434,7.1071935,-3.1798737,8.212106,1.8159584,6.2035704,-2.566344,5.5881147,0.1078737,6.50079,0.38773352,0.37632447,0.42910808,0.53059936,0.62328994,0.37412348,0.33116463,0.35171378,0.41266,0.4883992,0.44859034,0.43444443,2047.1206937169861,705.6991119972939,2269.2156258041014,457.8853739694762,4552.4308054070725,1564.107616100344,21.86550264084148,14.49711423991848,18.532990212852198,17.78268047618577,17.64777861816027,17.105704285144604,37.80323933715889,0.07867374951625387,0.05050207819426177,0.26401678,0.09710807,123.046875
genres_original\hiphop\hiphop.00008.wav,hiphop,-111.16549,83.6765,55.194405,36.59152,-18.44469,35.190914,47.21848,25.571308,-24.78782,23.60658,22.52642,18.256052,-21.138931,18.35677,12.542855,13.277227,-15.849728,12.588712,16.296558,10.634449,-12.565083,10.592869,9.60918,9.433883,-12.127599,9.156959,4.8502235,9.889909,-2.2139866,9.222474,6.88599,10.2677555,0.49253651,12.422418,13.001817,11.648969,5.9532986,11.891458,5.440598,12.117989,0.39970487,0.3513116,0.32017505,0.37854248,0.42386842,0.4361678,0.4840914,0.5075367,0.57188225,0.5597424,0.5109586,0.49731165,3069.395746222052,944.5132174346919,2349.338204102401,322.5923851177032,5752.87354649405,1255.3137099877326,22.05304189810902,15.38261058821437,18.163821847051555,17.228217545188564,17.30760111467085,17.133315466113746,42.149231237279885,0.17691578584558823,0.1007162714833205,0.14187486,0.08862002,172.265625
genres_original\hiphop\hiphop.00009.wav,hiphop,-95.086945,70.88591,94.193474,40.294453,-2.5176673,25.688072,49.53372,17.114603,-6.6139855,15.1395235,33.199677,13.009583,-7.5960355,13.760258,20.96308,9.749041,-8.853171,10.722429,16.79249,9.936624,-5.245886,10.073759,10.775888,8.42896,-3.4604824,7.633249,7.310613,7.607381,-3.4420853,7.7828355,3.8423052,7.65412,-3.2273757,6.357191,1.7994255,7.412056,0.0932052,8.445274,4.0050592,10.002815,0.6224749,0.5302029,0.54071033,0.5954062,0.64000624,0.63608366,0.5603903,0.48088068,0.4436547,0.46532887,0.559641,0.6529885,2199.9161931162494,991.3426806117274,2285.598583577631,506.50202331574326,4791.046029200126,1843.6737549464726,16.360401354671342,13.146894221553369,15.717513374085323,15.003241231071428,16.096158849690255,16.307124087649544,37.826815201526095,0.09832480226876934,0.08606076695826416,0.21563886,0.09999058,103.359375
genres_original\hiphop\hiphop.00010.wav,hiphop,-67.45474,36.17624,94.84137,21.406464,-38.85323,16.88473,37.641743,13.9517145,-12.254447,12.463338,36.9015,9.891929,-12.652126,10.342837,18.297035,8.696941,-8.852412,8.726589,17.983484,8.030739,-7.276881,7.7941346,9.716908,7.3792377,-8.74362,7.0092273,4.505954,7.1350117,-7.58996,5.752635,0.22546391,6.391919,-4.8740935,7.969937,4.8480425,9.519488,-2.0033998,9.3788595,-0.752528,8.81524,0.40581387,0.41232622,0.40408146,0.42555586,0.41782817,0.404709,0.4266639,0.4792231,0.4654218,0.42170933,0.43867195,0.42643094,2284.553702393839,491.20089749482685,2116.597718550079,206.2550409462468,4663.513467038748,810.8030633433193,19.835587926314716,12.985718851923426,16.03953352564355,16.485484519946024,17.647977992311308,16.29308584044297,42.393255628087,0.12547203040344426,0.04901151639581305,0.1716394,0.076671325,95.703125
genres_original\hiphop\hiphop.00011.wav,hiphop,-74.19891,51.34714,104.60867,25.945648,-8.396771,23.337437,49.658215,16.759947,-9.376968,12.831478,21.438307,11.736816,-16.337013,12.019593,18.78141,10.213794,-13.079522,8.990009,18.464,8.191526,-14.953655,8.000516,6.8762655,7.816048,-15.326539,7.1144667,4.772736,7.9269753,-11.097988,7.268424,4.74354,8.775104,-2.8028693,10.08608,6.797866,10.395423,-5.809224,10.195934,-3.786318,9.601085,0.37310672,0.38001603,0.44666246,0.45637012,0.4252824,0.48123926,0.42097262,0.40984815,0.48407832,0.5551501,0.48637658,0.4096045,2095.2999106477837,656.2290566213129,2240.6908550563644,332.81556024581073,4581.122298580205,1310.8063684667577,19.86414470750363,13.159882126606751,16.406813808763328,17.767744012137072,17.617268049634728,16.73260806522796,41.82194466699074,0.0941872611503483,0.05850673531987969,0.20375179,0.081293724,135.99917763157896
genres_original\hiphop\hiphop.00012.wav,hiphop,-67.10566,44.24817,112.41543,17.865297,-23.642479,17.237343,44.281242,12.902705,-18.861816,11.466167,23.874338,9.904331,-13.404416,12.510539,20.146225,9.136892,-10.650068,8.41331,20.623596,8.150958,-7.508759,9.454442,14.423368,8.620718,-9.39121,9.206721,11.295234,7.7859683,-8.8619585,9.396683,7.0855293,10.881185,0.45575348,10.801345,9.392796,10.630806,-0.88695335,10.551621,-0.57510746,10.286374,0.20171864,0.306768,0.3330943,0.51065415,0.4337932,0.37899077,0.3950469,0.42430395,0.40367952,0.3893424,0.31208897,0.21568033,1976.5494346772984,464.55287978843944,2109.950611023081,294.1620137324566,4276.707472668344,1030.8311151210612,18.451821335080933,14.06185626595169,19.349244863925694,18.326656049071477,17.033798227012596,17.41841412573731,41.82335784445257,0.08725570820433437,0.0335220239161531,0.19889054,0.06462422,99.38401442307692
genres_original\hiphop\hiphop.00013.wav,hiphop,-129.40356,69.58494,141.74866,52.439358,-42.528156,32.481064,34.001812,24.796034,-6.9713745,20.891464,8.687781,22.605988,-11.36306,13.2248125,15.94384,14.750796,-9.015018,9.519454,6.639111,9.17025,-8.326205,11.805858,7.5594826,10.011533,-5.469925,10.661337,5.8708653,9.31032,-3.1525168,9.022082,-1.6954043,6.1451035,-8.807614,7.4646697,-4.858021,8.059357,-9.291838,6.182723,2.1231601,7.536532,0.29092145,0.23398365,0.3706743,0.6092995,0.5560452,0.38686317,0.1922902,0.21492907,0.26366866,0.21351874,0.30220243,0.44716057,1798.234427846617,696.3650136903121,1687.3198366500444,674.6648824639918,3625.136412629402,1697.8233548378073,14.803249377472586,15.509512559302003,18.584282879436845,18.814000456616153,19.104209914337524,20.032581562319105,35.775361454993394,0.0966369817869582,0.037553838137230594,0.13660018,0.03243331,103.359375
genres_original\hiphop\hiphop.00014.wav,hiphop,-51.27445,57.008854,91.09927,26.339478,-33.769688,23.37596,69.9306,15.87818,-12.950171,14.108666,23.187635,11.287178,-13.769311,12.5959015,23.784006,8.470382,-14.735113,8.423311,10.69933,8.646876,-13.481396,7.2598853,6.0735264,7.2032766,-14.7200985,6.6489744,1.686247,7.0779085,-7.245058,6.7515507,3.9597955,6.9709067,-2.6534843,8.122196,7.552637,9.352005,-0.12975621,7.9876733,-0.73014706,6.6093197,0.47218043,0.40665966,0.39150202,0.59312344,0.5057324,0.34605357,0.41827193,0.6358179,0.7769605,0.5865569,0.37254065,0.37040344,2437.1444906156676,515.4614136559202,2117.4846851938332,310.1743743266046,4775.921120658379,942.3077163279087,22.57055152012952,14.10353210105168,16.945065669675394,16.499112629452878,16.26651026741234,18.011944819074195,42.01916805689718,0.13386653746613777,0.04515318364729884,0.18516475,0.061277144,135.99917763157896
genres_original\hiphop\hiphop.00015.wav,hiphop,-81.91787,45.918163,94.772316,20.605175,-16.236649,16.241947,40.530567,13.118628,-12.247199,11.022476,28.186155,11.466371,-20.102428,8.644841,18.101372,7.752399,-14.641278,6.7725773,14.18454,8.958308,-7.25433,9.253153,13.6582365,6.897671,-8.488,7.1962905,7.8997188,7.64652,-4.8325133,7.310524,5.101997,6.652526,-5.8849735,7.133382,2.072523,7.1283092,-5.665477,7.4022684,-1.3740294,7.0698757,0.54791886,0.5416545,0.4972652,0.44377604,0.470417,0.42534238,0.36090437,0.3458995,0.34778833,0.3385965,0.36070615,0.4031843,2395.4961917360806,532.6548976570265,2345.8719745589387,251.87727429734142,5281.90139439822,974.8750693073843,19.166008816136024,13.949576290885874,16.56667175786019,17.351318195787545,17.134077916025877,16.02796353615664,42.408961392277185,0.11596868650832043,0.05024394828355757,0.14017272,0.063792855,198.76802884615384
genres_original\hiphop\hiphop.00016.wav,hiphop,-88.064995,66.35222,77.3721,25.984007,-19.0961,24.018879,51.575947,18.1979,-11.776864,14.735363,22.210978,14.458288,-4.727707,14.619315,20.109219,11.495779,-8.32937,11.0034,14.603727,9.824748,-3.8112483,9.983132,8.579865,9.532536,-11.464595,9.482183,2.160578,8.38192,-12.678757,9.746313,0.39530525,9.847475,0.9852859,11.158848,10.532833,11.775074,7.6297636,11.336459,4.388356,11.488971,0.5212701,0.5465663,0.5543109,0.5379909,0.43505472,0.3926737,0.39478797,0.45054215,0.48825178,0.4357602,0.3984765,0.45215762,2433.7644681112715,775.9287218414906,2247.5852524839515,331.59379545120566,4920.920243868518,1221.1960604025708,23.656934300135074,12.881930838289316,17.91168557192454,17.948529583878187,17.18569143074313,16.987189975357612,38.787046987597456,0.11047967963912539,0.07456631253571229,0.20763418,0.10585967,99.38401442307692
genres_original\hiphop\hiphop.00017.wav,hiphop,-76.82371,49.223385,98.38955,18.722858,-5.026062,21.350197,49.33168,12.880726,-10.2882185,12.19254,33.286823,10.999801,-9.96177,9.82445,17.61652,7.2181444,-12.23127,7.192161,18.665478,7.9078193,-10.97679,7.495815,11.510851,7.082974,-10.490248,7.074861,6.2619195,7.4648085,-6.977471,6.592478,2.4990718,6.7252145,-4.895574,6.5794873,5.468563,7.09454,-1.8260895,8.012683,0.636413,7.3178787,0.5547245,0.5347095,0.52230865,0.4879243,0.44218236,0.45158494,0.47847122,0.46454978,0.474862,0.53211373,0.42919713,0.40122977,2144.794528258055,483.74651095113654,2358.912870448304,285.7425123940225,4956.12003102022,991.0755023776561,21.956381365776437,13.225429501581432,15.366487057450426,14.920166308454888,16.359303792683463,15.89499728940554,41.47384523580404,0.08034305159152477,0.042375158747532976,0.19142626,0.07137046,99.38401442307692
genres_original\hiphop\hiphop.00018.wav,hiphop,-113.496315,69.83255,68.45945,40.439167,-15.764092,27.005816,56.38857,24.14948,-8.150662,19.391945,27.04156,17.054571,-12.364466,14.927306,20.665415,11.515971,-12.666251,11.705791,15.433281,10.590009,-10.998275,10.600342,14.049129,9.943719,-12.502553,10.139706,7.401503,8.921069,-13.318547,8.950921,-0.24479042,8.385174,-12.045159,9.037479,3.8187954,9.284145,-2.6738074,9.767096,5.645596,11.751197,0.473487,0.49276516,0.5355641,0.58217543,0.6137727,0.5648891,0.44183397,0.35958675,0.33239388,0.3441935,0.37904,0.42297494,2677.639716066268,1001.7041886874554,2337.276817199031,320.74443577812343,5366.575882383176,1333.4151632354506,20.675482997057877,14.196269286979067,17.400183252149475,16.167895610928515,16.716000583298158,16.664590037744507,42.27530544553469,0.1457859665247678,0.10309311668039683,0.16556409,0.08453144,143.5546875
genres_original\hiphop\hiphop.00019.wav,hiphop,-64.652565,76.24262,88.21731,27.405857,-10.360637,31.49158,41.79439,21.553123,-2.56113,16.324392,22.901436,13.9996605,-6.498876,14.995195,16.630945,10.8258,-5.801912,12.210014,13.093463,9.483186,-6.9120083,9.441436,3.027008,8.082056,-9.772858,8.099657,2.3434885,7.5951757,-7.0578547,8.413135,3.2029796,8.67469,1.7207859,9.627018,6.090178,9.377569,0.3734064,9.414795,-3.036377,8.9065895,0.42659652,0.42679003,0.46044794,0.4287045,0.37296915,0.36076492,0.3672765,0.44314352,0.49743783,0.49139678,0.48377505,0.4275164,2470.7222619019626,911.5170347293264,2410.2596334667655,627.2177992746495,5256.126550255176,1904.5549376372546,16.881177422217316,13.238543025255739,17.148354410706727,16.840464398876808,17.35450982360823,16.47094232784827,34.37854357401575,0.10016379341621517,0.05667135463926171,0.22598088,0.10856282,99.38401442307692
genres_original\hiphop\hiphop.00020.wav,hiphop,-122.2709,68.783485,50.584606,32.29615,-27.789642,28.16377,66.590706,22.020567,-6.6044073,17.187407,32.067585,12.752777,-8.222272,15.627797,22.451204,11.356201,-6.9416556,12.40293,21.064743,10.949535,-6.183085,11.094636,13.653635,9.741328,-3.0919614,11.73875,8.706374,9.720741,-2.9218123,9.960425,3.6755152,10.441229,0.27340934,13.251405,12.869026,13.462998,14.640284,14.231511,15.362202,15.029055,0.39451385,0.34494618,0.36977848,0.42079318,0.4418054,0.5107175,0.5306598,0.5856717,0.65788966,0.64078385,0.5345028,0.45028156,2677.5983922065384,683.7054743497307,2262.418722593127,305.5025267218541,5266.376488275203,1022.3377204041592,26.50575160669774,16.333685616185413,20.834330566314836,19.3830036080558,19.361692684441437,18.596178676043273,42.38076211061634,0.10805943728231424,0.07586115513924226,0.1759158,0.07527184,117.45383522727273
genres_original\hiphop\hiphop.00021.wav,hiphop,-27.619719,38.013866,94.3955,25.50835,-20.580795,21.940786,49.872,17.153038,-14.710575,15.837078,23.870302,12.2509,-17.608202,11.031385,24.036556,8.253143,-15.884776,8.253902,16.42729,7.9953275,-10.625279,7.9417443,13.890171,6.938962,-10.467003,7.3796296,8.206331,7.5765867,-10.300277,7.433654,5.019436,8.034008,-5.749617,8.795838,10.313242,8.748105,3.6337445,9.745631,9.231848,10.11577,0.36060292,0.36260176,0.375448,0.4397152,0.4245847,0.49842924,0.6437871,0.54335254,0.47562316,0.38369194,0.33028972,0.32476437,2405.5835283761535,722.5854381060042,2268.5435114732068,301.1402867656093,4987.044844022107,1152.0554732415685,20.017542401280533,14.260999977762891,16.89825621063247,16.884189847420032,16.805881713335662,16.278120368728004,43.879466251031566,0.11973245815595976,0.06390647200675532,0.24188346,0.073273085,99.38401442307692
genres_original\hiphop\hiphop.00022.wav,hiphop,-100.66328,73.55098,110.21073,29.239843,1.0357686,20.766556,38.765923,16.48045,-14.493545,12.701583,20.652628,12.390546,-18.038023,13.830566,12.568846,10.657744,-14.126208,10.355723,15.102986,11.037074,-9.241577,9.068445,11.399988,7.560134,-9.509011,7.788121,8.644918,7.877643,-7.103832,7.432783,2.9938877,7.301047,-4.5059266,7.7738447,4.6915812,7.230493,-4.123483,7.9369226,-2.78631,7.83747,0.47479287,0.4735223,0.40596533,0.3357275,0.37352806,0.4846386,0.4143823,0.38226533,0.44076717,0.44293302,0.55015635,0.49718067,2025.7166368995133,712.5976695361613,2272.773800297793,381.4983185153072,4603.805494751355,1466.7872888366956,20.42564206875785,14.797310916378876,18.053937660585287,16.79828760829118,16.911757839336804,16.25856711455621,40.968473667249704,0.0753997708252709,0.05047038128793575,0.1735269,0.07911714,99.38401442307692
genres_original\hiphop\hiphop.00023.wav,hiphop,-44.67913,35.461704,101.19932,18.271503,-26.271496,14.0766325,52.930775,9.901903,-11.720016,11.90643,26.934399,8.425281,-13.286411,9.349391,20.705006,7.8134313,-17.487642,7.112679,11.86239,6.69879,-10.67016,6.87396,8.376947,6.3935094,-15.428061,6.0897427,4.8771544,6.44442,-10.053337,6.38308,4.56282,7.0004716,-1.9874165,6.235385,7.9827633,6.2575927,1.214753,6.384657,1.3717064,6.756424,0.32216355,0.27666324,0.38021097,0.33298385,0.34479278,0.48659852,0.42823938,0.6186748,0.42212433,0.404666,0.2908706,0.26471227,2240.3031802876058,500.9395568396748,2193.8028365929968,253.83258294937144,4728.03807686726,957.1910729167727,22.102862040818845,14.291249238365461,17.359324178841614,18.38900484993498,17.202614366011453,16.67100528746233,42.46361907093239,0.10668265044504643,0.036043559450827836,0.19052872,0.055666666,92.28515625
genres_original\hiphop\hiphop.00024.wav,hiphop,-62.994812,62.715298,86.3237,24.887148,-37.947296,28.428604,39.573452,19.54511,-16.5329,18.072832,21.116253,13.444743,-12.255193,14.617663,13.094143,9.794256,-12.382426,10.428323,16.648335,9.59098,-3.980502,9.5104065,8.853623,8.391784,-6.3255115,8.539815,5.704401,7.4924097,-6.310835,8.940017,2.3043609,9.685539,-0.86548823,10.016632,6.517326,8.778104,4.682213,9.831813,4.39681,9.328657,0.3160212,0.33782652,0.3899309,0.3993707,0.42057422,0.5007239,0.550084,0.5231012,0.51663655,0.49630624,0.3893112,0.33054096,2517.747734885853,625.4602322774176,2163.4043932433733,419.6578286499188,4926.71187551398,1245.8953283759251,15.112171736342686,14.28871887601475,16.959658324672645,16.89023456826325,17.983080790864413,17.83401001539197,37.950156556620655,0.13887293198529413,0.05589528601575795,0.17865911,0.08735754,103.359375
genres_original\hiphop\hiphop.00025.wav,hiphop,-44.374714,48.097042,93.37466,24.580204,-22.270527,27.353632,48.861946,16.152227,-13.884773,14.4933195,34.419384,11.458511,-6.2979827,11.824429,25.889359,9.698399,-12.322335,8.612302,20.435734,7.835303,-5.749465,8.353331,11.854347,7.44167,-11.549436,8.222567,10.156776,7.216319,-3.9590342,8.491697,10.58692,8.81749,0.8432876,9.306398,9.215949,9.377478,1.7228956,9.577053,-0.23039742,10.140916,0.38050795,0.34483662,0.37690714,0.4490144,0.52955735,0.5729116,0.5807143,0.62391263,0.6708298,0.61666507,0.5046161,0.43783495,2305.1590945533026,708.7343213944195,2227.25945920748,302.86596009468593,4815.479214789329,1154.2403905388405,20.421023877673843,13.913965216019673,17.100655869721752,16.976112260661683,17.002499036682124,16.51748431759877,43.350004712548866,0.10742111914667182,0.0677256291383987,0.25156936,0.08563646,107.666015625
genres_original\hiphop\hiphop.00026.wav,hiphop,-103.22315,68.98274,30.57212,33.798584,20.809032,29.541008,45.81602,18.742838,9.800678,16.754988,8.6273155,15.724353,1.6164563,17.783197,12.33468,13.559562,0.51866466,12.605888,4.9922223,10.126892,-2.83595,9.347483,8.032367,9.752363,-1.3974609,9.182893,3.3177283,8.524738,1.208594,7.9466133,3.3016279,8.923558,-2.6962643,10.624792,5.6360793,9.571471,-0.7149581,11.088241,2.758796,9.42909,0.4893982,0.45070627,0.4830391,0.47867104,0.47628132,0.49911928,0.48638213,0.51749295,0.47523198,0.4303364,0.43741402,0.48210612,3459.980501661103,1023.5769007294937,2916.898258706314,334.5497248429272,7022.724201214202,1321.4287606254743,18.72458797561101,16.286154256785437,17.517448926820986,16.185464598081463,17.71136193650374,17.367539476157628,18.500197223867062,0.17347174015576625,0.10847894405451698,0.1641434,0.07931353,103.359375
genres_original\hiphop\hiphop.00027.wav,hiphop,-109.07124,65.39089,76.91492,36.669388,2.592334,25.831913,19.059637,17.558628,0.5502823,17.489302,8.174562,12.077027,-8.068408,14.407409,5.9523516,10.886565,-4.3305674,9.662342,3.6560757,10.072029,-1.5556679,10.813064,2.6334875,9.855007,2.2520404,10.006581,2.8522258,8.319989,-5.210044,8.925316,5.3580384,9.038988,-6.1856155,8.056661,2.2385309,8.042639,-2.4708722,7.3625402,-5.9738307,8.356302,0.53941435,0.5402972,0.5630788,0.40713346,0.3131302,0.2993707,0.32234204,0.32909042,0.33329165,0.4081188,0.49310085,0.5844233,2637.4232219262044,1041.274383016124,2630.9986673861804,464.9566821411257,5629.507625804228,1808.479820862616,22.082582529981114,14.09089560217138,17.9049532466834,16.657748275317704,17.865763808580603,16.96092789174579,16.95325474282925,0.1028002098248839,0.08614413146612777,0.13497086,0.042410493,92.28515625
genres_original\hiphop\hiphop.00028.wav,hiphop,-83.20265,49.98412,67.71298,33.095707,1.2305168,27.901907,29.658491,19.455872,12.577921,20.239508,5.613066,16.794523,6.2118382,11.559139,8.097905,9.600042,-4.784866,13.576298,7.664915,10.164415,-1.1791574,9.630684,4.242718,7.446639,1.9306675,7.5979166,1.0202534,7.24506,2.38057,7.3163176,3.1090045,7.8688116,-8.059311,8.283145,1.6720581,7.944232,-1.6563998,6.6204205,-3.2753487,6.941463,0.63198155,0.35730326,0.2639222,0.23212542,0.24076153,0.2442207,0.31239712,0.4244913,0.42502758,0.41427895,0.42585146,0.5231762,2774.871060337549,928.1815504203311,2700.5093969910645,408.9857630063656,5746.540251457285,1753.237433469908,18.5214143817248,18.14572094578851,18.79659927388175,17.60057088100356,17.610147941390007,18.314478616017723,16.659112172492023,0.11459341137770898,0.06609017868168536,0.15452561,0.035400257,92.28515625
genres_original\hiphop\hiphop.00029.wav,hiphop,-72.5143,51.718605,57.03795,32.713875,5.94839,23.729914,25.904427,15.600058,6.6623893,11.082731,11.494862,11.545168,5.109201,10.646949,10.105276,10.751652,0.9503965,8.704623,8.6856165,8.881431,-1.6870507,7.0756297,5.9976845,7.3652143,0.14304207,7.4828258,4.966505,6.523444,-2.012679,6.46392,6.097602,7.0507565,0.09555148,7.187183,4.1566687,7.287014,0.25136536,6.8831983,5.891547,7.1361375,0.36485258,0.38302517,0.36148667,0.4485434,0.51453435,0.37905654,0.396672,0.46671164,0.5853394,0.50466335,0.4565716,0.4248075,3131.3432607004365,967.4319987942074,2854.60084444079,326.271364091897,6395.536327066805,1509.3230794864683,20.523892335717967,15.656960376205744,17.15989579500348,16.37596100309402,15.967047031984032,16.18389164598789,17.542483982852755,0.11568637529024768,0.07801600889525717,0.16638106,0.055529628,123.046875
genres_original\hiphop\hiphop.00030.wav,hiphop,-23.794031,37.7448,43.71694,17.078474,30.55069,16.220324,26.501972,11.596156,4.336693,11.013557,21.91375,8.774527,2.576287,8.259902,6.990405,6.045492,-1.4965212,7.240525,4.582283,5.959511,0.41704255,5.6807756,2.464586,4.894308,-4.074756,5.21918,-2.0174925,5.511228,-3.5647278,4.942341,-0.12832616,4.461874,-2.4766896,4.516287,-1.0378424,4.069526,-4.7686734,3.9237518,-2.6154184,4.0756125,0.690363,0.60304964,0.49251464,0.492702,0.49563193,0.52822596,0.5374236,0.52927405,0.47350112,0.49643573,0.55227613,0.57933533,3724.7745542619245,525.3961254291329,3204.9677357968894,196.76767473816818,7641.487126306115,632.7336875415314,20.21892689530408,11.712084570721204,13.600503348170687,13.968836258146673,14.031865763957736,14.59654824640263,16.744162932067038,0.1727574587606424,0.047966378113796934,0.19396807,0.029408649,89.10290948275862
genres_original\hiphop\hiphop.00031.wav,hiphop,-25.108788,37.16967,60.825592,23.06752,-4.1871734,19.167852,14.84839,19.551699,6.795023,11.157302,6.0983343,11.586028,15.451296,11.313521,3.784735,12.164929,5.6598086,9.62591,10.247507,8.617062,0.8633308,8.506383,4.183889,8.246319,0.9262049,7.9707294,3.2527385,8.26737,0.21559034,7.4616604,2.6983185,7.366798,0.7047307,7.9436145,0.89628994,7.237203,0.3617592,6.8706417,-0.0064073685,7.551021,0.4389243,0.41009587,0.45783642,0.40187445,0.49904206,0.47774115,0.37371686,0.46648687,0.5463938,0.6818477,0.54748183,0.4567083,3084.823804546642,744.9798253617553,2970.61795564429,321.4135097670433,6779.025674825852,1469.9677101374848,20.032480433947363,15.195173389378272,18.107952213454276,16.81296299262171,16.796856811997117,17.739892574368795,16.012033791884168,0.13644361938854488,0.0803616944853105,0.21307458,0.059878297,99.38401442307692
genres_original\hiphop\hiphop.00032.wav,hiphop,-148.12135,68.425766,90.56765,36.941105,-0.2753232,24.763544,28.855238,19.425905,19.306164,15.973498,15.245029,13.213865,4.281466,9.879152,15.519956,8.779977,1.2726042,9.2984,11.129076,8.812636,8.849079,9.362671,6.316172,8.5815115,1.6312523,6.393073,1.4264011,6.4456325,-3.4119391,5.7986217,1.1954082,5.8417187,-0.7235133,6.2153215,0.78173167,6.57964,-0.45094883,6.55637,1.7203562,8.156796,0.5252236,0.5453061,0.48688817,0.49849725,0.50874686,0.44167858,0.47426394,0.42628998,0.4775787,0.42958105,0.41411018,0.47579986,2145.890945678912,975.1660857035462,2441.669949507938,487.38441823122196,4529.893202670785,2002.021185381441,18.269666901827318,14.68519685449513,16.749123073994262,16.785637143973073,16.558084574248838,15.454104490942505,16.4817791990309,0.07872191436531008,0.06621472635301993,0.13448663,0.07220633,99.38401442307692
genres_original\hiphop\hiphop.00033.wav,hiphop,-31.93763,48.842552,59.89348,34.05498,-2.7075214,24.534782,33.514893,22.87427,13.086964,16.439636,9.461902,12.553874,-1.6719099,13.79627,14.184528,9.110175,3.138348,9.751842,6.803654,8.646197,1.1695602,8.799848,3.8993716,7.784495,1.6967894,6.9302053,1.2543108,6.3833814,-1.4599717,7.47885,-0.16600096,6.759282,-1.5947375,6.4444113,1.8287376,6.1629267,1.5520314,6.164783,-2.302336,5.6250205,0.4704039,0.50187105,0.5407393,0.58897686,0.53796697,0.5832938,0.49586502,0.4056792,0.4448599,0.44247478,0.5158276,0.47596064,2982.0828218625525,913.5862642526649,2730.392872962765,435.60869082094234,6160.654414032266,1622.83682176678,19.379111282047802,14.726205799696752,17.143235367621546,16.34066565664119,17.68018559086038,17.658130029089357,18.074469668067632,0.15224662284732973,0.08798248443422266,0.21436137,0.055545572,198.76802884615384
genres_original\hiphop\hiphop.00034.wav,hiphop,5.841989,31.482647,53.237312,17.3067,-8.979136,15.363962,26.946,12.1081295,0.44115078,12.774593,15.555138,8.64664,1.657118,10.201859,7.6658325,7.9253855,4.9847784,8.290642,8.606436,8.147735,3.414468,6.4360194,8.525944,6.8803368,1.1329907,6.1439133,4.909482,5.898453,0.8620598,6.117358,3.4024034,6.245288,-2.8807528,6.437114,2.7900436,6.5945826,-1.7171189,7.100242,-0.27817857,7.474049,0.4453398,0.4711778,0.48211426,0.51248956,0.50160307,0.48633862,0.45524317,0.43672788,0.4597475,0.43070716,0.49949953,0.4577874,3191.1765117370255,509.2171792700731,2735.9610117251223,229.77640691859006,6354.219910234859,872.0944024345854,17.709256286274556,12.445456365325867,15.91509239427624,15.732076915427776,16.63861314079523,16.322719211108225,16.579595255186657,0.16916602167182662,0.05688144857263324,0.22781995,0.052785654,198.76802884615384
genres_original\hiphop\hiphop.00035.wav,hiphop,-100.91944,55.59692,64.29094,32.155758,12.551603,27.244965,26.481693,15.415123,12.40743,18.12053,12.135959,11.335141,2.469894,11.981148,18.496998,9.84659,1.5057791,9.3875,12.0577135,9.948853,-1.4862086,8.66597,6.7316265,8.191795,3.8606362,8.077935,3.0960424,7.6747813,1.7575846,7.3757424,4.5550957,6.540301,-2.365775,6.5534625,5.4360013,7.103508,2.7719076,6.6468167,3.722725,6.540004,0.5845926,0.48605773,0.3967082,0.33250356,0.3428397,0.38702354,0.48193142,0.53508234,0.6569201,0.7561741,0.71635723,0.66978735,2825.5302060644444,1049.2097386529208,2830.7288636632816,406.54301246470493,6190.9792306622485,1710.5154580562305,20.213352549215838,14.994524963021284,17.10726729989832,15.65843853459951,16.295307349399938,16.435949991808975,17.720221040897396,0.10329945094814241,0.09464071940812725,0.19127107,0.09198521,143.5546875
genres_original\hiphop\hiphop.00036.wav,hiphop,-220.95444,161.82425,41.13651,42.50718,-13.99925,29.57166,33.61879,21.479437,12.183349,15.6594305,13.665729,11.4319315,5.9543242,10.34677,7.631934,9.845221,5.2903748,8.900037,10.4727125,9.96902,4.765573,9.266538,6.5006533,9.17057,6.4908986,9.57138,5.4590783,9.056477,2.5724354,7.894312,-1.635883,7.418587,-1.5488937,7.2618966,3.0862727,7.632878,4.928209,8.562232,3.715603,10.635023,0.42657828,0.4097441,0.51291984,0.6125113,0.4590286,0.42909807,0.44083416,0.52619386,0.6416674,0.66198355,0.6278457,0.47703514,2960.013105340155,1213.5007504894984,2558.1335074460126,560.5404160971857,5801.173254432324,1916.4354923858516,22.477747449295524,13.450923810887328,18.096676444754838,16.59231803812706,17.176422477631256,17.90045489769279,17.22444368816443,0.12089987362132353,0.10113699469978117,0.08916087,0.06418156,117.45383522727273
genres_original\hiphop\hiphop.00037.wav,hiphop,-96.6639,82.456406,30.600752,43.820393,2.530355,36.617325,12.692531,22.321943,-10.973727,21.059551,-2.1038084,20.724758,-3.6324103,16.204546,-7.5899434,12.634672,-5.3217125,12.221342,-0.68403125,10.056899,-4.1489954,9.759945,-3.1092334,9.146882,-4.8592544,9.255911,-3.0990715,8.772153,-4.161172,9.506991,-2.563374,9.123918,-3.4825435,9.827826,-0.34579784,9.270712,-2.8692477,12.898343,2.3299165,12.321578,0.40668967,0.43160105,0.45290005,0.36940676,0.36950132,0.40966505,0.39177904,0.48391473,0.40990317,0.3544297,0.41972828,0.4086223,3770.0765106624654,1320.648512041558,2830.835515869796,550.0991150011529,7050.38236730239,2019.9946428069186,17.852951785546598,15.72842013222713,19.09297073557262,17.99777004478541,18.359747048354286,17.677012645952296,16.02947948656263,0.21284149453366874,0.1213583212169293,0.15945259,0.1313063,143.5546875
genres_original\hiphop\hiphop.00038.wav,hiphop,-62.8069,142.3813,72.1019,32.564705,-16.114136,27.33065,27.418505,24.232086,5.5609536,16.415352,1.8214277,16.67856,3.9023924,11.594933,8.463778,12.580564,-2.007449,11.717567,5.825009,9.6819,0.15586385,10.209535,-0.30150035,9.220074,-0.6675375,8.627396,-1.4832999,8.404018,-0.06580478,7.346252,3.2086806,7.202261,0.6697353,7.1242967,1.1243904,6.8328834,-0.93676585,6.8932695,-3.0775096,7.7647095,0.29257765,0.2793471,0.38540187,0.30624396,0.33356857,0.43795493,0.47193745,0.48045146,0.4339401,0.5283183,0.47770506,0.35359997,2202.2948946843676,866.3593142520537,2213.2035124053305,775.7065040221052,4411.289992199594,1834.9727161644144,18.176952841297343,15.01895044412146,18.267267076860097,18.73289927413788,17.621974868488262,17.97693889805182,16.000795340995907,0.09668724603328173,0.05123288030193029,0.2692118,0.13875258,184.5703125
genres_original\hiphop\hiphop.00039.wav,hiphop,-121.61006,94.127655,76.91942,38.56451,29.013481,34.4903,9.935919,22.391464,3.1737647,17.696764,5.1753216,18.897154,4.968313,16.555487,-1.0265125,15.068524,1.170761,13.896665,2.1393538,12.845072,3.1176481,10.924739,1.1366779,11.051312,-0.782061,8.37002,-4.9822216,8.642479,-0.12525722,8.453901,-4.5053763,8.103963,-2.1900976,8.428648,-1.3730919,8.629193,-3.1559749,10.1479,-7.364276,9.914599,0.43632782,0.40017322,0.4094312,0.4110441,0.38353226,0.37307295,0.3540405,0.40637803,0.33794603,0.3919179,0.40940574,0.36737853,2706.6714628489012,1254.5204610595217,2941.23259807602,518.9669290946152,5996.322074394108,2336.6881105113707,22.35739417225955,16.919095739375027,20.05721106523315,18.952766004493952,18.182957821164177,17.658523735279807,15.780466754626698,0.1125715037248452,0.10571356898252686,0.18296981,0.094229,184.5703125
genres_original\hiphop\hiphop.00040.wav,hiphop,-185.25148,99.84675,96.74281,46.108784,44.600403,27.204323,13.892824,17.566126,6.01466,15.725666,-2.9065557,15.444996,3.2618506,14.329401,-9.664786,11.929173,-3.648592,11.871568,5.251207,11.988898,-0.9549689,11.212323,7.687712,11.409919,6.0880246,10.157899,-0.11232193,10.5873375,0.57322174,8.852037,0.50927186,9.486387,-5.869581,9.547836,-5.4587727,9.476263,-3.0603395,9.331112,-4.7819695,11.187751,0.24407704,0.41597405,0.33375153,0.5278146,0.32463962,0.33601728,0.414748,0.30629218,0.28799203,0.26435688,0.35386828,0.36148715,2431.6745536158296,1439.2687543374525,2783.1825288783557,712.9316141807099,5276.543093465799,2879.685159964617,25.03691195257731,16.047853408433067,22.38927317641488,20.467635423097498,20.29776724481412,20.14185550121207,16.53439914488816,0.10152508526025542,0.11565550089439311,0.13060717,0.104413696,80.74951171875
genres_original\hiphop\hiphop.00041.wav,hiphop,-76.582634,66.9845,68.337524,33.588375,-0.9878049,21.26101,30.346247,21.591845,3.6340482,20.357887,5.2012157,13.145745,3.2781925,12.375167,2.9408545,12.832702,5.555166,11.322875,4.673672,8.873826,4.3292913,8.615429,3.4459429,8.953441,2.8557055,8.662198,1.4406077,7.829439,-2.3228574,8.714491,-2.6037676,7.9166327,-5.0569625,7.687717,-3.9807496,8.46155,-5.5648823,9.617619,-0.00071191933,8.963013,0.40686885,0.47071597,0.4292491,0.36301294,0.40053585,0.40274647,0.44243515,0.51801187,0.5340584,0.43943405,0.3373465,0.3553956,2708.8083141428915,841.0745355555416,2664.597965097762,394.13045429313576,5556.016403528928,1580.1384370454043,22.967044450022495,15.4448021542693,18.141239984983972,17.343331983867095,17.40762993046233,17.626222248820234,15.872325337577513,0.12015460223974458,0.06731346206888379,0.18603957,0.10656504,92.28515625
genres_original\hiphop\hiphop.00042.wav,hiphop,-74.35974,65.942795,48.817753,33.81038,4.047643,27.423513,35.84637,18.166897,12.4972315,16.191095,13.47496,12.732347,9.024468,12.856593,12.56751,11.586715,2.486558,10.960347,12.132177,10.080534,9.134346,9.767495,3.9287133,9.001749,4.571033,11.080639,1.3762095,9.668824,3.193234,9.818513,4.3325377,10.135738,-4.2572207,8.116825,2.8328748,9.854315,2.6930997,11.27174,2.7469275,10.612316,0.4268145,0.49509376,0.65863746,0.7593485,0.59080434,0.45080453,0.3682277,0.37191215,0.34221637,0.30227095,0.28750074,0.33237144,2908.796471318714,996.9112028804341,2763.7327112504013,386.7430454133019,6030.596867139126,1580.5990708899728,25.135341358200996,15.16475143317467,19.56895320913965,18.562665936208965,18.112324390768176,18.961241505468827,17.388574706042277,0.10257420967976007,0.07562321148987147,0.24808368,0.091053896,92.28515625
genres_original\hiphop\hiphop.00043.wav,hiphop,-155.63774,70.705635,113.65833,40.328003,-4.0242286,23.976603,18.278229,18.103622,13.483908,12.783439,8.251857,12.088475,8.810651,11.3214855,11.110943,10.5992155,8.910264,10.968831,10.224346,8.611612,6.1002116,8.039099,9.738549,8.74047,9.320228,6.418398,2.259448,6.8393626,2.8474398,6.860639,7.5475535,7.559879,-2.662322,7.472268,0.9173482,6.719811,0.44310457,6.263605,0.7698159,6.6446934,0.42379472,0.43223894,0.32021788,0.40334326,0.6414916,0.35447934,0.31008512,0.40819907,0.54634005,0.6583057,0.45176068,0.39236763,1834.8226201664872,950.3819455444237,2225.1515450948054,680.9378381478682,3847.810066152283,2207.5467703675185,21.53931063298389,15.889057465449119,19.946123610304177,18.104604916101287,18.545461632505567,18.355423809004986,15.920231153177955,0.06156538735971362,0.039680252917284414,0.13564475,0.0889286,89.10290948275862
genres_original\hiphop\hiphop.00044.wav,hiphop,-267.52255,88.57857,77.79211,44.952805,-18.189766,40.02318,18.888138,18.980719,1.9943968,15.922312,-7.588774,18.597517,4.7138777,14.517775,-7.698333,12.047398,-10.356959,11.214598,10.975267,13.258368,-2.8659422,10.719503,-5.757438,12.096488,2.3471525,10.129297,-7.099608,8.9200535,0.4050519,9.211523,-1.8043371,9.626239,-8.364889,9.720432,-3.0725448,9.622715,-4.399869,8.763575,-1.651445,10.601268,0.3071512,0.27871436,0.34691557,0.30558714,0.36296332,0.3308724,0.4331029,0.41951352,0.36703163,0.42929587,0.33170524,0.353643,2548.7636099360616,1061.7042924112307,2344.8395970517513,508.8219899285416,4537.730894295424,1957.8678499696425,19.408469059667365,17.103969829085965,20.34835102649591,19.83612475630292,20.247977732857134,22.20400385496463,16.267871194639,0.14338613220781735,0.09255537616275325,0.038039632,0.03186978,117.45383522727273
genres_original\hiphop\hiphop.00045.wav,hiphop,-121.61006,94.127655,76.91942,38.56451,29.013481,34.4903,9.935919,22.391464,3.1737647,17.696764,5.1753216,18.897154,4.968313,16.555487,-1.0265125,15.068524,1.170761,13.896665,2.1393538,12.845072,3.1176481,10.924739,1.1366779,11.051312,-0.782061,8.37002,-4.9822216,8.642479,-0.12525722,8.453901,-4.5053763,8.103963,-2.1900976,8.428648,-1.3730919,8.629193,-3.1559749,10.1479,-7.364276,9.914599,0.43632782,0.40017322,0.4094312,0.4110441,0.38353226,0.37307295,0.3540405,0.40637803,0.33794603,0.3919179,0.40940574,0.36737853,2706.6714628489012,1254.5204610595217,2941.23259807602,518.9669290946152,5996.322074394108,2336.6881105113707,22.35739417225955,16.919095739375027,20.05721106523315,18.952766004493952,18.182957821164177,17.658523735279807,15.780466754626698,0.1125715037248452,0.10571356898252686,0.18296981,0.094229,184.5703125
genres_original\hiphop\hiphop.00046.wav,hiphop,-75.66786,68.09415,91.0224,32.857822,9.864941,26.29071,25.09408,16.031164,11.801716,14.846216,10.166983,10.477046,0.12458095,10.596505,8.227129,10.059565,1.6348945,9.832693,0.49703962,9.56161,1.8070879,7.902063,5.4929857,8.635907,1.292904,7.7839127,1.1345568,6.5375085,-1.1895083,8.281542,0.37554058,6.328939,-1.2076176,7.8334317,-2.0606055,5.6970124,-1.2071042,5.3471227,-2.6347067,6.244741,0.53667015,0.50146013,0.48201314,0.5023897,0.5397164,0.5187546,0.42632678,0.4076847,0.45022497,0.5171727,0.52955866,0.4941445,2306.786333638483,950.7111313771452,2601.5436234092385,453.69289481060736,5000.353096882256,1928.6770107346856,24.015579621157006,14.502299359000933,17.146345394969018,16.45080057382494,17.359043724061443,16.10329703090886,15.997850512911889,0.09149226610874613,0.06355147160209093,0.2280169,0.13402128,95.703125
genres_original\hiphop\hiphop.00047.wav,hiphop,-76.64228,60.19556,52.776497,27.307049,34.640076,22.929039,26.187645,17.25598,16.660328,15.96769,11.346408,13.545154,5.853892,11.416583,6.9042377,11.974951,3.664476,10.630727,-0.960427,10.127743,3.875897,9.545592,4.4879446,8.758479,0.63659954,8.572313,5.4337535,8.155784,4.1940684,7.3958845,0.8124227,7.171564,1.6306313,6.8126125,0.6943534,6.143456,-2.806063,5.6969976,-3.4109476,6.4861217,0.37881044,0.3704604,0.38839194,0.410224,0.48056456,0.5237683,0.53997475,0.5693125,0.53060335,0.44355336,0.3777456,0.37946668,3236.2092131808367,1133.6684811878556,3272.1557177055006,388.57281992542596,7338.638957587558,1633.5342934125867,27.032773358195854,15.581656314231921,19.246944611120295,16.105694632648873,15.721968704768297,15.597698362588272,14.372510103297417,0.10935685952012383,0.09608074842083754,0.24710079,0.1208832,95.703125
genres_original\hiphop\hiphop.00048.wav,hiphop,-87.680786,94.37095,79.37558,31.304096,25.071245,19.393,45.16531,16.686323,11.199144,11.886375,18.170174,8.820121,3.5208578,8.264765,6.9955754,6.5303,1.2674153,7.627761,2.3607879,7.5107837,-1.7764663,6.4804163,-0.012601835,5.1833425,-2.7059743,5.486118,-0.4882839,4.9394984,-5.2594147,5.251921,-3.8652692,4.796624,-2.5075831,5.181367,-4.6821017,4.3778734,-4.984883,4.274146,-4.423426,4.8281326,0.32146677,0.2855902,0.27935317,0.36181757,0.53396475,0.49250457,0.45296314,0.46117282,0.4668827,0.5874324,0.4425745,0.31045645,2344.385703637443,925.8832945426167,2682.0326323793884,529.2829159523576,5394.20071533959,1910.7703657693382,24.13436017171011,15.52964439076776,15.223598016580542,14.542965020553593,15.375930738568515,15.620752106755717,16.44429122318936,0.07745040090460527,0.048858479858739,0.23021632,0.111451894,95.703125
genres_original\hiphop\hiphop.00049.wav,hiphop,-44.555233,51.49867,41.6235,23.79746,29.91263,23.860807,51.863693,17.2848,12.87563,17.225433,13.724889,10.67578,7.962605,13.80796,9.290234,9.303301,8.388367,10.852764,1.899423,8.303099,1.1413115,8.933683,4.564992,8.107921,5.5246224,7.3048534,1.3144537,6.1039004,2.3494503,5.790483,-0.7992,5.852756,-4.252003,6.3878207,-3.5728974,5.76521,-3.835539,6.6621885,-4.442142,6.8544564,0.5014447,0.50580484,0.4842564,0.4404011,0.40572706,0.3978332,0.38206965,0.41821185,0.5198115,0.6286153,0.5779518,0.5466328,3084.4973664314452,791.9376028550727,3055.5704751391245,311.94590721628646,6682.326259553986,1186.515372263871,28.739008221282134,15.363433880203743,17.89346168468004,17.287300706522267,17.139050828437107,15.728699584521776,15.347402293581341,0.10872005309113777,0.05845284458069472,0.28883296,0.07705596,129.19921875
genres_original\hiphop\hiphop.00050.wav,hiphop,-114.06302,66.248764,110.11895,34.96847,17.930183,28.098366,37.930096,17.632345,27.968828,17.87906,1.4038033,14.11875,15.55362,12.914232,1.4255453,10.660193,7.3542895,9.562906,-3.3255098,10.249956,8.241861,9.155342,-0.18475701,8.048259,0.6828673,8.844851,3.3338144,7.5031924,-2.4720285,6.8931417,0.7509779,6.396309,-4.8478117,6.2185445,-2.3932738,6.6397715,-3.29144,6.764444,-4.609848,6.74615,0.4206414,0.40918195,0.39060664,0.47491485,0.45847464,0.4609752,0.43126047,0.41028953,0.38836813,0.39151475,0.45558834,0.4326502,1683.7287656142807,805.7876609404717,2428.093966088148,591.1889655014293,3619.3447809839395,2193.1093590186256,26.91770861797475,16.421294461994034,18.735414849248226,17.248466371522372,16.940401082832768,17.13440655663893,15.484738507413157,0.04244418779024768,0.031010006967336638,0.27364036,0.1028743,99.38401442307692
genres_original\hiphop\hiphop.00051.wav,hiphop,-78.71352,70.4662,73.09978,39.064484,21.83404,31.269009,49.21601,18.609392,3.1142888,16.180328,18.307453,10.321462,1.8565904,10.375552,8.398898,8.414217,1.4257845,8.3640995,4.2191653,8.959476,-1.3232716,7.128609,1.2506557,7.5028644,-3.0139785,7.210121,1.7983278,6.377966,-1.8407835,6.2991548,-0.99266994,6.544032,-1.9069359,7.4945364,-2.634608,7.315487,-4.791962,6.357427,-4.8620996,6.6093073,0.39947897,0.37700817,0.4189201,0.47367013,0.46616745,0.33079812,0.2885227,0.3190396,0.3204567,0.458527,0.44665658,0.42395958,2500.521404911738,1116.1502094814075,2578.083186286891,472.92159455433296,5294.309652700513,1916.6798749204806,26.18478805771406,15.486078649991324,18.122023298716503,17.91622845801062,17.827744494528517,16.896669093942766,17.35844126534563,0.09951791674729102,0.08669220888120782,0.24401791,0.08709159,103.359375
genres_original\hiphop\hiphop.00052.wav,hiphop,-146.51694,69.752174,81.558525,34.431755,31.962297,22.142778,22.430374,14.582527,5.098355,13.307816,13.628087,10.717813,6.495129,10.252351,8.408916,9.907332,4.438316,9.103992,5.0106626,8.220083,1.8354231,7.205781,2.8645813,6.194383,4.5268016,6.845435,3.8527682,7.2093716,1.3351526,6.83778,1.2303361,6.986649,0.57735336,6.728555,-0.17094095,5.436564,-0.659073,5.661859,-0.08891943,6.4944186,0.52831495,0.42520112,0.44328672,0.43859637,0.3562097,0.37858373,0.36617047,0.37490433,0.4208708,0.50967014,0.6311757,0.6637937,2595.782821610755,1172.142342201159,2881.612646336387,488.31001556390345,5858.622907042134,2127.9952237901703,27.784111315051774,14.423753777147299,16.660402034676306,16.82442075171694,16.728805983451554,16.176596172322018,15.394039816433324,0.08231280536474458,0.06507038333973547,0.10996669,0.040237013,103.359375
genres_original\hiphop\hiphop.00053.wav,hiphop,-144.97781,81.033455,66.671524,33.435318,44.280052,25.33791,22.528505,21.362127,6.5213594,15.051017,8.85033,11.236085,11.895541,11.664547,5.837181,9.461426,3.0436742,8.862309,6.451863,9.821227,3.56229,8.828681,2.5228522,7.9310784,3.8309376,7.534891,3.7200966,7.0413585,6.821516,7.7477508,5.0689015,9.020554,0.47715914,7.264429,1.0826527,6.0974283,1.9560732,7.405087,-0.07564605,6.1485906,0.55226,0.47318888,0.4486384,0.47038206,0.44484368,0.46077722,0.40170214,0.5005133,0.60740393,0.56189317,0.59470403,0.56635916,3079.1103340087907,1147.6506742484228,3220.8563159505225,490.70203252135474,7003.240985693208,2137.051933766724,26.822563018864354,12.96611893737084,17.400834154649854,17.978973300253983,17.486587940107107,16.542805003785432,15.089110227010284,0.10707796173568111,0.07020433641296625,0.10891584,0.037407216,107.666015625
genres_original\hiphop\hiphop.00054.wav,hiphop,-104.715996,55.469826,64.0346,25.641308,28.791668,24.781963,10.54608,15.820549,15.168903,14.228209,13.066784,9.50842,8.023293,10.8258705,5.2342043,10.641252,6.73682,9.402884,5.12485,8.065819,4.4460244,8.170531,4.464318,7.4278355,3.354734,8.288964,2.422061,6.5305305,0.18586996,6.6906676,-1.5202584,6.1578145,-2.5679927,5.9962096,-1.1960529,5.2800784,-2.1893506,5.3185406,-1.8801897,5.7728624,0.5652682,0.5088659,0.41812116,0.37020054,0.36655906,0.37628973,0.4141138,0.44099927,0.4418241,0.4427361,0.4903245,0.5284179,3258.7937668169607,915.2901063183955,3321.233022757826,337.2129148074791,7619.562258882788,1314.9903252330812,27.590338226377227,15.114774337330878,17.27112062306391,16.276184321662694,16.303078329923867,15.385796831558162,14.536835112304916,0.12631934198432662,0.07736549532802195,0.124151625,0.04310353,112.34714673913044
genres_original\hiphop\hiphop.00055.wav,hiphop,-161.47679,53.41587,104.041115,27.449621,-10.936409,19.859287,43.69308,14.9085655,13.973775,13.810039,14.462216,11.107328,7.506261,12.492292,9.4815645,7.5721135,6.4391665,7.416759,6.9952273,7.930906,1.3608631,7.444611,4.438623,8.498783,-2.926756,6.018054,-3.2144325,6.3445835,0.044584908,5.9195666,4.159957,7.1520114,-6.4395256,7.79482,-4.9638324,6.4083557,-4.214212,6.640077,-2.2782378,5.774974,0.2788368,0.37668073,0.45154384,0.5852819,0.5627278,0.44963068,0.4095907,0.33101156,0.27987573,0.2815125,0.36243328,0.31877962,1735.5854903743884,724.7276209750005,2055.9870271957616,380.78001187643696,3552.961849059114,1382.9946221737207,23.9424845448773,17.951943577443664,19.670941221702716,20.680383798760296,20.02155796016969,19.546316223322048,17.050064471143035,0.07250031745839783,0.05482965274746658,0.1337594,0.07005619,107.666015625
genres_original\hiphop\hiphop.00056.wav,hiphop,-101.081245,53.63343,72.40871,21.017982,-2.3747907,22.240034,46.051167,14.864915,5.5450935,12.355088,24.21515,9.200353,3.540355,9.165765,14.531002,8.280829,5.654686,9.175775,13.53511,9.760336,4.972193,7.3363614,9.905891,7.3510385,2.9368954,7.1227355,-2.9988053,8.284627,-1.2425075,6.6534286,2.3058746,5.8814287,-2.8192255,5.3658056,1.7559552,6.5834985,0.85589564,5.9499116,-4.3526983,6.9998326,0.47904935,0.39339167,0.36234573,0.4071577,0.49295527,0.5716717,0.55199057,0.5221608,0.4931657,0.5211794,0.5465448,0.5585529,2355.621296823601,596.0906387649645,2496.919774597185,335.8460422954343,5176.777030070869,1122.0846524015622,26.839904673252416,14.839599196524265,16.164717252927097,17.047011793640607,16.265826299056265,16.50318079756249,17.995444170364618,0.07013033934791021,0.03323799871690147,0.16661067,0.041790657,99.38401442307692
genres_original\hiphop\hiphop.00057.wav,hiphop,-113.628265,62.04765,87.07087,22.690346,-0.6380834,22.490751,52.25518,13.245677,19.377625,11.710488,19.676193,9.653486,15.387045,9.199823,13.71075,8.307735,6.951093,6.206437,9.07707,7.2430305,7.965796,6.495556,4.4127054,7.5969105,-0.15473132,8.029611,-0.43290395,7.6352897,0.22154196,5.1928377,-0.83721715,6.1265163,-2.17967,7.494594,-1.9916912,6.6777716,-4.4428053,5.99835,-4.301019,7.289295,0.2012885,0.20914212,0.29343548,0.39400545,0.41816574,0.3512102,0.44629398,0.62972444,0.6576864,0.60245925,0.36765864,0.23699443,1811.0907893923022,642.8018077248835,2279.385519549546,328.394254046583,3889.9348114297118,1325.280894202065,26.45182734320336,14.31441392464746,15.450741271931125,16.36018315283798,16.50509798079103,17.008532249816344,15.66234944050534,0.05145433738873839,0.03853808811820523,0.22475857,0.06414906,89.10290948275862
genres_original\hiphop\hiphop.00058.wav,hiphop,-109.83064,68.57036,63.104633,29.455761,-13.840905,24.88385,43.019493,18.011915,6.142044,14.847526,23.18746,11.900576,8.019648,12.967463,10.65603,11.127409,0.98032266,9.541053,5.321308,9.588413,-1.832165,8.870634,-1.4251207,8.2996855,-1.8639749,7.314714,-3.1835,6.827528,-4.740081,6.397384,-3.8052502,6.4476104,-5.5368443,5.335233,-3.185932,5.099758,-3.2629235,5.349653,-3.928107,5.876848,0.5054155,0.50131375,0.47637874,0.44594756,0.4771917,0.4345741,0.44941387,0.5068966,0.54253715,0.62840956,0.58256704,0.5230316,2676.5339159173477,981.7114337126721,2413.9218973506577,357.8754630091533,5209.5184987543535,1412.8922358590285,23.22630396998221,13.576049086542966,15.24959814121339,16.05514818305154,15.743033626511306,16.276927636160202,17.031656775773392,0.13613863257062694,0.09681372924227465,0.13039982,0.06643223,172.265625
genres_original\hiphop\hiphop.00059.wav,hiphop,-133.22668,57.827538,93.950745,29.777546,-2.2413456,25.978767,50.195454,16.91518,12.518455,14.374125,15.036698,10.840813,11.511907,12.258594,10.2486,8.8852415,7.9517236,7.94367,10.803761,10.379897,1.9746124,7.181796,5.1986346,6.264848,1.0662619,6.307883,2.1747072,6.0656824,-1.5162954,6.5441794,-0.4487203,6.063904,-2.4607766,6.039652,-3.8682592,6.1836376,-1.7064383,5.887603,-2.774622,6.0461583,0.5269318,0.45214763,0.44613412,0.47264388,0.5487647,0.6857482,0.5459301,0.44870287,0.45328325,0.5033796,0.4550698,0.4560957,1949.3068336318568,808.7427180036368,2286.5903217127266,528.8296650519039,4219.474485415054,1737.6104207536512,25.29873596615328,14.504012774146144,15.943007896471082,16.509519004331498,16.488713815247365,18.120945020886413,16.032231900299273,0.06300302038989938,0.04414998668624636,0.15126342,0.051931437,92.28515625
genres_original\hiphop\hiphop.00060.wav,hiphop,-153.50096,71.58772,92.7777,22.263191,-15.882089,26.255539,57.952423,18.804735,8.575667,16.318047,18.462399,11.101631,13.276261,11.207008,11.162719,9.384257,7.613732,8.3754,12.974225,9.995228,5.661205,8.132005,7.017446,7.4449053,2.8843374,7.6941657,1.6163465,7.5848904,0.01203087,7.156916,3.0243316,6.504934,-0.23418826,6.3408995,-1.38703,6.263325,-2.3182178,6.024235,-1.3271762,6.5231514,0.46897665,0.4223187,0.43722743,0.4003391,0.30945164,0.273113,0.32593265,0.42982256,0.5775484,0.58332735,0.5225485,0.52561265,1717.8344833823073,588.0409695805761,2052.410769263643,361.05037585309276,3686.911039086687,1184.9369308106404,26.82175060798308,14.291475852776525,15.579582262213206,16.586753028219842,17.11586651421912,19.066830526237315,17.12835255652395,0.05390783729198916,0.0467870986579001,0.18021107,0.06272854,184.5703125
genres_original\hiphop\hiphop.00061.wav,hiphop,-127.29857,56.24597,95.78884,22.457823,-12.756139,23.457773,37.96444,18.497633,20.579319,18.942318,23.185549,12.515906,8.276987,11.266676,9.615845,9.041219,8.68504,9.865306,5.52123,9.54641,6.6797304,8.971294,4.0264277,8.151521,1.7274877,7.414636,0.72459817,7.2326813,-0.42298803,7.4033456,2.2443924,6.927751,-1.6068019,6.5729265,-1.215462,7.8369107,-2.2126098,8.635371,-0.7387682,7.0293636,0.5904588,0.48204985,0.40261105,0.36014643,0.45931193,0.501303,0.4808695,0.48425892,0.4589101,0.44556496,0.5019083,0.51623,1811.4872110056333,570.7011664731017,2201.2950311516684,343.9557972027021,3806.3103170955883,1235.0364883860216,25.64226111685505,15.534411402388427,18.603790003140617,18.91714590862839,18.75683196462212,18.37951022042041,17.2663567932161,0.06727699303405572,0.0384630085615179,0.15561001,0.056644015,184.5703125
genres_original\hiphop\hiphop.00062.wav,hiphop,-144.1154,91.673935,73.38274,48.072506,4.689501,43.0916,24.034184,24.83911,12.896577,21.390713,14.024166,16.985264,8.642744,13.393664,6.9087343,13.2062435,-1.2130749,12.520826,-0.84052324,11.576085,1.1626186,10.609592,2.5793064,10.133545,-1.112953,11.307823,3.1418166,9.853767,-4.232443,8.684242,-0.45609257,8.390452,1.6542616,8.056926,1.21355,7.6638713,-0.47557473,6.9194827,-2.0354862,7.847354,0.44480938,0.40886572,0.448566,0.4826049,0.55026233,0.49290103,0.50674975,0.48166564,0.47094992,0.45381954,0.453563,0.46825784,2449.072471257414,1319.661163991461,2508.117491409197,574.8710302048282,4930.6618516290155,2408.9007670021124,24.48073252101704,15.400737221929433,18.335210159784996,17.29017786525415,17.73182751714504,16.976624429866824,15.505295665393339,0.10955073589880031,0.0989761484429806,0.19092278,0.14563152,92.28515625
genres_original\hiphop\hiphop.00063.wav,hiphop,-98.840996,71.029236,71.10852,37.38652,-10.045743,31.27154,31.72339,23.02005,5.1446595,16.920786,1.8752184,16.30084,-8.893279,14.847449,-4.26445,13.336262,-5.962237,13.275771,-4.269474,12.500038,-0.658704,12.124824,-1.8606147,11.251269,-0.5169801,9.511696,2.5744352,9.429171,-1.0586432,9.008015,2.2042828,8.282598,-3.9438968,8.713577,1.2048683,8.194043,0.28331432,7.1031213,0.06957243,7.5300255,0.40628487,0.40397394,0.3545639,0.3925286,0.38469723,0.42467105,0.53462523,0.44555598,0.4456051,0.49163073,0.5817531,0.47974303,2671.0740466843918,1116.0447371962234,2494.7368600221876,507.97812442809806,5320.276162351248,1887.5433341835906,24.760538508580623,16.47313393426109,19.221901469237622,16.54679359620175,17.42190715495691,17.49872944262144,16.07433868704553,0.12218709183920279,0.08564761922394243,0.18616363,0.13190763,92.28515625
genres_original\hiphop\hiphop.00064.wav,hiphop,-82.424774,62.51457,69.95746,26.324163,10.693318,24.507214,48.804077,18.653788,4.6395693,17.628069,13.286027,14.869349,-1.7903582,12.597612,5.122208,12.018945,-1.0849243,11.5713415,-2.7959132,10.017522,-2.5498505,8.814235,0.21808504,9.518976,-3.1269517,8.677658,2.3010356,7.7761025,-2.7060976,7.3708944,-0.78290904,8.001191,1.7319455,6.9616723,-5.139214,7.374844,-5.694948,6.4886937,-3.7939513,5.7743754,0.35329401,0.34746477,0.3343226,0.36401695,0.37509096,0.38976958,0.3742579,0.40017936,0.55558306,0.55366486,0.4605917,0.38783547,2429.9366980056257,815.1815497079303,2575.1768021201756,368.4684435710478,5273.709777265141,1322.6590745528567,26.533441451283434,17.292724068328162,19.877409790619694,16.970288159157448,15.848298326487903,15.955084387330341,16.353529185731198,0.07981168670181889,0.06010688796406778,0.23596337,0.11903664,86.1328125
genres_original\hiphop\hiphop.00065.wav,hiphop,-140.14876,93.16781,77.06105,46.248695,42.029648,26.128819,31.239227,19.80274,12.191809,17.328474,10.215243,14.574581,3.7374847,11.586735,8.286639,10.239041,-1.5532026,10.468053,-1.7558186,11.079919,3.6267605,8.858566,4.589858,8.1634865,-2.5492668,9.817539,1.8537718,7.194915,-2.7621264,6.612582,-3.623143,7.612686,-2.6331491,6.8864174,-1.5240896,6.225187,-2.6590376,6.0670395,-5.086118,5.8279266,0.44587892,0.48705176,0.525064,0.5317705,0.4989128,0.4389432,0.39485395,0.3153827,0.28641585,0.3198982,0.36552373,0.40372247,2447.981517210074,1384.6841054136653,2779.943128693757,530.1028652813962,5316.867849627515,2565.466545748314,24.461150929237863,16.870434211277132,18.29583022704762,16.09160358162803,16.05365179473589,15.561078139807117,15.488152783357249,0.0886033946884675,0.09532570834495797,0.20674568,0.13688642,95.703125
genres_original\hiphop\hiphop.00066.wav,hiphop,-111.84788,86.14812,89.10123,32.953342,13.179902,24.608883,36.344612,20.06639,-3.2759242,16.161413,3.877823,13.1881075,0.5638425,9.972234,6.3377275,10.382311,-2.17961,11.460656,2.979102,10.041057,-1.636557,9.710211,-0.36629114,8.298805,-3.4718986,9.369449,0.7764607,8.598899,-0.23096856,7.209656,-3.1901183,7.2156954,-3.7024403,6.8840885,-4.001075,6.04408,-3.0203526,6.635092,-2.4579573,6.500523,0.6214186,0.5392221,0.34837517,0.2817177,0.24999024,0.21833211,0.3738556,0.32194024,0.378032,0.4336923,0.49542323,0.65511847,2245.1543617872862,868.4423808926737,2484.137881682173,410.13351399112577,4816.095877727119,1654.2677634782642,25.178997154042573,13.948199751220056,18.781657645975447,18.703209650484652,16.25970600537638,16.414871390220082,16.62764326672361,0.0793853854247291,0.05929538458514303,0.18986075,0.12274705,92.28515625
genres_original\hiphop\hiphop.00067.wav,hiphop,-74.77094,58.97711,58.740543,28.178179,9.939784,25.924925,21.570108,17.131687,15.071628,16.485191,4.937729,13.237716,2.282748,13.8989,5.4688973,12.653849,3.120033,11.852776,0.6039442,10.33307,2.466406,10.233441,4.2114406,10.575471,3.4745803,9.491336,3.5953388,9.256437,2.7740335,8.559386,1.884574,7.3489623,-1.7012312,7.849559,-1.1449336,6.273213,-1.3548872,6.5342045,-4.013696,7.4657936,0.55293375,0.48369497,0.5030988,0.4418759,0.40494362,0.42907083,0.45791966,0.5269036,0.54664683,0.54320776,0.5382269,0.5521198,3053.2752032918966,1070.9297927130442,3025.0571235297643,439.9091917230547,6667.5096824811335,1866.8449264483847,24.48546379667604,14.933994964932474,18.28265725746114,16.984109983743302,16.614180070403187,16.082335770505164,14.65118226252665,0.1268197168875774,0.0986723826081829,0.21792412,0.13911241,95.703125
genres_original\hiphop\hiphop.00068.wav,hiphop,-66.06443,74.190285,74.91577,28.477474,20.634378,21.168945,39.27426,19.0557,8.157337,14.238082,15.135332,9.91925,-0.38283703,10.010382,5.5729513,9.150186,1.4617356,8.905497,-0.63366073,9.143782,-1.571073,7.190794,1.4559902,6.522527,-2.414519,6.167862,-2.1937199,6.6611023,-4.3210588,5.8761444,-4.420351,5.4830213,-5.1311016,6.08191,-4.2903647,5.301827,-6.337594,6.1530275,-5.0165033,5.610595,0.333976,0.33248302,0.34684703,0.4052216,0.47596613,0.45107394,0.4437326,0.44600108,0.47241217,0.5801659,0.45039657,0.32702142,2545.058137328884,849.398647151204,2748.0036712223564,391.509289898721,5683.715631349168,1569.2685110584353,24.114769671990555,15.101646498039031,16.156795100250715,15.259954406021164,16.134622118783003,15.67825449155402,16.325784720870363,0.09572391096652477,0.05484551611564479,0.22879635,0.10945791,95.703125
genres_original\hiphop\hiphop.00069.wav,hiphop,-59.209255,62.187237,36.208042,30.510567,39.834282,24.061802,49.976196,19.819822,10.15085,16.637878,16.890434,11.313634,9.76988,12.490449,4.446044,11.166883,2.4115605,10.530717,1.7071006,9.744577,2.3673706,10.203915,3.909562,8.4535,3.2013636,7.6632705,2.6227622,6.4382343,3.218716,7.119817,1.4757419,6.133515,-0.6944125,6.0225034,-3.1585226,5.634474,-2.1044989,5.399371,-2.3737836,6.0144176,0.42728502,0.41079268,0.42449716,0.419607,0.41519514,0.43078962,0.45414025,0.5111298,0.6029079,0.6815228,0.5905432,0.5065129,3299.440188118393,997.6553343027208,3139.542709498119,293.23741617183293,7082.1738417303595,1201.3846402945285,28.353468274080665,15.617305208919534,18.71631576041978,16.486851140782917,16.88832473785441,15.808043583965256,15.36730220744363,0.1209660107875387,0.08406286091375782,0.27176604,0.08286679,129.19921875
genres_original\hiphop\hiphop.00070.wav,hiphop,-81.68595,70.41348,82.33596,32.43349,53.54203,27.377565,25.494244,16.597015,15.711485,14.603503,19.212008,9.400111,8.4409275,8.8212385,6.372037,7.944572,0.20460081,8.885416,0.15445593,7.6976624,1.1984615,6.763733,1.5259027,6.106149,-0.725247,6.186425,1.3517001,5.9779196,-0.3828335,6.1588793,-3.129231,4.948622,-0.4921671,4.9134583,-0.73947495,4.802352,-3.7766733,5.171222,-2.505176,4.8295255,0.33892247,0.29447767,0.31911606,0.33408684,0.4201107,0.55901325,0.53897655,0.51361877,0.48122507,0.4530856,0.49717557,0.42107353,2501.25903379901,1115.013292127112,3049.6607535011344,566.5631586748959,6028.555212818063,2499.2560957100873,28.397627646100496,15.903903352391444,18.290824351156193,16.034820142033055,16.1378995456838,16.48636916350239,15.290204402597478,0.06926450936048761,0.05538221686108912,0.2787715,0.07466477,95.703125
genres_original\hiphop\hiphop.00071.wav,hiphop,-78.69876,56.527405,51.460278,32.1777,42.21705,17.24027,30.076286,15.529725,20.110865,15.004673,6.993341,10.428092,8.018718,10.763316,6.883307,11.002093,-4.6201587,10.588813,3.6496065,9.905926,3.6401927,9.512929,4.3249474,8.396316,2.607875,8.5415745,0.76624197,8.306062,-9.1659775,8.288138,-2.1590145,7.1169586,-2.6716974,7.3770704,-5.5222917,5.8052154,-1.3241625,5.6617126,-2.4780135,5.867316,0.48330545,0.53624445,0.5632622,0.49955022,0.38253862,0.349945,0.3515981,0.38649675,0.34645936,0.32895297,0.3012972,0.31691188,3186.910019337875,1154.579514216882,3286.573770075949,338.3367440880906,7476.671456257256,1495.543340947755,29.824823804624437,15.993848980099726,18.112661529248058,15.57397602580805,16.547134320820604,18.039205495699488,16.5270910316761,0.10757606907894737,0.09980100434615782,0.2470289,0.09063139,95.703125
genres_original\hiphop\hiphop.00072.wav,hiphop,-118.020584,66.70081,102.3068,34.922726,20.772593,23.543596,37.010674,16.774908,24.395523,15.905177,7.802754,14.570667,15.927474,10.379999,-1.5940946,11.872778,6.763179,9.758238,-0.7802005,9.169295,8.579758,8.457245,1.473606,8.237645,-4.2227297,8.684007,3.0189223,7.359423,1.010989,7.892457,-0.9802994,7.045287,-5.466814,7.19846,-1.3039749,6.5081286,-4.241458,6.31807,-5.0074196,7.6337924,0.42928553,0.38965976,0.38120332,0.5117002,0.50105596,0.480091,0.46960458,0.45132577,0.4139971,0.3737343,0.43622732,0.41896275,1818.8189646845494,858.3799195899975,2521.696700963498,556.4974432121601,3999.725814205205,2187.3764401022245,26.51897541793692,15.763490913491278,18.177067918600716,16.842889133420606,18.27047957709565,16.708688629157397,15.08585943089837,0.05136250120936533,0.0429036224468246,0.25294384,0.11673583,99.38401442307692
genres_original\hiphop\hiphop.00073.wav,hiphop,-78.25045,78.31841,70.18874,34.83954,45.908947,25.897127,42.07599,17.90114,15.097313,14.616725,10.689846,11.133667,-0.6920255,13.861881,-0.61052036,10.110739,0.37156433,10.796855,-0.35092282,10.126794,1.102735,8.844344,-0.6717469,7.0762634,-0.81453276,6.7346315,-0.81118035,7.1146226,-4.241297,6.692335,-6.08405,5.903481,-2.9617288,5.6909623,-3.7095819,5.8911552,-4.6067276,5.825709,-4.981908,5.562781,0.3359839,0.30694515,0.40289202,0.4598538,0.54256684,0.47732392,0.5244108,0.5158478,0.37044957,0.31284806,0.37983647,0.44122297,2566.5587161240874,1201.2357318741795,2942.3925463630508,492.5265987453146,5931.505799662587,2152.637919719348,25.83628451045368,15.230437038233841,18.42786894787691,16.743674503165266,16.237254758568724,15.274898691556086,14.517730808334885,0.08562004160216719,0.09636948454785406,0.30033332,0.1181736,92.28515625
genres_original\hiphop\hiphop.00074.wav,hiphop,-68.78752,57.3651,62.373886,26.576069,24.279097,26.268711,53.785713,19.726019,-1.9191564,15.506088,12.823493,10.340503,-4.35876,10.678341,12.354515,8.567975,-0.22019345,9.999632,9.053527,8.437112,-0.9775518,8.038999,3.94197,8.006043,1.9162539,8.555869,2.2540574,6.9593496,-2.5221894,7.580054,-3.5294874,6.536173,-2.924685,6.6689005,-3.6497655,5.728713,-3.4206944,5.606504,-3.7197106,5.5407014,0.37533107,0.42153051,0.50894654,0.54864246,0.5274853,0.5135301,0.44495443,0.46477664,0.4971748,0.5542002,0.43978342,0.3909819,2775.2916756205336,852.5090240662815,2712.623765856432,342.4601360955736,5969.305571092541,1246.0202029105353,26.914944637404762,14.800492782217532,16.605161904977717,15.667642325989483,15.738917213950511,15.044920513748158,18.135711818601507,0.11079033535700464,0.0685627744887422,0.2083498,0.1016799,99.38401442307692
genres_original\hiphop\hiphop.00075.wav,hiphop,-94.57142,66.224915,51.723648,43.112194,17.519943,28.937916,28.904242,24.354559,2.0637567,18.964603,3.7271113,16.709812,-1.8516203,15.342034,4.36836,12.979555,8.781322,13.903642,2.1316023,13.923013,-1.3799784,10.613436,4.6916013,10.24382,4.077907,9.9334545,0.014572994,9.091389,0.2137586,7.9361744,-0.43703666,7.430287,-4.119476,7.330827,-1.1030105,6.8853374,-0.1276486,6.798381,-2.763157,6.718961,0.44054505,0.38206887,0.40238693,0.388746,0.37330928,0.4053581,0.45229772,0.5329032,0.5384003,0.5296474,0.4927242,0.47580236,3139.6055959793957,1334.6313196857147,2849.977206991544,370.0774351909129,6335.611689422891,1831.2173802979673,24.752041720294006,16.781843603357828,18.362094814858,16.822241704415124,17.00264017021786,16.340578114538108,15.483845256819535,0.146737207938274,0.12990981339934424,0.19167505,0.122510776,92.28515625
genres_original\hiphop\hiphop.00076.wav,hiphop,-111.22915,83.850876,89.94116,38.037388,4.453146,32.65532,14.530579,19.927769,9.934057,17.654823,-9.441967,17.699108,2.9049582,12.416235,-0.13894077,13.241563,-3.0650673,12.782623,3.2723684,10.947417,-1.4969656,10.621975,1.5704437,9.443118,2.3964047,10.742345,-1.1631626,8.127064,0.87109846,8.595346,0.6744047,8.7936945,-5.169126,9.181849,2.7299318,8.300631,2.3492882,7.722654,-0.25580817,7.4237695,0.5565381,0.54610306,0.49201357,0.35870925,0.40002796,0.3838038,0.4274362,0.3395766,0.3201173,0.36479774,0.3982729,0.5124862,2328.3253525938053,1137.4009677605445,2627.229475693976,609.0497034778957,4934.945159061775,2413.4154366262433,19.764702269077237,15.926417286465146,18.69340330086064,17.44790034959886,17.80087924528718,18.41119702083451,14.818145977822967,0.09669745005321208,0.09072237596777008,0.23721823,0.1664575,95.703125
genres_original\hiphop\hiphop.00077.wav,hiphop,-25.853546,57.511536,70.94636,33.755394,9.548489,24.999962,17.47975,19.976189,-1.6311871,18.354015,-0.54743624,16.180016,0.26069012,13.044826,-4.6436267,10.878167,-0.58592576,10.795126,-3.0860727,10.2035055,-2.4065418,12.04671,0.386539,9.073529,-2.158143,8.844164,-0.34495538,8.699333,-2.3784096,8.641981,1.9354964,8.402933,1.3124205,8.25719,-1.2795857,8.126525,-2.0184257,9.171834,-0.19688794,7.789922,0.52599066,0.44858837,0.4353208,0.5317115,0.41271916,0.3369278,0.38562244,0.50184184,0.46861815,0.44258934,0.50999564,0.5312123,2986.424482322364,972.5485708663354,2899.9735732795793,468.7235626581154,6403.169614242695,1892.3859476400528,23.029267384483653,13.890571100314409,16.712465485755217,16.77728889923308,16.63210593338989,17.201860036229473,15.434143288156122,0.13766243288022445,0.07940125650442796,0.23842552,0.08487874,117.45383522727273
genres_original\hiphop\hiphop.00078.wav,hiphop,-111.22915,83.850876,89.94116,38.037388,4.453146,32.65532,14.530579,19.927769,9.934057,17.654823,-9.441967,17.699108,2.9049582,12.416235,-0.13894077,13.241563,-3.0650673,12.782623,3.2723684,10.947417,-1.4969656,10.621975,1.5704437,9.443118,2.3964047,10.742345,-1.1631626,8.127064,0.87109846,8.595346,0.6744047,8.7936945,-5.169126,9.181849,2.7299318,8.300631,2.3492882,7.722654,-0.25580817,7.4237695,0.5565381,0.54610306,0.49201357,0.35870925,0.40002796,0.3838038,0.4274362,0.3395766,0.3201173,0.36479774,0.3982729,0.5124862,2328.3253525938053,1137.4009677605445,2627.229475693976,609.0497034778957,4934.945159061775,2413.4154366262433,19.764702269077237,15.926417286465146,18.69340330086064,17.44790034959886,17.80087924528718,18.41119702083451,14.818145977822967,0.09669745005321208,0.09072237596777008,0.23721823,0.1664575,95.703125
genres_original\hiphop\hiphop.00079.wav,hiphop,-79.74996,92.23022,62.275124,38.604103,-5.1084466,30.624521,18.229969,23.507395,12.862356,17.315184,-14.114573,19.884792,4.9116673,15.12267,1.6750953,14.721407,-5.7800555,12.056768,0.81444377,11.736747,-3.8078806,9.990953,2.0120642,9.163191,3.4144382,9.110566,-2.8724234,8.899111,1.2645156,8.106775,1.752267,8.147717,-2.2722964,8.010113,-1.0350904,8.860775,-4.6091976,7.836748,-2.822466,7.441815,0.43936253,0.49363184,0.4554978,0.43335557,0.38191742,0.36538324,0.35709998,0.37230298,0.38679874,0.44824928,0.52793944,0.46575058,3213.1475995725405,1188.1316910277942,2834.0488919453637,576.223708141719,6312.970159666457,2322.8472458219903,18.303735528500745,15.566559084437023,18.080255621228233,16.455014469782732,17.195658000473596,20.00603582162981,15.454005656324194,0.17240182976973684,0.0990537943228101,0.15468617,0.068735406,103.359375
genres_original\hiphop\hiphop.00080.wav,hiphop,-64.00121,42.47057,50.804565,25.731796,6.6021595,22.130013,27.830774,15.9736,6.6337037,13.7839,0.29855335,11.438692,2.8219564,10.894972,3.2134213,9.866435,0.16524182,10.699673,0.6103197,8.685261,0.09556545,8.4214525,-5.067103,8.205916,2.66281,8.77296,-1.637957,7.948686,3.1019537,7.8803906,5.1521454,7.7828465,-0.835596,8.625813,4.8471527,7.287589,0.24540167,6.3717213,-4.849838,7.134487,0.37599334,0.3383529,0.3260327,0.34304065,0.33509097,0.33203506,0.3359068,0.4021339,0.54669493,0.57131004,0.5039465,0.43228894,3377.342805929625,905.5306248219549,2996.5226327289342,369.1962600932496,6892.483322096314,1500.0483244954942,21.042489487861964,14.797156653593394,18.097777809056954,17.014135359821942,17.027351530281425,17.032987778106367,14.752391786574485,0.15500095237519348,0.08521252116440894,0.14134684,0.025478497,95.703125
genres_original\hiphop\hiphop.00081.wav,hiphop,-216.06976,70.84854,122.55899,23.0791,0.93731594,27.715181,39.356617,17.61355,9.2882185,15.914776,26.045794,12.638853,-4.027806,13.137778,18.256382,10.476891,-6.51141,9.891802,13.911774,9.514298,-3.072288,9.095381,8.876831,7.1552687,-4.358553,7.630332,4.691729,6.774652,-0.10699996,7.5783815,0.9101864,5.7464123,-1.9222296,6.069736,-1.7801149,6.3782063,1.1610223,7.1118636,-4.025159,6.397151,0.7080005,0.77928746,0.66867954,0.47638354,0.43976563,0.3833475,0.36759496,0.39512846,0.5493146,0.49909157,0.4567209,0.5237096,1469.3760072038708,595.427806701437,1954.5243317193638,424.7213584215069,3277.0468508126937,1626.1577132235054,18.17071436635698,15.022784366214202,16.852723448873302,16.10375595407986,16.430454993038566,16.693610989974562,36.96473864421517,0.05177973224651703,0.0340655774958351,0.08638297,0.05822854,103.359375
genres_original\hiphop\hiphop.00082.wav,hiphop,-122.780525,30.961432,95.06129,22.570797,-29.36325,16.996162,46.780045,10.978466,-15.998563,11.412783,27.117586,9.443745,-13.113779,11.11473,20.258003,9.740008,-5.389465,9.049091,15.459252,7.591432,-6.909567,8.254223,15.645838,7.614941,-6.707096,7.556241,8.281756,7.2618876,-0.7531098,6.9816737,9.420004,6.153193,1.2628136,8.00202,1.6747185,7.4494743,0.48605138,6.505118,1.6133198,6.76013,0.46305305,0.47137037,0.46447447,0.43799403,0.47152588,0.4651566,0.48364154,0.5854245,0.52976006,0.5451239,0.6280493,0.49785745,2290.107317796501,618.6366940039868,2181.5890272480765,242.8595318140598,4819.512523733794,940.7951666101752,17.72592705358478,13.359059166317133,16.956939839256016,16.92981615842761,15.93365183909545,16.27650285856354,39.88828534056744,0.11322947404702012,0.06968862347025029,0.10228207,0.046146013,107.666015625
genres_original\hiphop\hiphop.00083.wav,hiphop,-122.01623,43.066223,89.59382,19.957981,-25.749514,18.56244,40.978493,15.457911,-4.280537,13.535423,27.57391,11.872677,-15.565974,12.732246,22.4104,10.521813,-10.840677,8.794215,19.818462,9.686815,-8.638997,8.833035,19.100218,8.705739,-8.472635,7.870273,9.432505,8.178551,-3.4016783,7.9032288,0.98333335,8.100957,-5.6490164,8.379728,2.0140295,7.949364,-4.319846,8.180081,1.8859327,8.143013,0.4370868,0.49695024,0.50732636,0.46173143,0.4215291,0.4469443,0.4257852,0.42503598,0.45195928,0.4306366,0.43348926,0.43663454,2368.0288949553296,559.9765796520634,2303.345664523038,260.2934405122717,5017.786324799245,1028.0078837397186,19.246320544938342,14.610380671263604,17.572868068847757,17.29290433910812,17.70520400367788,17.21812428516655,41.24541886466591,0.11085004776993033,0.05949677964130322,0.11063568,0.0520417,103.359375
genres_original\hiphop\hiphop.00084.wav,hiphop,-214.31303,64.964264,100.31755,40.494778,-33.45657,25.165005,47.259487,23.737991,-8.953328,19.424643,12.991591,18.584188,-17.322504,15.187782,11.068475,13.307436,-11.724059,13.01362,8.812742,11.1115465,-7.8322988,10.019125,6.2648187,9.320723,-0.10495942,9.946442,4.896774,8.220011,1.1980613,7.916248,3.7862828,7.0147,1.4717627,7.5265822,3.4848027,6.9039135,0.65265834,6.679732,4.15107,6.5326447,0.43966523,0.46548906,0.46582323,0.5163846,0.5874702,0.6246186,0.5704275,0.56334794,0.51435196,0.4678603,0.48090574,0.46393153,2044.4018831699118,767.8853296322789,1933.7322920186132,374.46997864131396,4075.008692313274,1371.8315909089674,20.95744559319935,13.439803071652358,15.96231937319083,14.315722833186944,15.976014444142445,17.468743031472588,36.23362120017947,0.10514864611551858,0.07075722774378784,0.065886386,0.044810835,112.34714673913044
genres_original\hiphop\hiphop.00085.wav,hiphop,-114.30269,39.849854,80.86408,19.153135,-18.181608,19.838167,50.662548,14.01778,-14.933624,14.048144,29.2647,9.319245,-20.050333,9.929338,18.588346,9.001486,-17.686914,8.189671,16.67295,7.6800237,-11.416136,7.5425243,16.297127,7.669122,-4.473333,7.9429426,10.56288,7.2476406,-4.071208,6.785691,9.144475,6.208147,-2.847377,7.360652,0.63792807,8.070591,-1.996902,7.319952,0.57026917,8.598386,0.42813507,0.47543365,0.4525944,0.46697468,0.47373867,0.45336735,0.4360777,0.4792307,0.49392775,0.5159186,0.5556895,0.49049416,2607.901477732147,552.168719023096,2392.1949496304064,233.51536583400167,5535.341528547068,804.8486810742642,21.284379394240815,12.492023163843731,17.33051470198698,16.714827704334496,17.057354819876053,16.318039786083908,42.48134211230808,0.1272399713380418,0.06848580563477694,0.1062111,0.044128634,112.34714673913044
genres_original\hiphop\hiphop.00086.wav,hiphop,-198.97505,56.609875,92.61563,27.200611,-19.53599,19.555325,39.540478,19.696857,-0.6448095,17.194221,33.591434,12.952145,-6.4655647,11.336396,27.517143,10.397577,-2.412998,9.59584,14.994363,10.917262,-2.9805148,10.417505,14.907302,9.80042,-3.3871675,9.315124,9.281903,8.059222,0.8351726,8.538064,8.28487,7.5068297,-0.5857253,7.8635006,-1.6136752,7.984476,1.2587285,6.784014,3.052636,7.586296,0.4492399,0.43485782,0.42451653,0.40108156,0.3542444,0.37072653,0.47580108,0.5687585,0.6631311,0.70836776,0.50021505,0.40713087,2083.393807295725,666.0861683484418,2197.9591095089268,330.07168180765865,4478.756250907024,1324.9844813750751,22.402350799140727,12.103122402940587,15.867790885764824,18.554630682326664,17.90496339308019,16.278694094716318,37.8001173085357,0.0798679977747678,0.054212003302452946,0.07905022,0.042461634,99.38401442307692
genres_original\hiphop\hiphop.00087.wav,hiphop,-168.34709,53.234596,70.93957,16.545002,-3.0408056,19.9694,54.825478,11.123246,-12.10462,12.738067,30.515268,11.45788,-1.5212907,12.996946,28.844463,9.619659,-8.925714,10.517389,18.759966,7.156779,-6.600791,8.995492,14.6028805,6.341418,-3.5750637,6.964828,14.192752,5.3437357,-3.9637115,7.003396,6.93011,5.3459673,-4.171835,6.1297817,5.868638,5.08492,-1.5135263,7.355807,1.2838981,5.740204,0.52857935,0.4938487,0.54598606,0.5658147,0.5695087,0.58209664,0.6061562,0.673936,0.6517296,0.6397151,0.60336673,0.54482245,2472.488643988058,714.3774531225263,2499.681708769723,248.3601454503585,5509.025021012722,1060.277632972436,21.96824708782785,12.597640717744873,14.121236823833513,14.711606569983603,15.904042979299044,15.058599579850524,39.876840774173175,0.08769334728134674,0.07454955775346428,0.10804736,0.052359212,135.99917763157896
genres_original\hiphop\hiphop.00088.wav,hiphop,-89.86678,44.824085,79.76334,19.016487,-25.737309,20.618301,47.726387,15.078652,-10.019151,13.820609,31.556944,13.265566,-22.19752,10.520953,26.661226,10.37454,-10.976785,9.491953,18.823181,9.333162,-15.565013,7.4249234,14.414716,8.5659895,-10.038895,7.8395495,8.900903,7.858786,-8.932949,7.121065,7.2392864,7.851221,-5.013773,7.254807,3.1289532,8.061132,-4.7381425,6.7450285,-1.5847808,7.606098,0.46507826,0.4727787,0.48848623,0.4074981,0.46004626,0.46310988,0.38470155,0.4116501,0.42824066,0.5192207,0.5220351,0.49726617,2694.9757203214963,524.8135730881527,2389.2350164364775,222.65350743252168,5600.091137015044,833.6126571987041,21.3334137061783,12.783908049446808,16.806228797114596,17.00174284034072,17.838719817693203,16.050572725114876,43.052413861348306,0.14991216984326625,0.05604475089565262,0.118590504,0.041931268,117.45383522727273
genres_original\hiphop\hiphop.00089.wav,hiphop,-103.13827,41.345066,74.09022,19.923952,-22.43464,17.707705,51.60479,11.6352005,-7.0798135,11.927184,32.670975,8.473227,-14.993524,8.221327,19.642502,7.957322,-7.0712337,7.774575,22.27215,6.716802,-7.3240576,7.7276697,17.611782,6.731166,-0.045685332,8.058331,14.720984,6.4491234,-4.2429547,6.5475945,10.659666,6.3631144,-6.337611,7.27005,1.0340246,6.858442,-1.8354766,7.184413,5.550285,8.173281,0.49257648,0.63113064,0.5252251,0.47302932,0.51031184,0.5472687,0.4785095,0.46805075,0.5430188,0.46151298,0.41944927,0.42965972,2670.154564498446,581.6749314015085,2396.6483338279327,266.1471671208643,5527.058245301616,967.5928007946957,21.59511588288959,12.921290713200488,17.648409938690705,16.99039596477368,17.481943982795578,16.44535634211514,42.31905923880116,0.11762400529702012,0.058755908846497555,0.12070812,0.044218782,123.046875
genres_original\hiphop\hiphop.00090.wav,hiphop,-109.50918,30.75067,97.389565,15.7194605,-20.619621,14.971019,37.366673,11.362642,-3.1259978,11.096058,28.611204,8.866919,-14.169424,11.387833,23.86211,8.557437,-8.736171,8.883478,19.892464,7.7517614,-11.298631,7.6717396,17.939692,7.135583,-3.482387,7.0605745,8.219098,6.799115,-8.952911,6.72511,9.264581,6.2880383,-4.989858,7.2337627,1.8386621,7.890762,-2.2514331,7.512415,0.67537093,7.548683,0.5084267,0.43667915,0.42345262,0.4749788,0.5690552,0.52269095,0.4586687,0.45641607,0.46733522,0.4923442,0.4979897,0.48113504,2272.8344394005203,471.6133962946825,2327.2378038657807,228.6434811442006,4965.044977052293,975.9180172328696,21.58398088296713,12.529012127332027,16.405950663026104,16.40128938078574,17.45592433621448,16.48490723565238,40.9261312868447,0.10450163566660217,0.04792195262566319,0.109101996,0.042227626,151.99908088235293
genres_original\hiphop\hiphop.00091.wav,hiphop,-105.56951,45.571636,76.67491,18.518349,-24.774305,20.0115,55.19899,14.18411,-8.257658,14.802141,28.899265,11.29841,-15.7475815,11.991384,26.304575,10.340538,-8.49144,9.736747,20.454643,9.035248,-8.151382,9.349999,13.922347,8.919997,-6.5663133,8.355463,9.869241,7.299575,-4.8636723,8.738638,5.876529,7.6267304,-1.9471784,8.394885,3.965411,7.093503,-3.6028059,7.8785725,-2.288011,8.217223,0.48958278,0.50616795,0.5015624,0.5258125,0.6087076,0.6299615,0.5486999,0.50465155,0.5137084,0.53796923,0.5613818,0.47718334,2628.9767336632103,510.77867525020974,2350.956242233718,227.70497127744983,5411.725609368953,801.8090006289567,20.521012169117352,12.277168578414539,15.693374555756838,15.664287525939685,16.785975604154817,16.689250608799533,42.24940125732958,0.1385550956607972,0.06432433103985193,0.11357303,0.043359824,103.359375
genres_original\hiphop\hiphop.00092.wav,hiphop,-144.99234,43.78442,84.061775,16.755926,10.848203,21.109896,43.601334,13.643213,6.2818995,18.862417,36.12911,10.895156,-14.662279,11.467673,26.805468,10.577126,-10.33603,8.852646,24.696184,8.757903,-8.72415,8.127778,18.79265,7.4643655,-4.396879,9.77498,9.877954,8.164451,-8.135771,7.2315083,8.817563,7.14546,-7.885718,7.0216827,2.8736496,8.204242,-4.3461523,7.193353,-1.117504,7.1724434,0.42480984,0.40238532,0.38756678,0.43820664,0.481031,0.4144091,0.39721832,0.46261615,0.5681729,0.6984361,0.5864794,0.47206053,2330.839628497738,526.0419075507373,2664.2056814269617,264.6224846138203,5837.598034176664,1075.9473766308565,22.341481846053732,13.84817969751454,17.769642359354037,17.495408224689047,17.393324952338453,15.531980939050984,41.8373091343765,0.07263901654411764,0.03913107712171369,0.12256441,0.03985091,112.34714673913044
genres_original\hiphop\hiphop.00093.wav,hiphop,-191.63844,57.490124,41.317802,20.09431,4.9924994,21.159533,65.465614,14.867857,-4.3202295,14.511747,42.641537,11.645108,-12.2531595,10.807993,23.817207,9.105279,-4.2732596,9.860632,16.03992,9.371859,-5.085685,9.894496,16.431042,8.63956,-9.372978,7.7180715,6.6640673,7.0725784,-2.7305558,7.4878616,-0.44324708,7.6475596,-7.4212728,7.6784096,4.5704155,8.780613,-6.97458,9.083846,2.4684422,11.119693,0.44684532,0.4270952,0.42589566,0.46762836,0.56522703,0.62458116,0.4971635,0.46919814,0.4617619,0.44724587,0.44282764,0.442787,3185.1421645019136,653.3334091803284,2603.5388708639575,169.9172361804653,6277.937038173616,551.6452976044718,21.819753327949666,15.471205142556114,18.578767796637216,17.27707869389791,17.35711270727633,16.043943400706116,41.2624406623356,0.15219749238099844,0.07451131650185373,0.06723458,0.044226043,117.45383522727273
genres_original\hiphop\hiphop.00094.wav,hiphop,-169.93532,53.41835,98.057625,26.386795,-11.311489,20.15293,38.265522,16.194994,5.069619,17.504477,25.395584,14.910469,-11.830673,13.363026,25.108501,10.19547,-5.558388,12.106993,19.205223,9.55475,-2.9109883,9.76623,18.213062,9.115161,6.1053805,9.412605,13.954815,7.7097845,-0.30130035,8.411141,12.484424,7.808005,0.4084341,7.6337795,1.6486975,7.148063,1.5285935,6.8178205,2.8091319,7.229153,0.5304389,0.4304799,0.35271254,0.34291086,0.35186398,0.34101287,0.3641917,0.4313122,0.5366595,0.61505055,0.6036298,0.60704255,1929.58613956606,557.4955017550604,2249.2447287206037,362.92475845622494,4411.223325936049,1411.8507940349475,22.00224599239651,15.789988666256837,18.859160093164434,16.91638381499548,17.541856173736605,16.86073713858486,39.03814478041777,0.054190904363390094,0.031067624946908803,0.110711865,0.03650249,151.99908088235293
genres_original\hiphop\hiphop.00095.wav,hiphop,-92.59166,37.59501,77.41268,19.05187,-32.75637,17.202415,54.59612,11.7049465,-13.199195,9.31059,33.65628,9.095371,-12.085772,8.920383,28.015388,8.256364,-11.966782,7.742747,18.82935,7.144256,-6.6704774,6.8333473,13.036639,5.4597178,-7.0213475,5.733805,7.0742073,5.617134,-4.5371237,5.5480514,6.4979115,6.1746054,-2.9733756,6.6016803,3.7062724,5.999764,-5.411391,5.855489,-4.21347,5.832988,0.57820797,0.512527,0.5176576,0.52416676,0.5505076,0.5555652,0.57127154,0.6083285,0.6382327,0.60605633,0.5337345,0.5520485,2735.79580212033,529.2709606822581,2295.456105176156,225.61724004292972,5419.742227560227,813.763847412755,18.533102055347655,13.418283094148926,15.211662455378201,15.033174956192843,15.231198084300736,15.742635986242695,42.770727141729076,0.15760335538409442,0.053788006120084185,0.10348285,0.04232817,112.34714673913044
genres_original\hiphop\hiphop.00096.wav,hiphop,-128.15352,47.08494,124.5842,21.481506,-37.200493,20.380919,43.892124,16.376892,-12.789882,18.150007,18.988998,13.088835,-9.285406,11.795627,19.78161,9.452631,-6.8781185,9.392748,13.47749,8.305255,-5.979898,7.9556603,12.329025,7.4653897,-4.652768,7.420415,5.8328543,7.25152,-2.8728828,7.374277,3.6824682,6.6210876,-1.8806285,6.6748333,-0.13902052,6.0723433,-2.0508018,6.2444997,-3.2196095,6.344616,0.37717724,0.37524,0.4155635,0.48966256,0.5750036,0.5030997,0.36736968,0.34508333,0.4065752,0.4202435,0.40545428,0.41650304,1752.0147471390123,402.5986833623539,1811.3360784876797,262.2465695757259,3488.9455694901317,850.9790566715749,19.89559821691317,12.943709246471803,17.46404039143847,17.094092711771207,16.029456804871597,17.03022811625612,37.36020827651035,0.08312648147252322,0.03025657754202929,0.11082602,0.03707976,107.666015625
genres_original\hiphop\hiphop.00097.wav,hiphop,-111.189964,34.673237,80.63883,20.337034,-0.8759601,15.760802,50.6178,13.72548,-13.474105,14.697983,35.3258,9.26701,-14.840684,9.719268,21.193808,9.4809675,-13.577968,7.37109,19.628597,7.9864264,-11.768655,8.071839,16.968807,8.647623,-9.362856,7.541147,8.700684,7.5614915,-9.8925495,6.711425,5.8139815,7.2734246,-9.137596,6.7029934,0.8777112,8.060784,-5.991048,8.469615,-0.30923557,8.160405,0.47624326,0.4854049,0.49322605,0.5829414,0.5244465,0.43195316,0.40933642,0.40669832,0.44015577,0.44421846,0.49655274,0.49447963,2581.727525217468,589.0953867445974,2526.2174649347,199.13393365466175,5731.648674837945,786.4871716699448,21.560742459071776,13.83274555129805,17.216454389688067,17.195367091185688,17.27771395647212,16.29466191160798,43.233811731914386,0.11598796076818886,0.06468443705546123,0.11850105,0.04175105,151.99908088235293
genres_original\hiphop\hiphop.00098.wav,hiphop,-129.95169,43.884785,72.02137,20.23504,-23.253374,19.993103,63.230637,16.715961,-6.873469,13.362683,34.400772,11.790065,-12.189914,11.198961,30.506071,8.66393,-7.582158,9.530693,20.604498,7.5005426,-6.197449,8.046961,14.683234,7.843545,-2.939595,8.317755,9.047846,7.0132957,-4.7400894,6.716602,5.3837643,6.973447,-2.4144325,7.600023,1.6269447,6.738779,-5.98083,7.78755,-0.8234167,8.018247,0.5032559,0.588157,0.62524897,0.53890115,0.49189878,0.45909864,0.44030544,0.46691176,0.5830715,0.6088255,0.5563083,0.5400724,2538.2434921295203,552.9533027818932,2341.4445993119357,221.31909180540978,5353.284296088913,793.6124120742023,22.411468764480237,13.209085766051475,16.56684591036312,16.31212559219724,16.789446478029305,15.628397031164942,41.78409744796617,0.10066983721942724,0.060083712715288694,0.118977465,0.046459913,107.666015625
genres_original\hiphop\hiphop.00099.wav,hiphop,-138.74834,60.825478,100.20922,39.588196,-31.457195,32.408867,32.444756,23.6007,-2.7770364,17.84099,13.111023,17.908337,-14.509458,15.133062,13.948756,14.013211,-15.169027,14.445017,8.204797,12.359145,-4.9205856,11.716836,3.5231583,11.120859,-7.9803023,10.486011,0.79932106,9.57671,-2.9753177,9.76193,-0.7297646,7.9363985,-7.7199607,7.2271824,-1.2179403,8.554073,-6.522993,8.5660715,-5.395183,7.762793,0.3767803,0.45188048,0.59670085,0.4716998,0.4084381,0.3763029,0.420003,0.41704747,0.4461874,0.480733,0.37278223,0.35286573,1963.1932861624277,822.2186569944606,1917.2885221655054,360.66605370665667,3798.86869542739,1474.8173202163366,17.739124069702058,15.106841636339103,19.00688667946061,17.65345057675885,18.015277864272353,18.170608104741817,38.93596211707123,0.1015708143866099,0.0660666895657862,0.15373959,0.12210288,107.666015625
genres_original\jazz\jazz.00000.wav,jazz,-251.99103,110.23337,137.88876,38.292732,-11.156676,27.044182,8.355846,10.955053,0.7175982,10.834596,1.5888838,7.297317,-3.7369921,7.502445,-4.1388264,6.1868644,-5.510426,6.5994725,-2.6428099,6.1247745,-3.535575,6.563595,-3.1450665,7.690278,-1.8456104,6.619096,-0.99968755,6.4194407,-2.5880935,6.9932694,-1.9635668,7.0923667,-1.5052294,6.412164,0.21605925,7.460897,-1.9949425,7.073491,-3.3498683,7.0633454,0.44117993,0.30499023,0.32514846,0.4008048,0.45688304,0.33339858,0.21857218,0.36204487,0.38764855,0.32197264,0.28432798,0.29694736,1504.4850155324564,744.7313239492752,1754.5156757138323,532.6608703764779,2800.499732427922,1638.9394682243778,16.216299763031056,14.517789836523324,18.806116020314537,19.431904994392045,20.54045956656123,19.6397345836351,16.407647767083542,0.07846437814434984,0.0494446034440216,0.046762493,0.039286356,123.046875
genres_original\jazz\jazz.00001.wav,jazz,-345.7682,100.602615,146.9814,35.910698,-0.49109605,22.84457,22.638971,11.60735,5.8185916,9.836403,10.342899,7.394785,-0.1702682,7.331483,-1.7211475,7.5539246,-6.119701,6.853716,-0.5134584,6.948243,1.0318328,7.2162385,1.2220972,6.8019886,-1.9446281,8.026571,-5.553698,7.896914,-4.403473,7.322528,-2.5995615,6.6355963,-5.1962686,6.5741334,-5.426081,6.7603784,-3.129261,7.247136,-0.79394495,9.915125,0.35441396,0.32362077,0.32672548,0.29784355,0.3659657,0.5559316,0.37352985,0.27731848,0.23306794,0.2573648,0.23908217,0.3329977,1266.346201396591,549.6303879927284,1691.3184537804075,466.36336390827563,2410.285425333785,1334.427638729224,17.99745781841852,15.142395219767451,19.427127929300514,20.34224074242765,20.89606380624775,19.720014448836608,17.346973834734367,0.0592777972619969,0.03278287404369276,0.022791114,0.015462553,135.99917763157896
genres_original\jazz\jazz.00002.wav,jazz,-257.01797,79.84788,175.31583,34.876022,-44.81547,32.908546,25.663235,20.111507,-4.2567415,15.329547,-0.22128816,10.609451,-11.323123,9.7083845,-9.186279,8.588815,-4.0999317,9.279309,-8.300055,10.313357,-22.553421,9.955557,-7.608669,8.433738,-7.6533217,7.5902195,-11.745615,8.966366,-8.175761,8.378684,-7.5016975,6.3194933,-12.297941,7.399006,-6.7714224,6.7617536,-3.4978843,6.4382067,-8.646908,8.569479,0.3992212,0.3267128,0.2291169,0.18751387,0.12928137,0.23963049,0.20663731,0.18866202,0.24314873,0.31144714,0.44166243,0.3084985,1064.8215157992543,401.4757520134904,1050.3378104695198,249.26470789105304,1896.0802013290925,699.186890626153,25.15344171541605,21.424457587916624,25.78748315913293,26.04727494962529,28.469447242796463,26.16269296255588,28.385440845213953,0.0578726659249226,0.030455296666549118,0.080827355,0.031509887,151.99908088235293
genres_original\jazz\jazz.00003.wav,jazz,-297.2327,99.31298,193.09448,29.56968,10.135854,33.580288,-1.6042597,15.968615,3.4037552,12.075495,9.997605,10.171669,-7.269057,12.015541,4.6904345,8.853389,-5.3988442,9.3997135,-2.8661933,9.483949,-10.235335,7.1458526,0.38492396,10.044788,-4.966055,8.527118,3.2423825,7.1874175,-4.478282,6.418023,-1.8856791,6.8843484,-2.2746387,7.3928533,3.8804512,6.2345085,0.34528282,7.0768957,-2.213221,7.5043283,0.22550637,0.32352135,0.49282184,0.23907514,0.27273524,0.3530915,0.4413609,0.2144771,0.28306603,0.22312742,0.36950976,0.3940806,813.4386379736914,304.7608395053362,1059.1794282123242,468.7514569257069,1417.2080970031927,661.7235166311339,23.198759843251132,16.962863806258213,21.765543437043636,23.009995507634777,24.78139264111988,18.683914867912918,26.784781953863774,0.04467433303502322,0.014439982353072539,0.05947569,0.03603388,92.28515625
genres_original\jazz\jazz.00004.wav,jazz,-270.312,54.02761,137.55493,23.357014,5.6220317,18.57276,42.5081,14.840417,-7.959412,13.267717,9.935899,10.185859,-6.8239927,9.040264,8.244322,7.4461265,-6.1889544,7.1403356,5.469562,7.2692633,-5.445732,7.537188,-5.178623,9.076938,-6.994632,8.80491,-3.2311838,8.876835,-2.0175722,9.941976,4.4062123,12.763244,1.99304,13.459566,4.9886174,12.743957,6.586949,19.841282,-2.418629,21.760258,0.08927328,0.077884376,0.18287446,0.2720506,0.13224636,0.10065987,0.2944299,0.19611897,0.13526133,0.21241997,0.1557992,0.21222046,1039.7104745190284,349.87979104101214,1422.1939175608413,277.3671991908026,1838.4972161921924,956.7873333672446,24.13440192373184,23.53330162017866,29.30825776893089,26.87414324063101,23.9210590337718,22.191538601323167,32.793615975860526,0.04776879656056501,0.022850390729666232,0.1087248,0.046665467,64.599609375
genres_original\jazz\jazz.00005.wav,jazz,-246.32089,95.82477,120.20309,27.766132,-0.9341648,29.840849,30.689386,14.219483,0.19115342,17.24239,23.146517,10.239331,0.42938477,12.996918,9.172055,9.020245,-0.57383287,12.380837,5.7225223,13.630477,-3.756935,11.486307,4.2316713,13.592264,-0.27937397,14.411125,7.4462867,14.897384,0.7113848,16.162603,7.070837,15.140009,0.8656316,20.145927,0.9513321,18.228487,1.7338495,13.897352,-1.3477298,14.593091,0.30321008,0.16462703,0.16641921,0.25754154,0.18295853,0.22509702,0.1726091,0.22824839,0.403524,0.28491366,0.29351485,0.29666942,1267.989918534133,535.3148862777526,1546.1054636800204,486.44864343182246,2486.184966379644,1365.0361311315196,22.418399300006033,16.04872568794065,25.353000723400733,26.13896584979548,24.805569198026397,21.77040306372699,34.089399366128156,0.057861328125,0.03011651735651277,0.1074972,0.04726898,107.666015625
genres_original\jazz\jazz.00006.wav,jazz,-234.3426,80.10955,142.7224,37.26849,-14.277185,24.647953,51.923065,19.292475,-8.200179,14.051303,12.773935,11.24192,-4.295218,14.066291,12.082512,10.917263,-13.723852,10.269955,-1.5506785,8.175534,-3.9817662,10.177697,4.937514,8.112023,-3.9372153,7.4277105,2.1901507,7.51029,-6.6842175,7.5633736,-9.763288,7.517217,-4.473258,7.69699,-5.5334983,10.25121,-1.1700695,12.233223,-1.1021104,11.532445,0.22274256,0.19612882,0.29508647,0.35025018,0.24953933,0.34643418,0.37203005,0.20964348,0.20861682,0.21478796,0.31075674,0.32244536,1220.0295209430094,515.1181582305824,1459.4988051035346,373.49119698899324,2416.877052141786,1119.810069929115,23.25927303547489,20.842854409685874,22.650958286469628,23.820370890054207,23.08319903901496,21.870268497356456,33.678009446045586,0.04806244557856037,0.026358784312991452,0.098557666,0.03685718,135.99917763157896
genres_original\jazz\jazz.00007.wav,jazz,-291.9665,50.42121,137.64107,30.139174,2.6701064,24.24984,35.637436,12.143351,-12.310618,10.982638,15.607241,9.223023,-6.7985826,9.683831,-2.8389623,8.012535,-3.7904332,7.9294744,-3.4771762,11.39364,-1.7255415,13.282232,10.397662,15.959765,8.31119,14.054586,5.228631,16.702843,0.33438346,20.652407,0.3818246,19.829884,-1.4846002,13.708737,-0.76417214,14.687082,-6.311322,15.197098,-5.5346484,14.476732,0.24016546,0.25854087,0.16559522,0.26019222,0.17286855,0.27891663,0.109845445,0.1142724,0.11191603,0.15232046,0.33525398,0.16641578,1170.156796160003,346.35142393531186,1355.8759398892728,245.63410967635437,1958.7548223442338,834.5950648150078,21.89592239771886,18.390098035073905,29.752186014345956,30.06130021762936,25.90051403052124,21.718980991347294,31.882201515550445,0.06483445300406347,0.02659780258129316,0.093731664,0.047307834,61.5234375
genres_original\jazz\jazz.00008.wav,jazz,-189.91695,55.41837,134.41617,22.864202,-25.677439,27.603987,45.7453,11.062771,8.189717,12.523463,21.450272,9.983136,-4.58438,11.181545,14.390941,11.544103,-12.660092,9.334875,10.2806425,8.743412,-7.9415693,8.3389015,-1.1395625,7.56132,-5.047989,7.0567846,2.4128122,7.025699,-5.010759,6.2670183,-2.1543717,6.7220407,-4.2402406,7.9175515,1.8404961,8.255486,-0.44336608,8.678358,-4.7699075,8.042349,0.386661,0.36366764,0.35330042,0.3688734,0.30176103,0.3509577,0.33872443,0.37557763,0.30247074,0.3187885,0.4599668,0.36798775,1304.685307276481,417.57881960296027,1636.5500740530904,343.62988870913875,2724.4335257232005,1032.7008956376712,25.44487294712874,18.890351785968875,19.531212685651518,20.780368976894955,21.388239303904076,20.680799408947642,35.71851790825738,0.04627485245743034,0.025773536084823228,0.11859105,0.037474282,107.666015625
genres_original\jazz\jazz.00009.wav,jazz,-296.6781,36.09981,172.37865,20.057222,16.867044,15.551106,18.952925,10.18989,1.3671669,9.8950615,14.381316,9.271551,0.9986541,9.513978,9.520248,7.931604,-7.4175553,8.54474,3.5217025,6.9998674,-7.659343,7.522944,-0.10418455,7.6572423,-7.962855,9.971729,-3.1971016,10.173057,-8.079399,8.870454,-4.053981,9.5444145,-0.84452397,9.436878,-3.868959,8.102103,-2.821815,9.366734,-6.9223995,7.942255,0.20209552,0.36766547,0.26153177,0.19760136,0.24140836,0.20279807,0.32658726,0.27812856,0.34834,0.25823593,0.25906277,0.2593056,749.3568923103397,213.9991923921075,1211.0045035687288,295.41179139716985,1133.701477995598,480.10929054713705,25.004806534802018,22.56865138968297,24.12267275473715,25.175188108387108,18.875730738302483,18.04830256517431,30.904741265187525,0.03169028456366099,0.01169198518874115,0.085357636,0.027148549,107.666015625
genres_original\jazz\jazz.00010.wav,jazz,-318.80017,107.95219,162.65161,23.604887,-16.45293,54.080856,39.116074,16.399448,31.457945,14.124902,15.257577,11.507185,-0.68912697,9.255611,5.7950263,8.89605,-8.640236,13.226605,-4.003876,9.940406,1.3734984,7.020484,0.092581026,6.392924,-3.0869427,6.85998,-1.5318716,6.2557945,-1.5808213,6.4897294,-4.881458,5.9655027,-4.259913,5.4369674,-1.2951262,5.8047166,-0.7533664,5.9384847,-4.4288716,5.1581235,0.2649529,0.26443225,0.43932945,0.38047826,0.35836607,0.2460927,0.2551688,0.41831145,0.33473542,0.36422837,0.32547083,0.30569455,829.2976290034484,413.6715429752405,1037.7963033485541,254.47903214145856,1553.5656058013255,849.4315944154771,24.2504842737411,22.62534126457033,25.066727310412393,23.359889006319218,22.243644361560403,21.46321715358119,26.318970683610782,0.033065559694272446,0.021363335641882263,0.064137496,0.040642947,112.34714673913044
genres_original\jazz\jazz.00011.wav,jazz,-192.5174,41.597614,113.18369,17.548838,-6.3730583,19.113462,39.593094,8.937842,-9.189578,6.8792415,17.204056,7.0612817,-19.1146,7.371097,12.203582,6.41307,-15.475888,6.277639,9.702117,5.8690605,-10.9617405,5.8855147,12.922776,6.8690424,-7.292178,6.201135,8.494464,5.6515837,-4.1659617,6.0949407,0.97554296,7.766785,-7.1334224,7.6873827,1.1970458,7.363772,-1.1769778,8.076799,-1.2938061,8.227707,0.33651662,0.1961736,0.3692191,0.30676198,0.20804211,0.36861232,0.26355514,0.35136983,0.2613583,0.38434377,0.3329789,0.22358012,1825.9751750083997,360.7177522962624,2107.9239766327296,315.1554986594502,4011.4924097208786,1089.872148997144,19.04061081414232,15.182046692683755,21.241181164590284,21.837284214019864,22.10423217870551,19.13664724426489,37.86028531533628,0.07692054772155572,0.026831269059045988,0.07116985,0.03199497,99.38401442307692
genres_original\jazz\jazz.00012.wav,jazz,-253.22859,48.4627,122.683266,19.014784,-5.6540437,22.82536,40.59252,9.813608,-5.8463955,8.111904,18.42774,7.994233,-16.653336,7.039446,14.598945,7.4479694,-15.162859,6.3753185,8.216918,6.510787,-13.890627,6.2939057,8.28256,7.1815805,-7.312089,5.8944817,5.423102,6.4917355,-6.3090177,6.6512794,2.789326,6.4329762,-4.23507,5.607196,0.53748363,6.230867,-1.4851406,6.1624613,-2.5387597,5.6250095,0.44152874,0.3101132,0.33114275,0.3527392,0.2880233,0.3686658,0.3434182,0.38331223,0.41609168,0.37152022,0.43771014,0.32132143,1651.0000253804194,346.19754680806545,2040.7692527060574,324.0484708191712,3659.5112047697367,1095.7712456214929,17.715667628176472,15.501798759999009,20.02175512127972,20.863926544027503,20.935570803396438,18.995654876196678,34.993778825923464,0.06369991715847523,0.02166720355284784,0.0375109,0.01654663,112.34714673913044
genres_original\jazz\jazz.00013.wav,jazz,-217.64452,29.84791,112.63787,11.77124,12.686546,11.044388,39.541504,7.81612,-9.824912,7.174607,17.383017,7.1719756,-12.365174,7.2841444,20.71796,8.97169,-18.302826,8.43867,16.35581,7.1781616,-10.025548,7.6869955,9.036939,9.330911,-6.8994865,8.6997595,7.310711,8.063186,-4.7856507,9.276699,8.571133,9.202673,-2.774218,8.992585,1.2789534,7.731467,-0.36045957,7.791658,0.3473791,8.534617,0.31497675,0.25709757,0.2511086,0.243703,0.2625055,0.2899636,0.3082407,0.38777497,0.36975172,0.4527211,0.38698396,0.24792844,1790.006149597724,296.5909194274686,2312.900589587571,221.42563442928517,4398.04840560299,970.8948977120622,17.929847590988555,13.459593490271743,19.090941773268007,20.024593806302402,20.099754221248258,18.68205532493191,37.74017833162998,0.061073326843072755,0.017872258389557135,0.055481903,0.0176271,99.38401442307692
genres_original\jazz\jazz.00014.wav,jazz,-358.30573,71.987915,137.95895,31.658592,-11.000713,23.68904,20.85169,18.579924,1.9473583,11.774607,-3.4139953,11.451896,-11.520309,10.643871,-3.2774692,7.9953103,-11.020816,8.515541,-8.386407,7.06568,-7.478809,9.018418,-1.0018492,8.457785,-6.738014,9.890514,2.3913643,12.493467,-2.6258183,11.885683,-0.2781389,13.256265,-1.4365344,11.773943,-1.6825632,12.175373,0.9089208,11.993686,4.435913,13.351114,0.26834258,0.106103174,0.26274648,0.18161401,0.2918199,0.2307333,0.1404896,0.2139107,0.12753043,0.18805808,0.17053157,0.20236106,1171.7778494695315,408.9882868262025,1277.735415211645,260.7567486550626,2018.9377917593847,790.040266633287,16.567399208671855,21.14444675650217,27.25602124516643,26.398006969950487,25.058348269350397,22.893979897104355,27.842504955133922,0.06494254002999227,0.03403276585787961,0.039293658,0.03197367,129.19921875
genres_original\jazz\jazz.00015.wav,jazz,-200.01402,42.74209,117.22407,18.093678,-12.376733,21.946842,39.106846,9.748118,-6.360409,7.630697,16.528856,7.606001,-17.306795,7.964917,13.629066,7.123589,-17.661602,6.0343037,14.0300255,7.1683745,-10.206364,6.183822,12.1770115,6.8482494,-6.719636,5.9612913,7.73678,6.703691,-8.080098,6.504793,2.6364028,7.6391973,-6.647841,9.19318,4.868258,9.850797,0.7024585,8.530411,0.46183488,8.974266,0.33882764,0.30307698,0.3081803,0.38216907,0.3148198,0.33662498,0.33797714,0.37183166,0.40082335,0.36968067,0.30854887,0.22290777,1782.4772448641631,318.48039083256566,2061.994476113513,300.86867078708707,3812.5852791517514,973.6895290097531,18.73882696486827,14.550078315915108,19.93673071341562,20.712831725427826,21.16855587007162,19.137397195828363,37.21191496590318,0.07357060577109133,0.025324927976429722,0.062368374,0.024967894,117.45383522727273
genres_original\jazz\jazz.00016.wav,jazz,-259.8296,52.810177,123.20836,25.86627,-6.4112997,19.132645,37.575974,13.564616,-2.9846902,9.069416,13.062033,10.428502,-14.09377,9.281755,5.306913,8.536202,-11.979528,8.698792,3.5143046,7.2496095,-9.6395445,7.292676,5.3404865,8.226058,-7.8407803,7.7663555,3.2650988,7.9810066,-0.5539108,11.168538,2.8862455,10.481847,-0.02954111,10.662016,2.1029868,12.654928,1.1109307,11.701656,2.9338827,9.794855,0.29645988,0.19819343,0.23019114,0.26461524,0.19717737,0.26796216,0.27939788,0.20136273,0.23107281,0.21290742,0.2314854,0.38301036,1465.516121696498,378.50197520493487,1738.2788798895242,241.8552334417799,2820.98294190209,858.5814602149944,18.135690936322636,18.431739126565997,25.699882241515297,26.016081606779704,24.39077004184718,20.64797181246962,34.244829589361956,0.06986427897639319,0.0350008076259884,0.060589816,0.03571416,73.828125
genres_original\jazz\jazz.00017.wav,jazz,-233.09598,57.719727,105.91778,22.852732,-2.676614,19.853483,37.433624,8.871369,-8.178378,7.7875566,15.727415,7.083286,-15.066482,8.545632,8.377423,7.273685,-16.38041,8.718863,8.630883,7.3054867,-9.384077,6.8699293,7.093086,8.075259,-5.9991117,8.20528,1.992087,6.481861,-5.7264166,7.374313,-0.9412963,7.8856544,-6.9125566,7.9311814,-3.7720146,7.504711,-1.6410496,7.248531,-2.4500198,7.8520856,0.23027693,0.24188514,0.266407,0.39316556,0.26187947,0.2952602,0.28538176,0.27278775,0.37618336,0.58276784,0.601267,0.33671466,1934.517120777341,528.0953098783482,2187.0914343444333,339.1437537955855,4327.598831601926,1286.1296621182523,18.61415910625927,14.600001413923819,18.100706557063596,18.631778757140452,18.827300960961676,17.9430619272099,36.3434411071511,0.08418656576528638,0.04044397175385996,0.049848225,0.030662378,215.33203125
genres_original\jazz\jazz.00018.wav,jazz,-192.12538,23.701752,105.58749,11.73241,-26.031012,14.541391,40.159424,7.881738,-6.654979,6.1544633,26.496704,4.8628592,-10.388105,5.6466923,18.469725,5.945069,-13.995583,5.245723,14.937352,5.1386113,-12.68688,5.0019774,9.585426,5.3915906,-5.1951475,6.1772356,7.8301735,6.5892906,-3.8694513,6.862414,12.349874,7.5507665,-1.117487,6.910112,-0.77768546,7.550809,-2.981298,7.4671035,0.3580956,8.005964,0.36419103,0.2304614,0.3391494,0.23274854,0.30689922,0.38146207,0.41052765,0.5349935,0.4031439,0.3715698,0.29510474,0.3706506,1992.940889677231,253.9109301936213,2126.96186898868,189.6994202495984,4247.190984483843,630.6126287905032,19.806578811084766,16.93038848528227,19.83377235505635,20.41452279197667,21.13705365202475,18.87938506445361,37.57125038382098,0.0877088422745743,0.02592100700553312,0.05222462,0.017741768,103.359375
genres_original\jazz\jazz.00019.wav,jazz,-267.28662,38.467632,129.05225,21.408413,-14.73706,19.158554,41.26877,11.465162,-1.0149711,8.337296,22.953379,7.0735855,-8.1323595,5.7461658,11.179749,6.4786267,-9.073575,6.3452497,11.318423,6.2117987,-5.499914,7.3159537,13.579102,9.0362425,-1.1755173,7.393698,1.8777983,8.702748,-2.711161,9.1006155,3.2768624,9.360267,-1.5962929,7.708979,0.26421046,9.115103,-0.6178978,9.431134,4.506901,11.709297,0.33172643,0.29713684,0.26131928,0.30312222,0.32838255,0.26577142,0.25518712,0.16913228,0.19893888,0.18852812,0.17556691,0.2014997,1352.9901253634769,297.79498727056256,1714.8797848748595,255.96074367571183,2713.2835931453174,808.4860525313574,19.612070168090952,18.728537540380724,23.853346498391296,24.049161303118634,23.082636620990947,20.52772089497702,33.21341646179987,0.05548416940789474,0.01969036391144513,0.050200842,0.016495796,184.5703125
genres_original\jazz\jazz.00020.wav,jazz,-376.69403,57.5638,119.16358,19.806244,-2.9616616,20.972692,48.50888,9.627694,13.156193,10.315733,21.244488,9.148233,0.012301135,9.38436,8.008127,7.284782,-0.41269517,9.784705,2.3665779,7.048622,-0.039356243,8.031978,0.89695203,6.087493,1.6664363,7.51346,-0.13889249,8.655843,1.3513166,7.7381635,-0.17528985,9.000645,1.9937043,10.426312,2.7235878,9.653418,1.7619061,8.257356,0.44885135,9.208835,0.25570828,0.2441041,0.23445606,0.23534292,0.29734066,0.28801182,0.30924562,0.33127373,0.36345372,0.38728315,0.27592066,0.24986066,1171.3008454419294,341.69653190890415,1677.797951082973,285.39052431511783,2580.0593987337943,926.2087605925369,19.693601123265747,20.18277378825406,23.058053067747334,18.979096712763944,18.283529763696926,16.684797579728315,28.33377485613668,0.03297183388157895,0.022543183579161824,0.027123563,0.016731685,107.666015625
genres_original\jazz\jazz.00021.wav,jazz,-174.70403,37.07228,75.89945,26.10246,-12.7928505,16.542059,52.606617,8.339428,-29.416119,7.666306,22.748615,6.85484,-22.366758,7.494396,18.633335,5.5776067,-24.704725,6.7602496,21.168024,6.461888,-13.802683,5.224247,13.009406,5.6601133,-7.8598876,5.1130123,8.022094,6.3098054,-5.9713917,7.040359,9.527811,7.2428155,-6.0026174,6.643376,2.3379805,7.558278,-3.3587654,8.27349,2.5073993,7.656701,0.3244396,0.35753864,0.39707318,0.3964164,0.44462448,0.5548363,0.49084955,0.39867598,0.45839867,0.51491904,0.50271595,0.35416013,2915.1352677290415,682.9600964133042,2420.4740701281185,235.43877668149506,5865.106201171875,1033.4800400056104,18.721319633072707,13.173633664029637,16.681618896644817,17.273484955820265,19.07660913206929,18.29798970299204,41.684504508029484,0.1813991298616486,0.0860108218836192,0.047963757,0.020291056,123.046875
genres_original\jazz\jazz.00022.wav,jazz,-298.80795,39.404346,112.078224,19.76351,6.48577,17.920204,28.386517,10.287582,-6.7646794,10.054159,16.651894,7.867063,-11.809684,9.060475,12.746783,6.992649,-8.347038,6.883857,13.898632,8.018267,-4.235764,10.581264,2.319571,11.246448,-4.326794,10.99758,1.4079037,10.615365,0.71406543,11.847413,13.479482,13.798046,9.419414,14.120811,6.914652,14.9645405,7.877784,13.613033,-1.7827401,12.399585,0.11770164,0.13393532,0.22052914,0.18848374,0.16821226,0.19326636,0.12993017,0.20379288,0.36445817,0.2875996,0.22451808,0.18576144,1451.4983709587166,428.90120994390264,1919.917650603205,352.3689732659773,3046.0899140443594,1356.883720998372,19.672426740080244,20.52322375798551,26.07913417222511,25.747170250265007,23.402406910338545,19.54048754246486,34.61395939963262,0.05122229041698916,0.02508611207624593,0.050492767,0.027137207,129.19921875
genres_original\jazz\jazz.00023.wav,jazz,-188.10991,40.359074,98.63331,23.243357,-11.278644,13.229332,47.21775,9.405881,-20.33315,8.030155,18.785868,5.8672237,-15.794505,7.1094947,13.689795,7.0599546,-15.45581,7.742724,17.430904,7.903152,1.0143803,9.798505,18.283552,9.909905,4.647218,10.817212,9.836632,13.225599,-5.4971385,11.34035,2.1267316,8.824677,-6.255142,8.075582,-3.4161563,6.4493685,-2.9926603,9.147122,2.2102191,10.916754,0.19681028,0.3850239,0.2219914,0.3570889,0.25602266,0.31228325,0.17760545,0.16201603,0.18621652,0.14255054,0.10448783,0.1472536,1987.9269514759114,467.235414352131,2100.022545349879,268.1541917031127,4315.765569822707,1047.476429734119,20.463114917974448,13.160341202811017,22.61350276873181,22.677404711432455,23.59414612569088,20.04988888703524,38.71700878320565,0.08007358988003097,0.030433425990363205,0.08783356,0.029748106,86.1328125
genres_original\jazz\jazz.00024.wav,jazz,-202.60838,54.82161,105.84573,26.037931,-20.537838,22.94215,43.89796,13.088404,-14.2723465,9.3306675,25.29954,7.018612,-15.592006,8.288448,15.311661,7.862511,-13.294727,7.6753526,12.276098,7.8755603,-8.764146,8.02211,10.158417,7.724696,-1.868105,8.063815,6.1886616,8.452274,0.2198769,9.339985,8.036412,10.550509,-3.1621916,7.9492626,-0.4541886,9.222829,-3.5693424,8.32689,0.72203916,8.159373,0.35932335,0.31153145,0.3552684,0.4246215,0.35289165,0.30581927,0.29102898,0.33584028,0.34522325,0.3599015,0.34884834,0.40010718,2034.5791580612006,560.948805618433,2084.7063147288427,370.0256966587158,4342.948738783137,1252.8895795161889,19.527220368401334,14.61785853473419,19.301750572806636,20.015610558304907,20.614506792629385,18.38182800075802,37.22348422589816,0.0932473575367647,0.051010784801549636,0.058850657,0.028914437,103.359375
genres_original\jazz\jazz.00025.wav,jazz,-237.66241,59.188488,108.30336,19.600945,2.0399823,20.306902,41.773727,11.932835,-10.451949,10.282127,16.930843,7.585879,-8.600079,7.054344,12.78567,6.941318,-9.114532,7.535332,15.938528,9.75793,-6.518535,9.708759,7.1738243,9.970409,-8.2532625,10.259628,-0.20715974,10.006832,-8.692222,9.843689,-2.2442806,8.362131,-4.727633,7.036799,-3.5138726,10.324903,1.4635623,12.659147,2.4141128,13.14212,0.2318074,0.22485076,0.2101927,0.3076415,0.21850958,0.2429216,0.47774518,0.31949663,0.28526655,0.25833896,0.24647765,0.19039813,1698.069097537734,404.60642314365145,2065.891508081712,321.27975611467707,3806.2603173979296,1117.501456735062,23.119779696076577,16.796496190538736,20.777474634162775,21.435378876132386,20.220346898405744,18.94973956931724,36.36754777058213,0.0636243318256579,0.027135422933206903,0.06936076,0.038081534,103.359375
genres_original\jazz\jazz.00026.wav,jazz,-414.14978,65.87726,104.84414,33.49358,-7.8215127,30.228014,37.875397,13.1977005,0.21377838,14.953433,23.427855,11.536473,-7.2741003,9.729338,5.7665963,9.7461,-1.0599748,9.317732,8.498607,7.193995,-5.490029,7.047462,0.89405924,7.0565886,-1.463813,9.448454,7.720704,10.153634,1.254868,15.687053,6.03524,19.469622,5.2437243,16.938307,2.4281998,14.772214,7.604022,17.31924,9.802248,22.489542,0.16415296,0.2190611,0.116281256,0.13595392,0.35995758,0.30835003,0.1334583,0.14451335,0.2278031,0.2878153,0.19702673,0.12797607,1367.411537182303,650.1577434345621,1638.8353781037367,485.85799167325143,2631.8257523764028,1604.70216244515,24.017411520702364,24.981894372554223,28.43052517951809,26.170270133577233,24.51984583618415,20.44969739995945,28.76891498199449,0.05863569985971362,0.05430676235996627,0.03192383,0.017736925,151.99908088235293
genres_original\jazz\jazz.00027.wav,jazz,-262.1244,44.280792,108.98235,15.101413,-6.3325515,20.10963,55.18974,7.515154,-10.662287,7.411599,18.535446,7.5051847,-4.2509165,6.425588,18.561224,5.4434667,-19.706917,8.230823,17.57483,5.7417464,-10.982368,5.909888,11.932401,5.801536,-3.4279113,6.223699,7.197286,6.2990675,-8.854767,6.29543,4.9730906,6.1612415,-4.053073,8.151178,-0.11804511,10.440535,-0.8198281,10.26191,-0.6021668,8.979534,0.2766426,0.29543188,0.3106444,0.31450248,0.28688535,0.3427192,0.40072218,0.4787899,0.4006561,0.30215424,0.2734684,0.22085471,1769.401598572535,326.05190991992293,2113.48363433267,275.60985990813356,3966.7260137504836,821.6044566850165,19.44591542661565,15.997886941777749,19.473922554503837,19.795059438761207,19.05392417332427,20.72179797854436,35.29161608041974,0.0626534382256192,0.02596363851920037,0.04059718,0.01584568,143.5546875
genres_original\jazz\jazz.00028.wav,jazz,-233.75851,45.526382,108.46989,16.0801,-10.714609,21.395266,38.69959,12.186407,-10.764275,7.5242715,14.162392,8.842316,-16.258524,6.19885,10.3716345,5.875495,-20.816319,5.87498,10.070498,6.2385626,-12.024098,7.4144773,7.7657723,7.5286517,-12.021537,7.8627295,3.3820167,7.9293613,-6.3585634,10.280291,3.9780886,10.69769,-1.2818811,9.801355,-3.8250744,10.822838,-6.228565,10.62781,-4.948927,9.809189,0.22318287,0.21894914,0.23010443,0.27706328,0.2730013,0.29357895,0.23952015,0.30189553,0.32397747,0.3029643,0.33990318,0.29317686,1853.5659404817295,333.37656018202057,2095.722266921797,313.89751374313477,4029.633966688032,1010.6553086499464,23.37432369405399,16.290816360025637,21.098683614930618,21.938518104169663,21.53465764236917,19.889693362492583,36.78954114557511,0.07490468689531733,0.02379235314116334,0.048769686,0.02467407,99.38401442307692
genres_original\jazz\jazz.00029.wav,jazz,-232.99846,36.02605,93.82679,18.294367,-16.198395,16.522762,49.57395,10.071748,-13.947246,9.276947,13.494128,8.346061,-11.8284,6.738233,13.29052,5.8467674,-25.828712,6.75569,17.37681,5.7200785,-13.317585,4.950067,9.2779255,6.047403,-5.4937844,6.745214,1.9250959,7.1343784,-14.404328,6.9297237,2.5919955,6.268725,-11.481819,6.9967484,-1.2296811,9.167814,-5.2042394,8.466744,-3.8765178,8.670164,0.3107537,0.39784908,0.3690074,0.39560407,0.31151602,0.28715998,0.29551277,0.26081136,0.2765349,0.24234906,0.24056435,0.26441377,2235.3440263233524,406.01566820988035,2259.0253533788264,259.47813030144647,4683.438346555728,963.6661911602783,21.15624002775164,16.479209745337407,20.015163221009065,19.985118794868928,19.420852228495608,21.058485579536207,37.00044451296824,0.09940416082140092,0.03194457158239107,0.036303554,0.013136529,112.34714673913044
genres_original\jazz\jazz.00030.wav,jazz,-318.9286,50.20522,115.70397,29.080198,-23.042326,23.322016,52.599457,12.789552,-12.819439,12.009357,14.633502,8.279034,-8.213702,8.351743,0.3077496,7.7137585,-23.876354,9.111145,10.8421955,8.289387,-9.591384,7.785746,7.4833236,9.355527,-4.2422366,9.289524,2.9921114,8.687641,-4.399104,10.345298,-1.0453871,9.684696,-5.395035,11.757675,-5.510678,10.118459,-6.9705253,7.7299113,-1.7180663,10.261254,0.21473972,0.2552447,0.26320574,0.21948166,0.30161804,0.21659745,0.14789698,0.12613727,0.22523688,0.34901336,0.28899762,0.21235782,1687.2984527938816,508.19015017875216,1762.5515004488338,243.30527901883434,3353.5463882304566,949.0645093855916,23.963683116742978,19.858770480127355,23.838037512851283,22.553495749394997,22.95603512861648,24.391418716099103,32.627436766479526,0.0846627533620356,0.05328118393171564,0.029602116,0.013239757,215.33203125
genres_original\jazz\jazz.00031.wav,jazz,-237.4993,39.653667,115.943375,16.989613,-15.457233,21.454308,47.112404,9.198482,-13.510733,6.6740017,18.199331,6.439201,-13.971238,6.2480135,15.334493,5.171956,-17.535894,5.439216,13.420798,5.3537273,-6.230585,6.4188666,8.634658,7.67896,-7.2484007,6.355993,4.7821355,6.8772187,-4.3985643,7.637791,4.5109816,10.693995,-4.2662787,9.092593,2.3292112,9.392023,-9.923247,10.524707,-4.3256035,9.054473,0.23471288,0.22108205,0.26776728,0.31443006,0.29036343,0.31549484,0.31207725,0.34224263,0.32972297,0.40054756,0.428647,0.27538458,1752.8065045704263,302.6739688804252,1990.037621627013,226.79671658914322,3733.4190911921924,704.5376012907917,20.265330374118644,14.54305887073121,19.37414562084656,20.765240322857423,20.761273634060295,19.33273327729365,35.19648881013835,0.07241415017898607,0.030012671049944956,0.043587964,0.012984338,112.34714673913044
genres_original\jazz\jazz.00032.wav,jazz,-305.4945,60.41672,121.9265,27.165424,2.594776,13.688161,36.92105,9.229357,-8.559168,8.765295,17.905396,8.379091,-9.27087,8.526312,10.555924,7.450971,-9.937912,7.835197,2.309935,7.389216,-12.6850815,8.356783,0.305342,6.5469275,-8.61895,9.664403,2.5933344,8.417952,-6.9699116,10.824992,-2.9224603,10.000451,-4.6507382,10.256504,-3.2466342,11.212955,-4.4511476,11.720654,-3.9681137,9.752328,0.24622035,0.24310973,0.30632058,0.22929637,0.27062824,0.2641954,0.35523257,0.3766192,0.3082164,0.2981974,0.22269891,0.24858756,1522.348449286544,572.0723012388703,1909.6345910380123,430.0884261237049,3252.338666886368,1539.028265332162,22.024837204610677,15.930816539887424,19.96534556782573,21.31851036306164,17.957685207855693,16.043933462795124,31.839817796306964,0.06140930364744582,0.03409256535295288,0.04050316,0.023867823,129.19921875
genres_original\jazz\jazz.00033.wav,jazz,-261.7981,70.05786,139.52618,20.82912,-17.128895,19.342598,49.894917,10.79071,-5.868644,15.537204,19.853361,6.094448,1.8584791,11.247619,5.7186427,6.9881887,-7.8311825,9.723939,-0.41735038,5.895534,-1.2528473,6.7913938,-2.1903841,5.302454,4.4650016,4.937767,-0.31179246,5.3013587,0.11012424,5.2069135,-0.2791801,5.129749,1.9837531,5.8188534,-2.6391046,5.7069516,-1.1543753,6.185294,-5.369062,8.333206,0.24670334,0.27673826,0.2579773,0.2867867,0.24083412,0.22654374,0.23017524,0.23049547,0.31154945,0.3681388,0.35685688,0.25545081,1169.6513052388445,364.4798492473474,1498.7076899393871,227.39605094629135,2444.618551059404,901.528797327281,16.989746012141147,20.404095342315117,22.21922912352653,20.485410466784263,17.643165319320705,17.880589984848612,31.934909863841696,0.042349706124226005,0.0204392451891489,0.06975041,0.04318438,95.703125
genres_original\jazz\jazz.00034.wav,jazz,-146.41248,53.371204,118.20678,25.18725,-34.67274,19.873169,58.787296,11.4304695,-14.969062,8.340606,34.30445,7.331095,-6.6033545,7.7553997,13.900938,6.7303753,-14.645583,8.720208,9.200514,8.436995,-11.337798,8.648438,1.097487,9.091038,-5.503308,8.884285,-0.14809217,9.766375,-2.189994,9.179173,-2.719624,9.552164,1.1250763,9.99095,-5.595059,9.266031,-2.7608356,10.000893,-7.1366487,11.606226,0.25856736,0.1691446,0.22412053,0.41252166,0.35300913,0.46546212,0.28733236,0.32713085,0.44172904,0.28502464,0.29308325,0.22319399,1759.5124735322347,516.828253561976,1779.6060525998582,173.57014702122865,3574.070054754015,761.4546822264215,16.946111991264118,17.373500223140805,21.20972863726837,21.596567658180707,21.40024216831371,20.55808984392948,39.72497908702292,0.07934494727167182,0.04745797021033354,0.12998866,0.03993758,95.703125
genres_original\jazz\jazz.00035.wav,jazz,-261.8773,51.059456,182.53572,21.430922,-16.907091,25.531193,49.871548,15.117731,-1.2144477,9.543668,6.345548,8.223929,6.002386,8.435398,-8.87311,7.4430604,-10.31628,7.5467677,-3.2050645,7.8219485,-5.3718143,7.259785,-3.5495334,5.764897,-2.8916366,6.2487793,-7.471893,6.210665,-0.5367146,5.3860726,1.1297972,6.5724,-1.982169,5.979945,-5.232583,8.058753,-1.8658417,6.5431304,-3.5023198,7.3454556,0.40271673,0.23682141,0.3232575,0.20814364,0.2742285,0.20411588,0.18807185,0.23564914,0.19331525,0.3000732,0.25738823,0.3507053,844.139158472617,226.68513054101734,1104.3000795068626,162.1526179643631,1608.9152711094719,654.8333476622001,16.88674005156693,19.925144208591025,23.80737885954218,22.619304523327543,21.592084996201258,22.489957215387918,27.960234550396763,0.03772993058243034,0.011496381304279784,0.09149953,0.035104938,71.77734375
genres_original\jazz\jazz.00036.wav,jazz,-196.84306,53.537746,152.79964,28.362162,-36.910046,25.266405,41.80352,16.657778,-8.709019,10.698334,4.415908,8.307172,-11.570121,8.424427,1.4324355,7.1828775,-14.735855,7.301551,0.46832043,7.381354,-10.17039,9.554538,-6.9220095,7.102959,-6.2524304,7.4598165,-3.7121272,7.585341,-4.5659947,7.1476665,-6.4165106,7.482904,-2.9002304,8.190786,-4.85339,7.792092,-5.8741407,10.200594,-9.119883,10.07634,0.3090638,0.32353318,0.44780672,0.24302185,0.274651,0.39715755,0.20410386,0.30583423,0.24810965,0.37967944,0.49017987,0.24527465,1482.2909039482731,531.7950122754266,1412.3432773193617,235.835770558132,2658.97558820506,884.828911936917,16.934423439016584,13.136754853707913,18.347870604092954,20.485054152179934,22.08630188684034,21.88916397910463,33.21284134773507,0.09955948868034056,0.05652341898030394,0.08055791,0.034158155,123.046875
genres_original\jazz\jazz.00037.wav,jazz,-198.46254,46.172176,140.68542,20.951948,-18.416391,21.174643,30.510452,15.0164385,-6.7052684,8.828272,15.720158,8.942255,-0.7331225,7.8741727,7.2968297,8.068979,-6.5850825,7.84859,6.07465,7.902573,-5.1329575,6.9556665,3.4482963,7.24738,-2.8441162,8.230117,7.178578,7.8494134,-0.3125017,8.412194,-2.0180283,9.508828,3.1283484,9.437892,0.86733526,9.377065,1.5159482,10.7727165,-0.23433036,12.704763,0.24365065,0.26908708,0.27061537,0.2842764,0.25443506,0.41850016,0.28908136,0.32457772,0.2739501,0.2498437,0.29912606,0.2422321,1276.6962578384573,351.8616637255403,1570.5673940298827,320.739900687667,2468.626739218508,971.6188852492319,19.817792841401385,19.07116228021478,22.863453701917773,23.218817877266826,20.486633708386865,17.58880617981328,33.91275509383636,0.05151291602167183,0.02037662576597452,0.106601134,0.04553051,95.703125
genres_original\jazz\jazz.00038.wav,jazz,-179.59479,52.682808,124.327644,17.351837,-29.741776,23.065645,45.383682,15.751749,-10.188967,9.21546,17.7808,8.655018,-8.817681,6.9564843,12.764227,7.8195534,-10.756725,6.977773,8.615612,6.6530313,-12.390897,6.4586415,3.3914454,6.893647,-12.018151,6.512081,6.511954,8.679878,-9.865381,7.300238,-2.809282,6.266399,-5.114865,7.264251,-1.1965954,7.3492103,-1.8772842,6.772056,-5.6373334,7.1027017,0.39263466,0.23979126,0.17702235,0.16743076,0.24600975,0.35891387,0.25528437,0.3616565,0.33946764,0.25221378,0.31436527,0.32253227,1554.37964673427,280.69233749211907,1774.9284673984898,247.8677768851556,3216.538883362761,699.6165864075933,19.679510001423562,20.406517759941412,23.029971276072835,22.335246884699078,20.884104407928756,19.264185210674494,36.329491968780346,0.0664005811000387,0.02376858270754691,0.097780414,0.033796128,151.99908088235293
genres_original\jazz\jazz.00039.wav,jazz,-237.23965,71.56001,146.82582,15.517968,-24.444063,23.457058,64.27367,14.067769,-10.833981,18.178185,3.259132,12.154092,-1.3375038,14.5504465,2.7255344,13.292401,5.168943,8.904454,0.397741,10.643781,9.61138,11.694235,2.5067873,12.470268,3.1193678,9.701283,7.759572,8.633349,-1.5198305,10.627548,1.7340521,9.759333,0.76727444,9.629748,-2.4550922,9.764499,4.009995,8.768951,-2.002492,9.547819,0.28556955,0.23481508,0.18871248,0.27589962,0.24777316,0.32720464,0.2021706,0.22341685,0.30300388,0.21521443,0.24300958,0.2253839,1311.6069322444205,380.45511532758405,1446.3946566783554,192.93366608214814,2724.9668558315598,843.2364858298015,15.66030989392892,14.544323077218396,21.578872809426656,20.30521672174256,21.850459159302392,21.35013366978515,30.07657242374817,0.0765237247242647,0.03379613765057276,0.082262956,0.03996414,99.38401442307692
genres_original\jazz\jazz.00040.wav,jazz,-179.7903,35.435658,147.7629,24.801456,-20.479698,22.523771,58.623974,19.698404,-23.80918,13.242435,2.4678254,13.457444,-3.195293,11.395037,-9.301368,9.363839,-5.7592354,8.623417,-0.4264561,8.90653,-8.36673,8.10633,3.1024652,8.790288,-6.851183,8.431803,-4.383366,7.832479,-1.1809789,7.4151564,-4.269698,7.3029504,-0.5557314,7.85484,-3.5810244,10.448492,1.5018764,12.482418,-0.60820806,12.91353,0.34821585,0.27661163,0.15278915,0.19417003,0.16647303,0.1958848,0.22390658,0.2745913,0.3315408,0.23175712,0.20326726,0.24084307,1317.1069234804236,426.7868677144598,1475.3339718897482,308.30157473679674,2779.024862283524,1090.7574378838358,14.25422406325398,19.184078680752556,23.580598938214763,21.57997945881501,19.76019468432594,21.736483263469925,33.25917835577835,0.0548605904121517,0.0245357977301386,0.13803996,0.036043637,99.38401442307692
genres_original\jazz\jazz.00041.wav,jazz,-216.31119,87.47062,134.98279,19.593714,-35.480675,29.459429,61.595497,12.388308,-14.545805,14.768514,11.04617,9.743469,1.2093089,8.594145,10.962497,10.048634,-8.294634,10.32848,-1.4437149,10.670538,0.12248735,10.550074,8.281558,12.299403,-4.5786414,10.575058,0.567787,11.986155,-6.1023593,10.002339,0.2041297,9.027408,-0.59292084,8.792468,-5.035705,9.37672,-1.2523043,11.013049,-7.2209473,12.183345,0.32919014,0.20788445,0.3566438,0.45259893,0.30688864,0.2961604,0.23874865,0.34693086,0.22178917,0.26238313,0.4028033,0.27672297,1617.8954526280595,399.78434280311603,1568.7957850534956,133.36837768269964,3104.056230196643,664.6668231039204,15.399759528083411,15.516776588996636,20.035310162367526,22.705775066328506,23.027793142119698,22.400614140987404,32.564470404360335,0.10063091077302631,0.046353907167635246,0.07821867,0.040809825,95.703125
genres_original\jazz\jazz.00042.wav,jazz,-206.78493,68.33607,141.83739,23.07164,-13.811613,23.038122,49.346706,12.662139,-24.811642,14.290349,11.820209,10.820748,-12.791098,9.917405,-16.55724,9.727777,-8.389539,8.027929,-1.2063178,6.637209,-7.6506824,7.019234,-1.3711842,5.5370445,-9.346774,7.1471076,-7.500103,7.128457,-2.865562,6.826244,-6.141148,7.6554317,-0.94135696,8.2834835,-1.3060671,8.012794,-2.2506697,9.85458,-3.284735,10.045287,0.235071,0.18797907,0.2719777,0.28433493,0.27638388,0.37441647,0.30882326,0.32860547,0.20368858,0.2787762,0.35334352,0.3198893,1344.4488685825495,432.45857178213913,1548.394496638916,199.80702259383435,2772.541568153783,1058.940987976536,15.861182032375039,18.295989264239097,22.27210828394347,22.078089613602117,21.138965978037515,20.885274713518804,33.73628597007989,0.06121202592879257,0.02931408600564928,0.09952182,0.062769234,73.828125
genres_original\jazz\jazz.00043.wav,jazz,-173.28468,54.73893,111.695885,21.571672,-35.922306,22.926657,45.8553,14.427616,-11.438427,9.082756,19.691587,10.342453,-8.049166,9.459275,17.94719,9.510773,-8.94971,14.805271,14.695819,9.82225,-10.342502,9.016915,4.6709757,10.200469,-11.798713,9.402298,3.2452495,9.381081,-7.9869556,8.687376,0.08744984,6.83123,-3.5760612,8.202497,-0.439475,11.770889,-2.1039734,11.746922,-4.8935866,11.452217,0.29111433,0.21478602,0.2580338,0.24794689,0.27045745,0.21117432,0.22221434,0.3775065,0.25162986,0.32002968,0.18793556,0.19256932,1760.2398025931382,346.39413478459556,1792.5429665134232,289.7878456539342,3460.5457412200076,825.7446527797431,19.09492303223914,18.88006823709213,22.016817112706125,25.015054834816,22.109825240654644,20.534003269167748,37.33535955009185,0.08566917206849846,0.02883563749806154,0.11171224,0.03793245,151.99908088235293
genres_original\jazz\jazz.00044.wav,jazz,-246.97653,60.032475,167.98892,28.174639,-19.801535,24.980095,22.009905,14.278322,-0.7347984,11.718983,15.093262,10.08993,-1.2836858,9.544307,4.7284274,9.732487,-2.0619886,8.857751,6.532096,8.01933,-1.3844994,8.086942,5.6376348,9.202085,-0.28600574,10.541176,5.652524,9.19747,3.1969109,8.906036,1.862163,11.587712,7.0115147,12.181217,5.044913,12.210256,2.4658363,11.339694,-0.89810926,12.796675,0.25092903,0.25044918,0.43361226,0.33413142,0.3279791,0.26133883,0.18314867,0.27993825,0.2276288,0.29744092,0.26787224,0.20501462,1004.9502771230315,355.1362897566502,1247.0395590509902,316.1114190671495,1811.8057109254064,748.9785714540308,20.96700758982818,18.334960110477862,23.147058843751132,23.512718530766595,23.51656537187286,19.87588139517816,30.768947148028854,0.04966409878095975,0.02345245833390414,0.08642742,0.036635004,103.359375
genres_original\jazz\jazz.00045.wav,jazz,-231.32324,53.56685,174.37616,19.11613,-19.74984,23.194712,47.375023,11.995713,-1.9767666,8.47882,6.666589,7.1441708,-1.1248577,8.022754,-5.4998245,6.2498827,-13.732546,7.668224,-3.6929958,6.7720904,-6.315067,7.0462565,-1.5051619,5.694509,-2.6337109,5.769155,-7.269516,5.942234,-2.3065696,5.9789705,1.0365752,7.9061923,-1.1124697,6.535349,-8.569705,7.570356,-4.047513,6.550003,-3.9144945,7.082249,0.37892193,0.28546894,0.19929649,0.25644758,0.2683277,0.21247153,0.17813273,0.35595542,0.34080034,0.26832774,0.29494804,0.30477223,937.3979933729277,240.6722262447766,1186.6457726133121,150.41924098301834,1763.3143374794408,625.060614971086,17.007204987051576,19.947765446642553,23.536464340228633,22.231804959591248,21.69783547457202,21.021293495176074,29.924343178426042,0.04262597051567337,0.014531025576167603,0.100316875,0.035321653,73.828125
genres_original\jazz\jazz.00046.wav,jazz,-204.23213,63.54218,147.5966,15.933861,-25.218628,22.724564,49.354248,10.783199,-15.650294,12.272352,2.7000427,12.947061,-7.8495536,9.462453,-10.64235,7.7575064,-4.7988915,8.932581,-3.6669726,8.635413,-3.5059485,7.5819297,1.5687525,7.3971567,1.472206,10.257693,-2.7254918,9.6355915,-0.27923682,10.603165,-2.2208846,10.785648,1.5168805,7.9519725,-1.0502744,8.218156,-1.7688463,8.579176,-2.4751627,8.526838,0.25839144,0.19220318,0.19226314,0.35020036,0.22320864,0.27145168,0.2485945,0.25449198,0.21892543,0.19580613,0.35057646,0.24655102,1295.2562362132712,286.6355305576905,1446.1021014116336,179.11071627392406,2695.375368100571,701.8540027424767,15.917136535952176,15.74661466406421,21.35666815449265,19.56884960048747,21.254365686605375,21.076250349770632,32.14403488564706,0.058650061072948914,0.020447560839816234,0.11051244,0.059103955,107.666015625
genres_original\jazz\jazz.00047.wav,jazz,-201.8075,46.381466,109.284294,22.756289,-15.505195,13.716816,44.283955,8.654711,-11.047105,7.6710806,18.851799,7.1192923,-11.312692,7.368883,18.409912,6.2562065,-18.911566,6.1098313,11.226409,6.5216637,-11.899514,5.8124547,6.9697394,5.260401,-11.650191,5.5238104,7.0859737,5.7168527,-9.120557,5.980136,9.888988,6.8297434,-5.6546845,6.7078366,-3.324047,6.691238,-5.4509797,8.436221,-0.30501258,8.176273,0.3631643,0.32780045,0.341384,0.35905418,0.3520659,0.40084946,0.36110094,0.33267695,0.35828817,0.33268535,0.3684036,0.40543848,1982.1284065663644,503.3381061923736,2144.992278612522,299.83196330039823,4262.482558684453,1129.611782851962,18.24696050120567,15.131913489179675,20.262403457510807,20.87996781643347,20.55854848820627,18.930741353122166,37.59318238674027,0.09357350824787151,0.04409688147515413,0.05388066,0.023595426,69.83741554054055
genres_original\jazz\jazz.00048.wav,jazz,-204.8289,40.602955,117.45068,18.124168,-20.939705,11.794762,42.00593,9.007468,-10.364103,9.460075,19.208967,8.817796,-11.633759,8.110865,7.984112,6.501601,-20.264105,6.9459467,8.785672,7.2576575,-11.69737,8.430016,5.1714864,8.995209,-11.2389765,8.061338,6.061274,10.0151205,-5.141876,10.473661,7.8284683,9.637281,-1.191826,8.7033,-1.0728695,9.059239,-3.1602397,8.761619,-1.5336096,8.519134,0.3405441,0.25821173,0.3149114,0.24919431,0.29395443,0.25021076,0.2976533,0.34421575,0.2436812,0.24902324,0.2184174,0.33156502,1748.0333593267528,363.6638438883432,1947.6675290439239,261.7932104456742,3684.56105329673,881.9483967111033,20.836626494862596,16.106784167072785,22.22461223998584,21.559326510641625,21.32278643011597,19.364290805915157,36.605837959769374,0.0792973285119969,0.025587165006959588,0.05864249,0.01998443,129.19921875
genres_original\jazz\jazz.00049.wav,jazz,-165.46796,57.539486,87.24911,30.441158,24.815533,23.95092,28.417309,16.861963,-2.7805505,12.069844,-1.331789,13.953784,-14.06644,12.232794,-4.7474623,11.108632,-19.206074,9.844868,-0.59286374,15.477581,-11.947256,9.610723,-8.335517,9.151771,-8.235879,7.9171534,-0.42448306,9.856771,-6.424987,10.889331,-1.5306296,12.790228,2.0240119,13.805197,-0.4465538,11.484669,-0.90405536,11.773665,1.5472668,14.608138,0.12293695,0.10667384,0.18101853,0.1859953,0.27987176,0.35195297,0.20412478,0.20601869,0.2482603,0.36081642,0.17950946,0.09164935,2050.136011182281,724.4312485653154,2467.178066274356,373.8927736735049,4564.072401678599,1768.7113076855462,16.700226657317703,20.370120303471722,26.007748017462358,22.771838219536413,21.582333884579906,18.131258173195835,18.38628230535459,0.06479514863099846,0.04402998115700122,0.18441704,0.090602525,184.5703125
genres_original\jazz\jazz.00050.wav,jazz,-55.19004,31.715857,77.47864,18.556017,8.272335,14.684584,31.560974,10.832548,11.5124855,9.39847,11.753403,6.953135,7.877706,6.8003616,13.5176115,6.03393,-2.2645762,6.1899805,5.6161685,6.7982826,1.4572818,6.8157907,7.372973,5.846748,-0.9271542,5.3777037,1.6434429,5.316347,-6.0775332,5.325953,1.2362773,4.9879146,3.2791789,6.0025167,2.9196072,7.484191,2.4114404,7.756835,1.940294,6.472365,0.3518223,0.45201078,0.683478,0.3999118,0.30831876,0.3485055,0.3846948,0.5404313,0.42780504,0.3934703,0.32431254,0.3097373,2482.069759803357,456.93539228942933,2759.667879024035,320.01839815557304,5794.8316261126165,1179.5302707451124,20.71387612509612,14.302788641201222,16.991575656259567,18.515296555415226,16.666718510421404,17.134924437449172,17.80274089884816,0.08078258030185759,0.028326074518788227,0.19042452,0.028103214,151.99908088235293
genres_original\jazz\jazz.00051.wav,jazz,-260.89798,70.611595,138.52455,21.156857,-16.351122,18.56076,49.150703,10.552859,-5.258575,14.810737,19.354553,5.919561,2.2062228,10.856157,5.555695,7.0457754,-7.877213,9.537167,-0.1980923,5.8686085,-1.6170182,6.8826256,-1.7220757,5.269655,3.943696,4.911159,0.23985957,5.262176,-0.4268878,5.328855,0.23164412,4.911966,1.5121375,5.926934,-2.2414093,5.5658913,-1.4566265,6.1273847,-5.157089,8.35653,0.24668619,0.27670014,0.25799608,0.2868186,0.24083225,0.2265696,0.23021998,0.23054178,0.3115689,0.36816412,0.3568452,0.2554849,1193.8785302218275,366.1146891345755,1559.7834084541525,226.27486993740544,2480.734999334849,904.8406776909006,16.986605191011854,20.39920925914552,22.180660564252705,20.463363548597552,17.675205968549005,17.87554406342332,21.39964286659449,0.0424521242501935,0.020346408450458972,0.06975202,0.043183833,95.703125
genres_original\jazz\jazz.00052.wav,jazz,-91.2162,46.76441,82.6024,24.311476,12.171335,16.43852,36.692253,10.55724,-0.8373647,11.584266,13.415139,8.072135,5.6200523,7.4432855,9.662233,5.46561,-3.7782636,6.382005,1.8234929,6.6303434,1.545975,6.339906,1.2873138,7.4594307,0.82279134,6.120814,4.3992186,8.205196,0.5553937,7.7893553,3.8112535,7.7068267,-0.35386616,7.3018856,0.23312406,8.474734,1.8074713,8.809161,1.7372178,7.1437426,0.43605518,0.361422,0.42940202,0.37744746,0.3876628,0.39259857,0.3341226,0.3988893,0.3257455,0.34449193,0.26572108,0.33965,2291.4059616944,611.3460311448184,2593.4073695762804,384.1393009665205,5247.384936447852,1397.5792096673893,21.884620653079647,16.779596443910375,20.98049194342243,19.70301677205811,19.306743001547417,19.515150490292772,18.093803888161762,0.0774182771381579,0.0445108259656936,0.18859367,0.06745076,107.666015625
genres_original\jazz\jazz.00053.wav,jazz,-141.08891,55.919533,110.76341,29.77425,-27.475183,18.83795,51.973927,10.081753,-8.664053,7.0374846,28.615349,8.092078,-1.6129185,7.1480284,9.6620865,6.858781,-11.183888,7.673096,6.517714,6.6543818,-9.409994,8.292708,-0.12163673,8.0545225,-4.929937,8.580238,-0.15413304,9.61848,-2.6613839,9.194492,-1.8625249,9.315925,-0.02348819,9.911319,-4.2459736,8.986423,-4.2238703,10.03909,-5.637206,11.560941,0.25867537,0.16918969,0.22413063,0.41252416,0.3530043,0.46545807,0.2873297,0.3271025,0.44171125,0.28502795,0.29309577,0.22326915,1804.7156340756278,545.9801373584984,1861.8373889224913,196.6607546180261,3646.536283227312,819.2449236937096,16.968764451511625,17.373432902965344,21.209257864777666,21.595303788076667,21.40062093655335,20.55838973501252,23.348222521199958,0.07951917146381579,0.04778169133845097,0.1300118,0.03995832,95.703125
genres_original\jazz\jazz.00055.wav,jazz,-260.35196,51.375267,180.60806,22.190632,-15.362777,24.743876,48.56042,14.313479,-0.074327566,9.088181,5.4342794,8.236591,6.5999103,8.402059,-9.153326,7.1610184,-10.28985,7.221664,-2.988407,7.6183395,-5.823055,7.2379823,-2.9312968,5.6802907,-3.617783,6.188019,-6.6764126,6.1028333,-1.3511277,5.467201,1.9006733,6.6899514,-2.685754,6.035482,-4.6111813,7.8504972,-2.3806977,6.6704416,-3.110714,7.2361255,0.40270376,0.23682207,0.3232704,0.20814458,0.27423108,0.20410734,0.18807457,0.2356481,0.19331549,0.30007786,0.25738955,0.35069245,871.7686824803111,224.34765304462866,1205.520543613688,165.8807032044499,1632.7901267414861,657.3651923828805,16.901144988432005,19.922664404142544,23.850165596088086,22.618318172810447,21.53796720836727,22.434674574359732,15.918694286848247,0.03778284031540248,0.011459652741058646,0.09149874,0.035104275,71.77734375
genres_original\jazz\jazz.00056.wav,jazz,-38.042522,35.875725,64.98809,17.684433,14.297374,11.233511,21.284706,9.3213825,7.501908,7.3709517,6.3721075,7.0000153,1.933678,7.6624627,6.556061,6.9321423,-2.9327826,6.8196993,5.597701,6.995741,2.5014198,7.3468876,3.0295463,7.9897614,0.60874254,7.8800926,1.9923112,7.609555,-1.7813993,6.7023053,4.5158715,6.452964,0.06030115,5.799113,-2.0403485,6.193194,-3.8632624,7.9350944,-2.0456011,7.796268,0.313473,0.313833,0.3921367,0.39881307,0.41100338,0.42489737,0.38688275,0.39689064,0.38485605,0.3156149,0.31249356,0.41948867,2978.340196118377,519.9501319902151,3036.40644175023,251.87109745105298,6863.166832702448,997.9987460035001,21.511897477134458,13.37208960786589,18.01372207380764,19.070762397789213,18.386369074530595,17.825900685249312,17.619139438970286,0.11482508042279412,0.04388729435354578,0.19823949,0.04644267,123.046875
genres_original\jazz\jazz.00057.wav,jazz,-248.10942,56.893105,125.98793,20.031738,-12.599598,22.260925,30.244165,11.973859,-1.0903058,10.145097,-2.2130058,8.955614,1.9470434,7.351547,0.25160494,7.2000675,2.6987667,8.658445,-4.426094,7.5815563,-6.4816456,9.754995,-6.51706,7.3281045,-3.9940166,8.3697815,2.3482583,7.5554714,0.36170602,7.775273,-4.0673127,7.0037017,-1.5211642,8.532466,-3.530002,9.716657,-6.192057,10.664285,-7.346032,9.534592,0.35116577,0.31006312,0.25542954,0.24141552,0.13515988,0.15698533,0.12661782,0.2103074,0.23903652,0.21147527,0.35269994,0.2181041,1377.9769900941744,409.6102079791208,1773.537104860026,294.79535087265305,2583.9510418682275,942.7959769617759,20.622218110561136,22.355130696123666,25.004724270307243,24.47908141209082,23.087326386375526,20.94258584936586,16.75949982702592,0.06180650457140093,0.03635613276363216,0.07812967,0.04779489,95.703125
genres_original\jazz\jazz.00058.wav,jazz,-190.51927,55.473866,143.9857,30.800098,-28.421675,23.746527,33.79344,14.664434,-1.2972339,8.735257,-2.3015273,7.334411,-5.643836,7.198365,-3.6400135,6.2556925,-10.529327,7.127783,-2.8581393,6.6707916,-7.707229,8.909249,-8.583432,6.8242984,-5.3038983,7.522047,-4.025823,7.6116047,-4.786987,7.235488,-5.7614465,7.516946,-3.8844845,8.062304,-3.6434102,7.820036,-7.224798,10.227453,-7.6945863,10.06474,0.30907536,0.32357416,0.44780412,0.24304691,0.27466816,0.3971531,0.20409603,0.30581182,0.24810332,0.37969655,0.49021184,0.24528997,1546.508468476633,533.7731022866911,1581.2424965818198,238.27765000468295,2723.583530863003,891.8958650645567,16.94001039289054,13.138033461348611,18.33231674597873,20.48928821341889,22.088739758650185,21.8801650829647,16.60709280943178,0.09965699375967492,0.0564153885211254,0.08056084,0.034157574,123.046875
genres_original\jazz\jazz.00059.wav,jazz,-179.3741,64.81235,114.49272,28.949709,28.196646,22.791487,35.979305,10.332345,11.041098,9.429156,12.684317,8.99321,3.8171391,8.342751,8.518316,8.359772,-0.014726858,10.65002,5.4623322,8.679657,1.0599641,8.349354,2.632229,7.2432013,-3.7399516,8.319434,-0.29827726,8.852257,-0.73307246,9.007446,2.5585303,8.687796,0.18569833,9.0241,1.5453789,8.871314,-1.2458051,10.140632,1.3970997,9.666641,0.2885035,0.27772546,0.39917558,0.36454532,0.28870505,0.32495975,0.27923203,0.40243763,0.31613955,0.25685403,0.32594663,0.28387275,1397.4044755755383,595.3511852800216,2136.074872989545,493.07796192519214,2932.4989342468075,1885.1178111551123,20.736113397164697,17.431851602702935,22.645457434916807,20.721685738532813,17.967843583518885,16.677773252838143,16.400986499803626,0.03827792424535604,0.027069492176961425,0.18266174,0.07040805,107.666015625
genres_original\jazz\jazz.00060.wav,jazz,-190.39607,48.44907,129.50662,23.590088,-7.83752,20.971333,20.721296,14.09921,2.1918204,8.02303,7.7923746,8.079979,6.190218,6.801381,1.3512998,7.4893284,-1.59206,7.3094144,2.0195136,6.9676538,-1.9929141,6.5117803,1.1642934,6.6848297,-1.3514087,7.8118286,6.4100657,7.6496797,-0.2019435,7.9858313,-1.5658294,9.49894,2.241673,9.255059,2.0431113,9.359729,0.1735426,10.68673,1.174132,12.774733,0.2437143,0.26918662,0.27070558,0.28433472,0.2544885,0.4185132,0.28906095,0.32454926,0.27392083,0.24982372,0.2991128,0.24224891,1428.0387423978177,421.67288226597424,1887.5348651112279,390.5271448751231,2730.5418221205014,1187.5224729666277,19.81757109998207,19.07102134756056,22.865117692136288,23.210982525445523,20.50372861847195,17.411581185454118,14.83247000481972,0.052423719282120744,0.020810923822698415,0.106615424,0.04552915,95.703125
genres_original\jazz\jazz.00061.wav,jazz,-23.235779,36.968575,82.91702,16.777876,2.0489416,15.056885,29.505756,9.759755,6.599293,7.1402555,6.4949236,7.313947,-0.6966998,6.884385,6.1728396,6.814528,-3.422003,6.6388264,5.594521,6.5140214,-0.3769912,6.084682,3.266179,6.270428,-0.20612174,7.0422544,0.31981882,7.108422,-1.6405317,6.462338,1.4783797,6.1535416,-5.3323555,6.5254226,-0.03777906,6.015173,-1.0947468,6.576574,-0.042596113,7.4001145,0.4395338,0.4209308,0.37622392,0.41835594,0.34130883,0.3936334,0.38399935,0.4194457,0.3657144,0.3013073,0.2904002,0.2916847,2456.2698596396212,467.3069875536774,2654.9023182833403,290.55601803307707,5466.591944266399,1142.491993858988,20.013473888483777,14.50658651802931,18.92131590188563,20.857360231708142,19.386198413451456,17.92587921294167,17.41552858277439,0.09449413760158669,0.03362244966486635,0.23234327,0.037607085,172.265625
genres_original\jazz\jazz.00062.wav,jazz,-168.12323,54.142513,108.27153,18.770966,-14.1499405,23.80942,30.45763,14.775896,3.894506,8.46977,4.6765637,7.6217194,3.1879177,6.6665263,1.9276346,7.00314,-1.1426723,6.774965,0.23471792,5.953602,-5.2468896,6.1981163,-2.5546732,6.143224,-7.2195997,6.135872,2.7779324,8.818018,-7.115771,6.8167186,-4.6758766,6.029432,-4.034606,7.396189,-1.6126767,7.1016474,-2.0187652,6.7826605,-5.0494366,7.040338,0.39274564,0.23993349,0.17712863,0.1675256,0.24607864,0.35890839,0.25527194,0.3616303,0.33944643,0.25221315,0.31437877,0.32259312,1725.6345298073745,331.7060560867068,2091.1137406659923,322.3510250363901,3504.7121408184985,862.2737785668918,19.678842406654507,20.408900318382358,23.03167303605993,22.340496529813784,20.89510302068246,19.231331626815603,16.584040872985316,0.06752226743904799,0.024040103248219986,0.09780148,0.033794496,151.99908088235293
genres_original\jazz\jazz.00063.wav,jazz,-51.34779,31.94633,85.20031,14.919915,3.6435587,15.606611,22.86177,7.9854393,-1.5293605,7.5864906,6.1102853,5.7821493,2.4109144,5.3846393,3.6449344,5.5242934,-1.863228,5.679152,4.3669353,6.0106106,1.0871079,6.1003294,0.77976483,6.8562665,-0.7364632,5.80968,0.4121071,5.4167113,-3.3764591,5.9132743,1.4221644,6.765252,0.40555272,6.948103,3.6520278,7.507682,-1.3677119,6.850663,1.219079,6.623576,0.33850256,0.39004925,0.4669594,0.39595538,0.42195523,0.47184634,0.35695013,0.36860284,0.32101706,0.37413105,0.34921148,0.31130418,2475.6009489427947,379.7686316960994,2687.0691133944065,279.0089059271822,5544.583139330979,936.3145426928625,19.075947654965297,13.516068158665854,17.298456812848404,18.250087863810627,17.650820447725906,16.933251446003524,16.177554486708168,0.09815057807662539,0.03078821560006177,0.16229047,0.039159276,123.046875
genres_original\jazz\jazz.00064.wav,jazz,-69.50922,39.183567,125.97758,17.578836,-5.173289,18.253582,30.769236,7.911588,8.304397,6.603186,5.0812526,5.775462,-3.9214041,5.6378284,5.376409,5.7038593,-10.774685,5.4033914,9.034488,5.147345,-8.263985,5.674053,4.7895856,5.7382665,-5.1241627,6.0843754,2.210665,6.0016413,-4.779985,5.6015186,0.6230318,4.869011,0.031627405,5.081186,1.2315758,5.998138,4.03092,5.853754,5.085666,5.6908927,0.43463764,0.34286675,0.39985567,0.33619896,0.3658794,0.36683556,0.3409978,0.5683198,0.41104588,0.4217229,0.28916478,0.27899063,1575.4538722228804,268.7299996310142,2069.892648862584,307.4667178133807,3341.013130684017,828.8391046159558,19.242813673523003,14.624571898643675,18.55706914318999,18.011423555613497,19.375594339501678,20.042211235640398,20.118935077424588,0.0558798586251935,0.014763534176940473,0.21197514,0.045687884,99.38401442307692
genres_original\jazz\jazz.00065.wav,jazz,-235.67885,72.692154,144.76765,17.09712,-22.600695,22.238768,62.560963,13.164456,-9.326273,17.149652,2.0168686,12.074395,-0.34364957,13.95394,2.0165105,12.868347,5.5604534,8.711293,0.30436003,10.484465,9.439982,11.712439,2.892706,12.350867,2.5626411,9.705423,8.452764,8.605184,-2.3104289,10.745948,2.5675395,9.741785,-0.070640065,9.707013,-1.6368356,9.665245,3.2509475,8.700325,-1.3214442,9.546175,0.2855866,0.23630595,0.18820979,0.275472,0.24713992,0.32764953,0.2032935,0.22172566,0.30328634,0.21612875,0.24305546,0.22445954,1338.2362329095945,378.46733146178605,1518.9947756333727,181.79474478995274,2755.6916700428114,837.130000560629,15.67679329318004,14.549195476015846,21.595905637017463,20.266531247543632,21.83353395030608,21.342326508654693,17.889769424522225,0.076529393624226,0.0338244621854336,0.08226342,0.039963868,99.38401442307692
genres_original\jazz\jazz.00066.wav,jazz,-117.8876,39.375267,122.55041,26.904936,-13.149182,14.63121,26.755905,7.849729,4.313922,8.9108,6.866731,8.631606,-6.814441,6.6046696,-0.33922082,7.403871,-8.199784,8.657102,-5.0079026,9.546372,-4.495015,10.013683,0.12167708,11.293285,-4.65189,10.435133,2.848796,9.604777,-4.971283,11.703156,5.5497994,14.135607,-1.2209272,11.423082,3.5765634,12.148487,-0.343014,11.551077,0.49348417,12.415877,0.3547263,0.21877366,0.25309268,0.27938586,0.18138365,0.2972433,0.22261487,0.35754552,0.19697574,0.2716556,0.30679888,0.16760348,1579.0127661124945,345.7579381462779,1853.5460037865291,235.3134902587242,2967.2070577048667,755.3955618026823,18.68830056078802,19.06540056731253,24.54765906319192,25.120554378785954,24.465765073422226,21.785751028895874,18.948245040800106,0.08824663191756967,0.03142804304019163,0.17267226,0.03940552,129.19921875
genres_original\jazz\jazz.00067.wav,jazz,-177.27713,36.34207,144.32156,26.671106,-17.265924,22.286201,55.68605,19.680431,-21.2419,12.269741,0.3528043,12.86989,-1.5769509,10.862286,-10.402746,9.124178,-5.176472,8.764295,-0.51418144,8.466174,-8.736716,7.831399,3.868864,8.651918,-7.9537654,8.300195,-3.0112581,7.7707453,-2.744769,7.506116,-2.610157,7.18732,-2.2276328,7.8204775,-1.9513525,10.486495,-0.024020262,12.378593,0.7622668,13.145252,0.34828848,0.276687,0.1528031,0.19418386,0.1664852,0.1958988,0.22390752,0.27459145,0.3315371,0.23175545,0.20327036,0.24087043,1354.0919077083556,444.2333543006302,1566.788757468745,310.5222801364537,2830.5412174378384,1120.1245710860055,14.259702602441942,19.186749998218563,23.572307913296505,21.599036951069415,19.747978865724722,21.740214429367413,17.668157459614097,0.054945623911571206,0.024877625231782788,0.1380443,0.036039393,99.38401442307692
genres_original\jazz\jazz.00068.wav,jazz,-204.39252,70.133545,138.57968,26.316895,-10.791186,21.066082,46.552383,11.132001,-22.306913,12.088848,9.692935,9.483115,-11.09484,8.32581,-17.79885,10.24641,-7.586271,7.779451,-1.6000779,6.3936467,-7.6503277,5.9010406,-1.0194095,5.5481873,-9.977279,6.689276,-6.6626024,6.944434,-3.8579152,6.761322,-5.062098,7.325438,-2.0349166,8.610362,-0.2698917,7.8710575,-3.1960154,10.097558,-2.4486814,10.055337,0.23507658,0.1879735,0.27198833,0.2843486,0.27638954,0.37441042,0.30882084,0.32860455,0.20369506,0.27879065,0.35333416,0.319888,1382.7307308073396,432.4876659642514,1642.9065020667172,191.9943912600567,2832.566205193015,1045.202358463501,15.877505776715989,18.30534920719368,22.281505791596178,22.07905987257501,21.105591524600346,20.87160251644276,19.60786775888874,0.061230544335332815,0.029297360379693944,0.099523455,0.062770024,73.828125
genres_original\jazz\jazz.00069.wav,jazz,-159.2706,55.682686,92.04842,22.923265,-16.75185,23.143154,27.393675,14.917077,6.1041913,8.910956,3.2399652,9.971093,7.1759634,9.371581,4.0307016,9.82144,3.5977046,14.263104,3.5440965,9.76702,-0.5867413,8.597643,-3.7236729,9.749163,-4.721016,9.412075,-2.5898597,9.322859,-3.304094,8.379495,-3.5473342,6.7078857,-0.8847745,8.266577,-2.3104534,11.358193,-0.94630796,12.095053,-5.4530067,11.196256,0.29125434,0.21500659,0.25828323,0.24818416,0.27067026,0.21120086,0.22219837,0.3774928,0.25165933,0.32004115,0.1879682,0.19264233,2009.8139341354786,424.9911090495574,2227.04987536481,371.7897578754382,3910.6930192410023,1120.5525712293365,19.100230396018812,18.879335989110455,22.017851513292516,25.01835285987851,22.11207697513023,20.495392586824796,16.677985298568277,0.08743219995646284,0.028978569800943755,0.11175289,0.03792877,151.99908088235293
genres_original\jazz\jazz.00070.wav,jazz,-237.90088,61.372303,155.81622,31.23801,-9.225844,24.512512,13.1981125,12.607346,6.609401,8.880466,8.891292,7.998841,3.9802096,7.158108,0.24934213,7.8408446,1.7425677,7.251055,3.3538349,7.007577,1.1899073,6.7835617,3.630348,8.612681,1.1625512,9.795528,4.7921743,9.27455,3.4717696,8.548243,2.0584624,11.100605,6.528012,12.369795,5.6560874,11.760087,1.8122178,11.445372,-0.2460931,12.761878,0.25096023,0.25050363,0.43366224,0.33415917,0.32800344,0.26135057,0.18314813,0.27993453,0.22762564,0.29743668,0.26787546,0.20503263,1117.5098786077247,402.3898011990006,1545.4654904671056,378.9347672748384,1957.1131656044408,931.3443366361313,20.967682714104,18.33557689354798,23.14773874461694,23.493950801983967,23.452754309637115,19.393728194077347,15.149523271236719,0.05003635654508514,0.023468163480936752,0.08643475,0.036649115,103.359375
genres_original\jazz\jazz.00071.wav,jazz,-228.39198,55.235775,170.40263,20.938803,-16.07386,21.324972,43.96471,10.535926,1.1009046,7.430461,3.996799,6.900651,1.0781354,7.876183,-7.2046056,5.51262,-12.514962,6.859207,-4.4187326,6.3374267,-6.0696063,6.4046164,-1.3367635,5.869603,-3.1518414,5.770756,-6.473728,6.023826,-3.3002412,5.9531627,2.1554031,7.935991,-2.3049686,6.491963,-7.364892,7.487988,-5.195212,6.666049,-2.8603556,6.9758906,0.37925172,0.2787678,0.19818021,0.25696102,0.26503736,0.2099368,0.17932962,0.35793877,0.337026,0.26681292,0.29632637,0.3013999,971.547588006961,243.2856782902256,1301.6522166682255,158.01703182401442,1795.922473635836,633.525723847376,17.006168745425665,19.949628890398028,23.529447041149062,22.200322131296303,21.708586744307222,21.046166025785364,16.082645159761096,0.04257495041602167,0.014509823477799439,0.10031754,0.035322137,151.99908088235293
genres_original\jazz\jazz.00072.wav,jazz,-202.82193,64.45369,145.73984,16.829155,-23.568312,21.580725,47.84978,10.280909,-14.344828,11.139387,1.6427219,12.5731535,-7.065169,9.065204,-11.1300125,7.647737,-4.5997396,8.763165,-3.6073794,8.510728,-3.788098,7.505847,2.0468264,7.394918,0.84362894,10.275156,-2.019152,9.57565,-1.0314072,10.596627,-1.4507908,10.725396,0.78107613,8.07626,-0.3952422,8.107184,-2.3347764,8.656896,-2.0125751,8.415026,0.25839433,0.19220556,0.1922477,0.35022232,0.22322087,0.27142948,0.24858743,0.25448623,0.21892767,0.19582424,0.35056758,0.24653715,1336.3698511878918,283.0942593044808,1554.5046777257078,192.89168529356124,2751.675027664232,697.8725139925942,15.928733288118815,15.745843667809819,21.346610747012278,19.570075562557353,21.239808412724805,21.110697397836145,17.41063722128127,0.05873471664570434,0.0203656481525029,0.11051283,0.059103493,107.666015625
genres_original\jazz\jazz.00073.wav,jazz,-84.05435,43.966354,63.061363,17.206638,5.6391883,21.491482,24.924852,9.906047,6.21167,8.267868,-2.904058,8.556127,-0.36405933,7.5379667,-1.0757003,7.1387997,-4.2446465,7.2180257,-2.3303053,6.0302134,1.5680953,5.9549546,1.9355129,5.920159,1.5438601,6.543707,-4.4644966,5.264633,-5.3008647,5.7500663,-2.9940894,7.193727,-2.8913956,6.9098353,-3.3203404,6.920906,0.32845315,7.1913605,-3.9741752,7.7893653,0.550385,0.31641197,0.33277562,0.25499955,0.3011514,0.3207757,0.31010857,0.4070671,0.3151152,0.3378326,0.27129257,0.27057394,2968.60250464515,599.7729286815454,2922.5207113909246,394.4219464412315,6416.76119872291,1428.9259878735963,20.72811022120907,15.681255111822356,20.825926067495008,20.455105014581257,20.36536240830417,19.55497853878353,17.370046387326077,0.1297546953608746,0.043444804349418525,0.13311215,0.057108838,112.34714673913044
genres_original\jazz\jazz.00074.wav,jazz,-149.19681,63.837368,79.0861,27.457115,2.0091488,28.63037,27.607029,11.22766,0.31506643,10.42856,1.7276528,8.535494,-3.6130915,9.186724,-0.16500682,6.824933,-5.0356708,6.537673,1.2518123,6.259373,1.146215,6.3368263,-0.6187954,5.9653015,1.8201314,6.9562583,-2.0573413,5.746501,-5.999064,5.994525,-4.919182,7.137634,-3.9601038,8.281053,-3.5674088,7.9986997,-0.8571692,9.154193,-2.181991,9.506386,0.22202523,0.23637027,0.47976404,0.3025917,0.40563342,0.28005886,0.2650827,0.3993574,0.2373889,0.21140863,0.2259015,0.27385998,2414.857050479083,714.807831053743,2552.5429673290614,524.9435262925392,5135.260614448288,1701.9786056056387,21.440540330252247,18.623354219495074,22.44871995433848,22.090823645210694,21.579065568667293,21.244499331954636,18.74521030630179,0.09557311822755418,0.042826117392090725,0.112695016,0.07020984,83.35433467741936
genres_original\jazz\jazz.00075.wav,jazz,-78.2242,40.55102,63.21851,16.917934,-1.6562833,20.258236,21.022593,8.46437,4.470186,8.750405,-3.5898204,7.2354345,-1.5619467,6.650162,-3.069639,7.5354424,-6.07829,6.123249,-1.9560667,5.909121,1.7820154,5.906778,-1.2156534,6.58504,0.9424572,5.500873,-2.5629067,4.920056,-7.7692623,5.6722794,-5.9337397,7.449113,-3.0165124,7.6330543,-2.46196,6.5997295,-1.0239958,8.777409,-5.111242,9.674338,0.38543394,0.25377178,0.28467968,0.3595492,0.2832873,0.41076747,0.25327274,0.33653194,0.2564722,0.2583674,0.25203028,0.19094323,2902.8282153333053,579.2141449847832,2855.1189518850565,391.1318291186857,6198.312519652187,1440.2365422890841,22.29958800409183,16.124448615487047,22.183186956850736,21.233031131229353,20.901491838104143,20.083232067954505,17.41845706258372,0.12654912139609134,0.04441345215185112,0.14682163,0.064306974,103.359375
genres_original\jazz\jazz.00076.wav,jazz,-154.29288,57.90204,110.68495,22.559677,-22.299717,27.375137,21.146955,13.229788,4.267235,10.495524,4.7490644,9.165307,-4.0923247,8.469403,-1.020666,7.180427,-6.4128003,9.479079,-9.245783,6.7232084,-3.6310499,5.9953327,-5.5030346,5.859662,0.536892,6.5105653,-0.5116375,6.031403,-4.807277,5.443243,-11.2095585,6.5271106,-3.9384494,5.48381,-1.4645185,6.8661447,-4.413699,6.6783633,-10.600424,6.84896,0.42084894,0.30755106,0.41193217,0.3119573,0.39183664,0.24901895,0.17901434,0.29173374,0.25311175,0.28173354,0.19725145,0.34146583,1733.583196998827,383.7365126793536,2068.043895852972,417.2699686814901,3379.546231012964,1117.0888092671744,26.31960669575057,20.55892008174543,23.714454085728235,23.408111463548323,21.798149593264892,19.29055625992625,17.457914412228043,0.06871462606424149,0.02770287215460793,0.119166136,0.05486709,117.45383522727273
genres_original\jazz\jazz.00077.wav,jazz,-77.089676,39.87126,64.52771,21.823551,-2.848515,17.539276,28.53128,9.426487,4.6849046,8.661528,-2.814512,6.67957,-5.947363,7.784368,1.8981452,5.636428,-5.2051053,6.576914,-2.3232338,6.007591,-2.9395368,8.3781805,-6.1481023,7.273802,-0.76354444,5.842874,-4.4824996,7.398834,-4.159946,7.0461035,2.124515,9.946873,0.8419236,9.006683,-2.6640372,8.371176,-3.3218763,7.786157,-8.301835,8.5150175,0.26860565,0.25630164,0.3230976,0.27797192,0.371769,0.40184602,0.25100055,0.24894445,0.2849669,0.47965223,0.32342842,0.20240387,2777.976524524572,515.8906624026606,2691.2404901834752,360.6451258955497,5813.648178998162,1228.8604372252867,22.27094095995103,14.50417705129687,21.233908895993352,20.75997604293336,22.093785741100277,21.211548093878232,18.934063752187015,0.13090245863970587,0.03793853689999331,0.14569664,0.05533127,184.5703125
genres_original\jazz\jazz.00078.wav,jazz,-141.49684,59.87349,70.90452,24.353771,-0.52323115,25.155525,33.573048,12.609295,1.4106365,11.210481,-9.186746,11.6798725,0.7554331,7.9113164,0.5403756,9.160141,-9.192057,10.018083,-2.5710373,8.1496105,4.0803123,6.3574524,-2.218427,7.8993278,-0.69174725,6.370471,-0.82226485,6.9288836,-6.4834576,6.676869,-5.997157,8.414516,-4.2439694,9.067837,-3.2427416,8.214544,-4.072898,8.339933,-6.5609474,10.035437,0.27239975,0.23665676,0.34362614,0.27105412,0.3794964,0.33575958,0.23780657,0.22665305,0.22459435,0.3010128,0.18704164,0.17770429,2503.139918026569,577.3385392426466,2598.4802162770143,438.81941383772676,5155.093827852893,1517.7301253118947,23.00389766097257,18.36371563484026,23.27626988767332,21.930909315393343,22.605257000991656,21.795914022782107,17.59697560874827,0.09583048628579721,0.03754695804986568,0.11916368,0.06588009,80.74951171875
genres_original\jazz\jazz.00079.wav,jazz,-163.53947,30.906681,65.97194,22.41832,5.3612895,13.438852,41.897198,10.866329,7.0257664,8.45627,5.5014386,7.656916,8.930416,8.049272,2.6784523,7.026784,-0.1825785,8.0004635,5.155423,6.558649,10.491717,8.580425,3.3298645,9.31059,3.8408947,9.76276,2.5506477,8.564269,5.6973057,9.089651,-1.0907345,9.792921,-1.7849189,9.896698,-5.19906,7.808696,-5.654559,8.291388,-9.76699,9.679184,0.2942953,0.37289906,0.21344641,0.33616948,0.33226845,0.23954172,0.39483228,0.3439614,0.33928022,0.47504362,0.3466746,0.370989,2634.319273980018,600.9023396889735,2728.5025076868055,344.4902469085754,5562.633030185759,1287.3442515476006,23.081106047941972,17.001159783731662,22.105596606001193,22.1636483898675,21.08069263061273,19.924746577679457,17.860114304220527,0.1078761428502322,0.037143322475382066,0.06984886,0.019650148,107.666015625
genres_original\jazz\jazz.00080.wav,jazz,-117.24632,40.276615,56.99422,16.72587,-2.109928,10.258208,35.616062,8.852742,4.713422,8.9081545,3.890102,6.0194616,11.592064,6.7119308,6.0787044,6.012383,0.5825714,5.9466786,2.2747371,6.1633034,2.6996386,6.6079497,-1.8503127,6.405052,1.6808271,7.5105977,0.3939451,8.672282,2.0524464,7.954798,-1.1958259,6.7161098,-1.066449,8.961225,-6.282375,8.739187,-5.3911533,8.064386,-4.8702927,9.071324,0.37469706,0.33784136,0.3707934,0.3173009,0.39060116,0.37496388,0.32290122,0.45782328,0.44711763,0.4694985,0.32564226,0.25550294,3029.035019092715,464.632385859787,2828.8683421725436,254.38278456791804,6201.412500907024,1023.4395819611707,26.439002091859276,15.782000936748634,19.44256306219724,20.8071556140091,19.223569528192453,19.023434502222937,16.758018477589328,0.14035780584849072,0.03568399011356322,0.0757338,0.019160625,135.99917763157896
genres_original\jazz\jazz.00081.wav,jazz,-228.37154,53.67492,67.53677,24.082285,37.07984,17.795279,21.325258,10.913753,17.058424,7.723554,10.142423,6.5910945,10.776463,6.703859,8.010919,6.61472,2.0421867,6.4543715,0.2971386,7.0868573,2.4991305,7.4260025,3.8471446,6.327367,1.5821794,7.3217216,2.832255,8.118368,0.043775763,7.3286138,-0.19756235,6.287476,2.3157344,7.5621896,3.2987053,7.9254975,4.046379,7.0707603,-0.18987432,6.7851157,0.4789477,0.47620517,0.69004893,0.5271517,0.4515714,0.37649238,0.35098302,0.41857278,0.35550493,0.3725381,0.34457186,0.4597428,3027.140362803872,1016.5886696962856,3302.676301855675,423.0698397226063,7278.83931918779,1693.1340763494495,18.746761991736403,14.853891072311704,18.681350379722282,18.926696829078722,19.2956863489527,17.270003952691003,17.6436235101426,0.10014829842298761,0.06212766672337261,0.043215886,0.015516095,117.45383522727273
genres_original\jazz\jazz.00082.wav,jazz,-158.2061,66.02717,49.602417,25.725492,21.594702,18.376617,16.516554,9.766797,11.422575,8.534672,6.259136,7.0699344,5.633524,7.060982,-0.19963425,5.7466106,-0.24266586,5.147936,-1.9968201,5.5099716,2.022939,5.8792195,2.6891398,5.66881,-1.4565204,5.374229,-1.8059658,6.0286603,-1.8253204,5.8559604,-3.3063495,5.3840437,-1.5225009,5.810438,-1.1878134,6.156152,-2.9898036,5.8093367,-1.8677343,5.067066,0.4690565,0.36405757,0.46713436,0.37756386,0.44108316,0.4180783,0.44088033,0.45531264,0.3178539,0.33340105,0.34640244,0.38767588,3906.2972143441307,1103.5134500744725,3328.954589433915,369.0823421193652,8037.609731006917,1595.3170183130812,17.847218023154127,14.441590815948832,18.091986455440374,17.88372283567117,17.79079901912996,16.789189065575428,16.356395750954405,0.20684871142124614,0.10547509795840737,0.047840312,0.019113017,99.38401442307692
genres_original\jazz\jazz.00083.wav,jazz,-126.01213,44.376926,56.60823,22.01576,23.495506,21.321302,23.700129,9.711054,-0.3036549,8.044332,7.1513724,7.815665,0.16874294,7.922158,-0.8434282,6.863022,-4.156273,6.799992,-1.8949323,6.568543,2.5230918,7.196537,0.5281127,5.944987,0.92665267,6.181286,0.042565692,6.1652102,2.9119654,6.947468,0.1204047,6.5607624,1.313123,6.26426,0.37778202,6.2581215,-6.1331954,6.3135166,-4.9485555,6.332887,0.34423438,0.4531321,0.5041628,0.49575892,0.58241886,0.43467113,0.40124643,0.39420974,0.35068476,0.34808424,0.36467278,0.4758511,3393.857478271707,754.3106192857704,3147.780755442214,324.9441151482423,7235.039584038796,1243.6266346988593,23.198415098927796,14.051962247458212,18.78001064575039,19.006451424713187,18.608241267684516,17.067854706030815,16.359322989373652,0.14970204261803405,0.06094072032422024,0.074288204,0.023502482,107.666015625
genres_original\jazz\jazz.00084.wav,jazz,-178.09238,50.038673,61.942623,19.260643,1.4681733,17.899202,36.045937,10.396455,7.5810137,9.565381,5.153892,7.597252,-0.9176271,7.0725913,2.9412882,7.264452,1.4490772,6.0651746,2.1342268,6.9831543,5.1702733,5.1221466,2.0257974,5.75025,0.51068854,5.9712086,6.528254,6.2916794,2.6033716,5.625001,4.8549476,6.9130816,7.9310346,7.0565634,4.5274725,7.0707135,-1.6060568,7.886023,3.7312236,8.495554,0.47001818,0.41659763,0.4478022,0.38680476,0.36788002,0.3307276,0.36780164,0.42240995,0.3130164,0.42992306,0.3819709,0.38044247,2874.7793906046186,579.6298723388718,2802.5978547939376,346.97767293801894,6138.46288155476,1157.7799910819995,21.298844775637313,14.87869184971538,20.96907280430687,19.58937949067845,19.15656169824548,18.041636428805514,16.42028221800897,0.11833828669214397,0.05503498699285616,0.051637337,0.02152692,123.046875
genres_original\jazz\jazz.00085.wav,jazz,-131.93135,45.454372,61.59087,22.685814,-12.654589,15.32463,35.085182,11.895948,-2.1272988,9.112964,-0.9491929,9.26758,-4.837914,8.947121,-4.1055217,8.749376,-3.2856128,7.457354,2.4962208,7.5871253,6.411373,6.988269,3.4233503,7.6695833,-2.8839264,7.623167,3.229511,7.8259106,-1.3421865,5.8532853,0.86595935,5.977503,3.6739004,6.4998612,0.6368783,6.4633975,-0.36149603,7.841046,6.3308907,10.024171,0.3152968,0.25130597,0.24290559,0.41940042,0.3311176,0.5440165,0.4896945,0.30431813,0.27275345,0.21208616,0.3024287,0.22072113,2861.0669041187775,564.7934704769445,2566.5628642485667,317.7307633759816,5606.249433110004,1137.8939503981348,20.266395858193867,15.855537080502607,20.899007789768426,21.64850851795438,19.990854206757664,19.334786241986976,17.110667391502187,0.1475769609858746,0.04777080325198311,0.07136117,0.028194612,80.74951171875
genres_original\jazz\jazz.00086.wav,jazz,-156.61226,45.70199,22.763254,27.987726,10.495277,15.42292,24.156204,10.774041,10.143046,10.090189,2.969647,8.652363,2.4915147,8.802054,0.48371983,7.9793763,2.6910138,8.321745,1.2310426,9.256949,3.3316617,9.820637,-7.8197885,8.267258,1.1087779,9.354813,1.8791414,9.813108,2.3311465,9.1177225,0.72104543,8.395366,2.9955826,9.332249,1.0147958,10.40405,7.6109095,10.730768,-2.053713,8.341548,0.3181786,0.22426149,0.35848224,0.3315809,0.44354597,0.25566947,0.28549165,0.5832153,0.26589754,0.3497808,0.2867644,0.34624237,4136.053468579488,735.7347607827646,3220.9346750305085,259.69157824424923,8258.125064247533,1094.4592875639414,18.072431379988025,15.702370782286586,22.468964047778258,22.264782149396876,20.76476279259102,21.371843014724295,19.29793713869687,0.2617017433001161,0.08808942624777892,0.052408926,0.020316938,135.99917763157896
genres_original\jazz\jazz.00087.wav,jazz,-341.018,85.17031,89.85991,34.320854,44.511982,19.993744,28.827593,16.357512,16.317823,13.847762,10.590869,13.1799,7.000736,9.73306,0.82006645,11.255189,6.097488,9.97197,7.125774,9.469771,5.411661,8.684675,2.735858,8.814289,9.361677,7.164631,5.570951,4.8082733,3.7773476,4.4231052,3.1608663,4.23078,0.28721145,4.430829,-1.3718239,4.495061,-1.5763365,4.022664,-1.984961,4.2949924,0.2990369,0.3988202,0.69814664,0.49838752,0.3415931,0.24177112,0.15960582,0.21762352,0.25784037,0.33842832,0.28899515,0.36272663,1845.8761145516376,855.1555181768413,2730.8698084088583,584.8707687824635,4330.4238145196405,2647.9662259558463,17.967401438493923,15.445336613990602,18.69615442313706,17.50226169050792,17.22876255765028,16.02190280432842,14.520964642294757,0.04282929506095201,0.029168127310344284,0.04579199,0.03449992,135.99917763157896
genres_original\jazz\jazz.00088.wav,jazz,-192.50781,55.11416,80.95126,21.205656,25.701668,21.466263,18.5341,10.679464,14.171379,8.92185,1.2654692,9.03209,4.0929475,6.624981,-1.4168408,8.344035,2.6607606,9.140303,5.235185,8.510944,3.7162201,9.090335,0.2937416,11.767323,7.3394523,12.022224,0.8875506,11.059682,-1.2227072,9.292606,-1.3455075,9.483547,1.1447128,7.6141033,2.6570992,8.3569975,3.21158,11.404389,-3.0025358,11.710739,0.2533342,0.22333987,0.30747607,0.2741692,0.2279992,0.38918152,0.26883215,0.3649351,0.3362144,0.30711576,0.3479908,0.19213642,2428.6412687077973,664.9507819576237,3007.4099703213597,480.1662897703997,5927.730822489358,1939.6113250210888,20.26716841159083,17.977511745074732,22.745529092392072,23.641678451327454,21.355561312858423,18.15561032812019,16.370935812885115,0.06904795738196594,0.03236378008979239,0.09153846,0.03877003,129.19921875
genres_original\jazz\jazz.00089.wav,jazz,-322.49924,50.016747,90.65098,24.783588,27.027184,16.64105,37.856743,12.682043,19.709015,7.908317,4.6093187,8.665318,3.0706127,8.202751,7.9708104,7.9712234,1.9372374,8.713224,2.0878365,7.68372,0.44746575,8.984248,4.8929596,7.168862,13.060921,9.365223,0.41256195,11.92626,-0.7214642,10.276375,4.703701,9.379168,1.2312224,8.471531,-3.745362,9.106712,1.6888138,9.042308,0.39244708,9.054512,0.39618462,0.3042852,0.42725334,0.27943176,0.2535925,0.15827358,0.14221531,0.18831089,0.24277097,0.2680986,0.2715466,0.43291467,1787.936479244805,681.9112521072466,2485.6819876272198,387.42790167908726,3905.668049626306,1730.8848072834992,21.465167505546106,19.185471423130657,25.34768287177116,21.855927566169086,22.2054120640272,19.25385454554687,16.196658482698144,0.06275774598490712,0.05818168689811737,0.04502918,0.028519806,117.45383522727273
genres_original\jazz\jazz.00090.wav,jazz,-217.62901,41.283325,105.62872,21.700018,19.315361,11.55339,28.35325,8.394642,8.654835,6.9338593,0.14365205,6.828608,6.3657665,5.5209713,-2.5397053,6.0465055,-12.996928,8.379093,-11.149584,6.245324,-6.152888,5.5478745,-7.734215,5.8367443,0.42279667,4.9084787,-1.261135,6.2479954,1.7099494,7.3160124,-2.302344,10.128253,-3.8114839,8.5834675,-3.6843863,6.648928,0.5768568,5.851749,0.57314515,7.3136253,0.27247727,0.23661833,0.48597732,0.26409096,0.3175981,0.40474647,0.17217086,0.13394031,0.12540965,0.2920432,0.22222698,0.31269464,1875.229063578226,535.3561470222485,2569.5109758059184,426.33247548684596,4292.8490417291505,1573.7309693838652,17.679892091947067,18.30641291904293,23.797652093121823,20.74689246952607,18.274035187853045,17.70645657781459,14.985730657597067,0.054154245476973686,0.01530488869640677,0.061363127,0.02040664,135.99917763157896
genres_original\jazz\jazz.00091.wav,jazz,-299.40533,59.786972,60.777206,49.902126,32.098515,13.166557,25.695833,12.219015,7.463468,9.767377,-1.2953769,8.831732,1.8622718,8.244641,5.2616196,10.659057,-5.529667,11.486309,-3.1035628,13.059828,3.6464572,9.373228,-2.2974072,9.533224,0.8934428,10.521889,3.3417819,10.454515,7.2738442,10.4292145,5.9343653,9.510258,-8.263965,12.147038,-0.462542,10.381303,1.9967841,9.876757,-7.015196,14.615651,0.27280372,0.28855622,0.22543184,0.2717843,0.24232298,0.23705469,0.15686786,0.17671324,0.22388397,0.26685396,0.22067457,0.18861221,2958.8527443760186,1380.8016073948354,2832.9030171788304,352.60332016000024,6065.3466570119,2128.164467054124,17.134944287299025,17.533344517747487,25.870437896525672,24.22226473481652,23.664857004907823,22.086491933125117,19.15727144617667,0.15142274271962075,0.13048194776690059,0.0409175,0.025247367,83.35433467741936
genres_original\jazz\jazz.00092.wav,jazz,-294.19385,50.34207,84.66457,38.99649,39.07789,11.503558,28.63521,11.129955,14.131192,10.910516,1.0344223,11.733829,7.3534536,7.5556326,5.217076,8.729553,-3.739166,10.403904,-5.041574,7.649588,2.2247612,6.740848,-0.56659293,9.999538,4.2180734,9.252553,0.12858444,7.463358,0.8307335,9.483949,-2.1461122,8.273419,-4.4974513,8.28598,-1.0901142,8.536621,7.2270007,9.077675,-0.24393678,9.372069,0.3039789,0.27921212,0.353718,0.324576,0.3007238,0.16633372,0.20682181,0.36303636,0.29996395,0.16055395,0.17682081,0.30939618,2213.669961452585,1075.560293834631,2794.540855397363,429.2130301878822,5023.3196246734715,2327.0512374327527,19.615553450924725,19.13282233334208,24.818510810711835,22.880420318874666,19.69867127307452,18.088265983093702,16.111435929614093,0.0753657574255031,0.07906939669753421,0.05349315,0.036340684,117.45383522727273
genres_original\jazz\jazz.00093.wav,jazz,-215.39735,38.94803,100.96081,17.192999,17.098629,16.67601,12.978259,10.89196,16.062912,9.741092,4.7642055,9.329581,4.5650473,7.160694,-3.1336946,6.536813,-4.154083,6.265652,-2.2966673,6.442329,-4.9289665,7.270766,-3.3494503,7.109008,-1.4255522,6.1367297,-5.027763,6.5862737,-0.6690235,7.3744135,1.347664,8.345968,1.9956139,10.121871,-0.25326055,10.704606,0.96090025,9.363037,-2.1293337,8.349511,0.31525335,0.19227228,0.19373856,0.31247216,0.22341785,0.28915432,0.24352923,0.41471457,0.38650465,0.1978934,0.23355632,0.23249194,2151.985122584835,488.1211892046182,2775.0279988687803,370.5728560356471,5013.611350044746,1633.0965847057464,23.945716176561877,17.256939256515558,23.933475660692803,23.278530423126856,22.832266282809105,19.899364734464488,16.696455609642815,0.08170320965557276,0.02654021706796633,0.045294043,0.01228079,83.35433467741936
genres_original\jazz\jazz.00094.wav,jazz,-366.44046,60.44511,131.6985,27.051702,16.512924,21.95211,36.320045,11.098314,5.060641,11.848462,14.675128,11.113463,-6.163728,10.423306,4.7142596,9.709561,-9.5868,9.343795,-1.2903655,8.477178,-2.6941345,8.998712,1.5798401,9.785738,-2.2748075,9.083118,-0.18491913,10.579956,-3.260644,11.375082,-4.681197,9.865853,-3.571376,11.48403,-3.9690413,11.038284,-1.8218516,10.1537,-0.9156636,11.94719,0.28731373,0.19928423,0.30577755,0.23885371,0.43773633,0.24355663,0.17107347,0.24469572,0.17189774,0.18104993,0.1579407,0.2096619,1077.1722769200633,481.36604380239555,1539.203321501309,462.9138079149528,2111.4788988426376,1406.7897439686074,23.730401749737037,21.506002647810455,27.13888763933232,24.09020754260175,22.49426253794873,18.50441750416704,29.64570876610844,0.04151184270994582,0.019605120903694165,0.03977746,0.02023387,123.046875
genres_original\jazz\jazz.00095.wav,jazz,-219.7643,40.35732,100.79803,20.444437,-1.4563252,21.218803,41.28544,10.060486,-0.94854546,8.8084755,23.37939,8.845901,-11.514086,7.752661,20.027903,7.328269,-15.970275,6.0421796,13.943598,7.7690363,-7.9898467,6.647358,5.7383604,6.8877325,-6.868226,5.8803606,6.212485,7.849015,-5.8096046,8.556979,0.9544679,9.606311,-5.1647315,8.725518,3.0511167,9.43946,2.0808198,9.574612,0.9545138,9.862274,0.3699333,0.28176153,0.4094043,0.3421833,0.34893143,0.2835228,0.2539299,0.3846435,0.2954874,0.27309656,0.24077854,0.25170115,1855.2856495889082,462.46679343721183,2215.8883591243994,355.34867781928665,4284.540758634868,1325.4971418539221,25.451686590569373,18.180133228572508,21.652784816394565,22.39082645733923,22.366164935050964,18.99586545189855,38.30446450126763,0.06339606412054953,0.029068428017969397,0.06815898,0.026396923,117.45383522727273
genres_original\jazz\jazz.00096.wav,jazz,-277.2356,65.821205,95.75203,30.108524,-2.979494,22.68339,43.91987,14.897437,1.9414104,12.6617,22.249989,8.932733,-6.1406465,10.810622,22.460953,8.116339,-12.840875,9.756312,10.7803955,8.202869,-7.533229,9.884594,3.5953238,8.214275,-5.0750594,6.7191353,6.763929,7.603302,3.6364908,9.787817,6.7209134,12.927498,1.7745737,10.071912,-2.1269126,6.9233565,-5.3855343,11.913529,-5.33674,11.374039,0.27591088,0.19622357,0.26916155,0.2970836,0.264023,0.38813633,0.25423574,0.24298742,0.2505126,0.26058477,0.56890696,0.3161432,1874.6280401896188,716.9603517404663,2084.0210215799907,422.2030273620263,4011.0507457248937,1630.8066422041177,23.082059070106983,17.892110882499146,22.96008390803419,23.569877211013658,23.754496667079046,20.49693927783241,36.638012796727566,0.07777050478908669,0.04596203589860378,0.044368494,0.021491097,135.99917763157896
genres_original\jazz\jazz.00097.wav,jazz,-413.5791,46.01706,118.27575,23.12355,31.10331,28.420036,40.165215,12.990633,13.103847,12.181217,13.944953,10.44608,-3.7192216,8.430717,4.748372,8.096086,-9.8912525,6.739677,-3.062776,8.165994,-6.2822113,8.003983,-3.6105387,8.242661,-5.2636905,9.278444,1.1222537,8.8429,2.8341734,10.307288,6.5945344,13.068188,7.9513693,13.076732,5.062708,11.662164,1.6020724,10.492163,-4.3780694,10.17217,0.17553176,0.23208256,0.19202754,0.22950733,0.1947332,0.19877987,0.18001069,0.23981795,0.30925143,0.34745863,0.23766524,0.15167159,1176.0043625534947,496.11709073421224,1752.937087914347,432.21675047332286,2343.769160881869,1527.6711389838615,20.770578223448467,20.907663551744534,28.39942462505112,23.36399854792675,18.923352470264202,16.80417065731088,28.26326893676128,0.03991094536087461,0.021790496590936133,0.021187648,0.013560481,86.1328125
genres_original\jazz\jazz.00098.wav,jazz,-223.03062,46.6554,102.89912,21.456692,-1.669735,18.777506,45.199474,10.189969,-6.7459745,9.099447,25.354921,7.420869,-14.366872,7.171492,24.246717,6.119152,-10.414377,6.674222,11.146243,7.4340253,-9.151457,6.265386,6.625129,6.377332,-7.8286963,6.0963826,9.370097,5.5894322,-3.43028,6.072276,2.673875,6.00652,-6.2106004,5.792678,0.8636526,6.3806763,-3.390311,7.553287,-0.38150385,7.9057035,0.37676358,0.38075587,0.4230522,0.33586073,0.29964015,0.31365258,0.31392345,0.29136318,0.27713814,0.3208313,0.29124847,0.31060353,1884.9439012894368,547.5562470595462,2230.243951822194,325.83437515892206,4355.8153276473,1301.7598288207323,25.643874779610623,17.58665914473098,20.075574837831432,20.849530236033388,20.100651538117887,17.675584056426317,37.87592663864745,0.05812512093653251,0.03524600299902501,0.06013178,0.021344997,80.74951171875
genres_original\jazz\jazz.00099.wav,jazz,-315.01422,44.14428,112.72766,23.022701,9.740749,16.776524,38.98918,9.652342,3.942611,9.185264,20.019873,8.939397,-7.2231927,7.945335,15.273513,7.6373954,-13.67778,6.8100286,10.151816,7.545722,-4.8844333,7.6916943,4.7019944,9.181128,-2.6995628,8.150639,3.828492,9.516387,0.84135544,10.893639,3.3496346,8.652835,-2.1094282,9.417052,-1.2456768,9.6054125,1.7837285,8.870008,-2.2265732,9.385892,0.33997408,0.19826585,0.22409761,0.36530113,0.29992306,0.2979744,0.3027272,0.46200988,0.3377676,0.23850872,0.25423378,0.22998159,1492.5645306761603,518.8825723759069,2014.1643643596335,407.3765188450107,3376.7962476417374,1512.464085780157,22.923366097124912,17.36839436700012,22.513407873100846,21.811123245437557,21.783697718119747,19.57787361004613,34.188354993002065,0.04620040090460526,0.023186006070081006,0.039259337,0.020571617,135.99917763157896
genres_original\metal\metal.00000.wav,metal,-52.93138,18.681553,50.087284,14.038605,-11.485749,16.135923,46.351738,14.877903,6.5509257,10.786785,10.124288,9.046414,5.479244,8.1692505,8.854688,8.070181,5.9422073,7.5790095,6.6225224,7.1722584,-4.0471754,7.5163784,9.770576,7.3670025,-3.118492,7.304722,3.657853,7.607573,-6.5097322,7.0549006,1.0867522,6.8878717,-4.4839272,6.410936,4.728173,6.015438,-2.7538903,6.699393,0.5066719,6.0889935,0.5319506,0.53203815,0.6490011,0.48104036,0.45185933,0.45147246,0.4155813,0.5488132,0.4265267,0.4367972,0.47065347,0.45761108,3274.344587423776,518.0399997096665,2722.3036471895907,389.03124445939767,6407.269589450706,1299.27662439933,15.35945102929186,14.394729240175545,17.7598973389497,17.323703834525425,15.99997146121007,17.221698612760974,31.760035151408587,0.18307976973684212,0.046724106946035154,0.11609076,0.017463047,95.703125
genres_original\metal\metal.00001.wav,metal,-80.14728,21.304964,64.84362,12.638505,-15.4656,11.480019,46.839314,9.036246,7.9110203,9.6135235,21.762014,6.899861,-2.1760788,9.771298,21.986689,7.4647784,-7.7126274,7.5831475,11.144746,7.7334538,-4.2870846,6.7729974,11.442518,6.4017234,-10.365105,6.6380363,11.727381,7.581183,-7.095706,6.1992617,5.931137,6.1092906,-9.025644,6.156894,5.5059457,5.865104,-6.201169,6.563612,3.125263,6.371499,0.42943066,0.554367,0.51044893,0.5753517,0.45454204,0.45166337,0.46424663,0.4049087,0.4532813,0.45049736,0.5066092,0.46785578,2922.908394647605,428.996178887597,2620.8528873384016,223.42858330354855,6036.988495156492,823.2104092492352,19.399434358104212,14.162131945321894,16.153617674612352,16.492246973597656,16.429996524056804,16.421219263631254,41.484208385892124,0.15290156975619196,0.04146074190988895,0.09726957,0.014733924,78.30255681818181
genres_original\metal\metal.00002.wav,metal,-62.21819,31.555744,115.20072,17.77943,-42.81503,17.275677,54.31106,14.690659,-24.88396,8.690904,20.13311,10.320322,-21.639133,8.279693,20.847036,6.8825006,-8.3987,7.7125635,20.328602,6.705451,-10.731801,7.183771,9.669686,6.2100053,-14.547392,7.2711744,6.932939,5.645473,-7.4813604,5.704996,5.9730854,5.9749365,-3.475765,5.813694,6.574291,6.1952834,-6.577369,6.3890347,2.9633865,5.7926598,0.3710885,0.4287571,0.38249224,0.34447798,0.46005142,0.42108348,0.5640413,0.5026839,0.46586472,0.4774497,0.38072887,0.39133146,2198.5048742476083,382.649414045903,2005.8773078800052,284.6013426656866,4446.356446824207,817.7477064321448,21.240286949177897,13.809281710116604,16.048015186648467,17.40502852343782,16.5196822831009,17.129177394134878,41.123699968399,0.12839302559017027,0.031248118070745866,0.13275112,0.025318023,112.34714673913044
genres_original\metal\metal.00003.wav,metal,-43.064682,20.254196,75.397606,15.329738,-47.840973,13.844039,53.023735,9.096457,-12.337867,8.616957,36.87316,8.8518715,-8.28772,8.165129,28.40454,8.544341,-14.531338,6.962119,22.106436,6.221612,-7.3557463,7.1191263,15.97535,5.5998545,-13.140837,6.012058,12.263161,6.171322,-10.449837,6.3405824,5.939399,6.2760444,-6.6831427,6.307245,5.279664,7.0933414,-2.331793,6.436425,3.5936801,6.441397,0.39938644,0.3967684,0.42065325,0.46801588,0.6151853,0.52507573,0.43142265,0.52458066,0.5978179,0.6138325,0.446266,0.41303143,2751.9264234353973,394.35313584317385,2205.638269495694,171.38373772073277,5234.401681622485,648.4466073286395,17.904737366509146,14.625226952859785,16.62073809520203,16.556232483002756,15.508762368479871,16.93277650688227,43.79695903137546,0.16671025420859134,0.04730162204261712,0.15017863,0.029228942,99.38401442307692
genres_original\metal\metal.00004.wav,metal,-107.129585,33.574356,47.660187,17.953352,-8.620708,13.508362,38.398926,13.522256,8.458258,10.140479,9.54455,9.810855,1.0175123,10.558853,20.74903,8.967378,0.71484894,7.924308,11.783107,7.9900665,1.1646875,7.049162,11.063398,6.538832,-2.529399,6.60013,7.581268,6.532078,-4.1991124,6.063804,7.0764894,6.072679,-6.6205163,6.2805986,4.546639,5.691707,-4.2624664,5.5256805,4.2896204,5.699545,0.58759326,0.6252504,0.65496,0.59169334,0.58513004,0.65915555,0.60353774,0.6507676,0.69806695,0.7171083,0.6510766,0.5915891,3403.0755097954175,517.697540100516,2825.093036960878,231.0385158888927,6902.816592945772,888.8307636708793,19.547972619707256,13.049010236486705,14.005879318251159,14.49661185384871,15.87212695199625,15.975141265928064,36.545322536134975,0.19242362857972137,0.04854561816308119,0.06345061,0.010376535,135.99917763157896
genres_original\metal\metal.00005.wav,metal,-79.627686,32.78299,93.472885,17.308947,-27.749144,16.148586,64.06913,13.358154,-18.807098,9.760545,23.320396,7.6117377,-10.540276,9.975156,13.356394,8.334584,-17.537811,8.31491,16.38852,8.480872,-10.054388,7.458938,8.941801,7.275215,-16.081074,5.805176,4.287135,6.6728907,-14.799312,5.868427,0.26462856,6.500708,-8.214849,5.5774403,3.4206583,6.6995745,-3.714394,6.83429,-2.4369855,6.32562,0.35944888,0.3715198,0.4868529,0.40814134,0.40631482,0.36804175,0.41415527,0.5407023,0.4567218,0.4666011,0.38787082,0.40486163,2464.596757533146,442.21625126924346,2204.478598691696,273.7916504296625,4951.653391362713,865.4679026507469,19.208924547379105,15.484474824753782,16.35955258363933,16.27055869699494,15.913762622661121,17.40062633735374,40.914655995532065,0.13437825016931115,0.036374302019338875,0.1216955,0.03543684,151.99908088235293
genres_original\metal\metal.00006.wav,metal,-140.7783,28.018805,55.923157,20.769236,-12.291191,17.212042,44.319008,12.345557,-10.604771,12.356756,10.867444,8.405783,-0.95333475,11.912401,22.243965,10.143272,-9.378978,10.12955,15.246445,7.596175,-3.0641422,8.68524,9.072361,7.9041667,-8.798301,7.786532,8.746224,7.5696526,-12.113971,7.645284,5.550327,7.3539762,-12.49319,7.473258,6.3504667,7.4108305,-3.8611655,7.152835,4.7257943,7.377217,0.346136,0.353959,0.339616,0.46342492,0.4311426,0.5907305,0.48508757,0.43404144,0.53873575,0.41926372,0.46262604,0.3427944,3237.576392654718,588.54053523801,2573.2144093958636,271.5647781839271,6229.395665029992,978.6095982884269,20.26759197517095,14.51586630923804,17.938700082268852,19.15988171197691,19.010769801360784,18.276271040469464,40.10554374411651,0.1981254081607972,0.057698210371022816,0.0504414,0.010146348,123.046875
genres_original\metal\metal.00007.wav,metal,-108.09747,16.418028,65.77733,16.880745,-20.841005,15.642475,47.559593,10.499989,0.85362834,9.72345,8.991208,6.4330735,-3.2142603,7.8884573,20.978045,6.7824125,-10.349271,6.483604,7.8764496,5.639511,-8.126471,5.6811,12.045557,5.93962,-9.155128,6.0162244,7.0092583,5.972737,-8.752738,5.819266,5.7859516,5.732389,-12.369431,5.451643,3.441416,5.230524,-7.3785267,5.4072747,4.871621,4.992888,0.52353007,0.59770435,0.653176,0.5889578,0.6254747,0.5893217,0.52753174,0.6000298,0.69141906,0.60905933,0.48606217,0.48413822,2939.529800244255,493.99265339793106,2522.7270587232188,299.7249686247094,5806.8482201165825,1018.0258872637357,20.46024314317949,13.477441514201471,14.622747843345934,15.144029960718337,16.2802202549867,18.40073859871639,39.92133002465377,0.16837313153057276,0.043297733765302285,0.06947105,0.012545502,151.99908088235293
genres_original\metal\metal.00008.wav,metal,-149.98433,42.12905,67.907,27.185766,-6.6888485,22.232952,32.084488,13.339567,6.0797987,13.054425,12.23563,10.898584,9.134745,9.89695,10.182917,10.597107,3.7711067,8.090315,10.5964,9.017017,0.77275217,7.4162197,7.715685,7.9886913,-1.1583731,7.2230167,-3.3025763,6.065903,-7.533149,6.233209,0.41751122,6.733499,-4.005859,6.539632,1.2608818,6.925394,1.4787947,6.739103,5.4820046,7.1655374,0.5077292,0.42903292,0.4773305,0.5055557,0.65346366,0.52779967,0.4560664,0.4000559,0.30650806,0.33934304,0.4097017,0.5863439,2964.5694774912263,922.159379155508,2758.3968686086223,531.906043345233,6187.337586016109,1799.4422435627662,21.76168500849085,14.613553445924735,18.11664193675605,17.634655274294346,17.73405379365901,18.69094184326738,29.552113958698445,0.14055924076044893,0.07110296064752432,0.05838335,0.014258379,117.45383522727273
genres_original\metal\metal.00009.wav,metal,3.642235,23.308496,104.75209,13.835009,-0.8226447,10.715768,55.941105,14.907714,-29.222486,8.920616,31.255442,8.0256195,-14.195287,7.8561387,20.202589,7.086096,-8.280901,7.0365276,15.181638,6.3225365,-14.587307,4.788467,15.663606,5.308603,-12.990428,4.7824354,15.283536,5.318682,-6.9285975,5.143902,9.860408,5.4709334,-6.502115,4.6315365,4.901696,4.465484,-0.77597106,4.3824325,6.457592,4.30569,0.5585235,0.5473165,0.64590156,0.50982064,0.39825708,0.46606332,0.52974427,0.49469316,0.48204103,0.53919625,0.5467927,0.6058855,2250.8905487248117,311.0357651302907,2390.116465478657,160.8014026883801,5112.4440857500485,501.3198232958131,20.160007982799446,12.06964836079488,15.336120704795043,16.503528003039087,15.323651420979967,15.47284298677417,43.93144042412283,0.09467932166698917,0.023542089737412494,0.31272745,0.032300077,112.34714673913044
genres_original\metal\metal.00010.wav,metal,-58.72036,22.196278,70.55818,16.11741,-19.421354,10.555645,73.593155,15.02722,-27.765425,12.701308,23.759441,8.358503,-17.90417,7.5673876,21.222898,9.719741,-16.94942,7.7645364,16.136871,6.8277802,-15.223486,5.5538855,14.874156,4.891028,-18.705826,5.384955,11.308096,4.5904484,-14.637608,4.32851,4.3117094,4.1457644,-12.718779,4.2644205,1.1689208,4.4208875,-8.019436,5.0055065,0.91980964,4.357593,0.5421865,0.50384223,0.50505805,0.48574787,0.49224678,0.5011177,0.6154339,0.63756067,0.56958383,0.55210584,0.54145485,0.5561935,3048.5052057998882,335.9658221798255,2358.8824139471512,171.35192122455845,5662.490759693063,575.2672120093237,21.774744392280244,13.619874592868959,14.614192140582727,14.652860529846127,15.102303305627848,16.33034367656908,43.444490842575476,0.19654038373161764,0.04309514959416734,0.1181039,0.012321673,184.5703125
genres_original\metal\metal.00011.wav,metal,8.79297,13.212185,82.823204,10.7898655,-30.564281,9.742156,66.71608,8.005718,-16.359283,8.632423,16.56822,6.0797887,-10.763801,5.8670835,29.540407,6.282442,-25.089777,5.086445,16.821932,4.75668,-11.392603,5.0613384,12.7859,4.6653996,-13.347067,4.5992856,9.802606,5.1816316,-14.256787,5.0398016,9.601154,5.2609673,-8.031881,5.0141864,5.1873074,5.165946,-2.9507003,4.6462235,4.4044585,4.4107385,0.408243,0.42748514,0.43767896,0.5764435,0.5700985,0.51898146,0.53822225,0.677807,0.6520333,0.4583394,0.4472043,0.41767275,2699.980049142347,209.207157394792,2240.17995020246,122.35530287613605,5157.935477336494,401.9800343498223,20.556105435802372,12.422289661294613,15.070807892557154,15.770760286723624,15.918970247647367,18.13256308239204,45.373111481902,0.17150160845588236,0.028455627341631567,0.23063754,0.015965285,161.4990234375
genres_original\metal\metal.00012.wav,metal,-64.107925,21.184916,74.525986,15.089424,-45.968002,11.730059,65.855095,13.954379,-14.676303,8.680143,23.849155,9.4242115,-13.777111,9.033196,37.7623,7.2058086,-10.587832,7.579108,21.39044,6.7085385,-9.345858,6.1020865,17.91302,6.0386367,-10.791604,5.458763,11.354605,5.2747383,-11.166747,5.181008,8.709755,5.2951922,-8.963811,4.977909,3.229737,4.591201,-5.745522,4.896798,2.4206762,4.4073634,0.65450794,0.64714426,0.6054326,0.53576356,0.65411025,0.62353337,0.59097487,0.6123015,0.6143638,0.56457794,0.53164774,0.62533617,2803.3032043751814,282.54282339839847,2183.246266793505,162.61352512472945,5262.743176912007,575.8919621516352,21.41613733371643,13.55205327423076,14.598851777240817,14.971417537861893,16.336131500231595,16.98724263186258,42.59205154217188,0.17691276243227555,0.02722314099287,0.11428379,0.009896035,172.265625
genres_original\metal\metal.00013.wav,metal,-84.90263,30.941092,64.63974,15.283121,-36.32613,10.966403,65.39542,12.192987,-13.867816,8.212598,22.872536,7.6308627,-15.565662,8.796567,36.293034,7.7951174,-13.677166,6.5741606,21.259466,6.369691,-9.251361,5.5950675,19.171608,5.184874,-10.607493,5.277399,12.314615,5.146478,-9.792946,4.5716786,10.552154,4.8050833,-9.910699,4.925888,5.051337,4.3130245,-5.342369,4.339952,3.8016188,4.274355,0.59582305,0.6389562,0.6844716,0.58559585,0.6677474,0.70213205,0.6308524,0.67693627,0.699591,0.6378961,0.5720187,0.54243684,3047.8529556987282,340.9608631942039,2303.5609515672527,135.32827861644836,5735.965315402476,544.135795765307,20.394904152142317,13.080404961912944,13.955280297608763,14.166939153977577,16.091296588801594,16.234271628591152,42.67996282950524,0.20360421101006193,0.037004285797022474,0.086293176,0.012431555,135.99917763157896
genres_original\metal\metal.00014.wav,metal,-117.9197,44.02429,65.44176,15.559817,-51.43996,12.645999,74.10702,12.948502,-13.760528,8.453334,25.753458,7.3214316,-13.138064,7.8783054,32.225914,8.232557,-10.345248,6.063092,21.713371,7.096167,-7.8024545,5.455108,12.349829,7.167305,-14.452733,5.342391,5.787718,6.968186,-13.264057,6.355301,4.5679383,6.551773,-11.399253,5.01418,-0.66686296,7.115966,-4.573327,5.544907,-0.21592179,7.4646792,0.5451904,0.5783846,0.5793628,0.56325346,0.6009047,0.57748586,0.64329714,0.6044029,0.50361395,0.39780158,0.45565358,0.5817583,2877.3990222346356,306.71245070177616,2101.176611844931,185.21615410221892,5198.36856617647,591.6340471092059,21.99706888222938,15.571346234906875,15.670889596320109,16.857588245635217,16.70258033815143,17.867858313034368,40.892532394175376,0.18530764742163314,0.03667116973941921,0.07755839,0.015288491,151.99908088235293
genres_original\metal\metal.00015.wav,metal,-76.78499,22.990759,68.00349,15.0601635,-11.247029,10.702023,76.363235,14.466473,-17.476349,11.8826065,25.336973,7.7755437,-17.900314,8.197874,20.368681,7.950452,-21.42049,6.5155025,14.217725,6.215508,-15.768945,5.329054,12.524236,4.641157,-18.507433,5.389292,10.831447,4.8073535,-13.703334,4.606119,4.864304,4.5630136,-11.980359,4.392515,1.6491083,4.6159053,-7.645301,4.920821,2.2255213,4.4110003,0.45547324,0.36595947,0.4052693,0.47392112,0.5205797,0.46528313,0.57562304,0.59854597,0.5113671,0.46960497,0.4592817,0.51825315,2986.8234673152315,359.6905508050176,2458.9986179482075,166.130750085004,5818.289817597475,616.5221137219787,21.122139655206485,13.7230233820445,15.74416213446355,14.386460281793848,15.469269487529782,15.86633632109141,43.081816840303766,0.16926541638448142,0.03596182954813649,0.11093488,0.013557114,172.265625
genres_original\metal\metal.00016.wav,metal,26.693075,19.778784,79.7964,18.233084,-52.05575,15.292896,51.320683,14.233771,-16.361847,12.700674,22.011913,10.900426,-17.46108,11.2192955,30.925192,10.700405,-15.979048,8.498457,16.127386,8.375285,-12.196157,6.7950196,11.303884,7.1749682,-12.44661,7.091309,5.206543,6.6117887,-7.687124,6.207146,10.177716,7.3280997,-9.720839,5.691779,-1.6887617,6.038608,-7.5994143,6.0029817,-3.929782,5.543553,0.48696154,0.54889834,0.5203003,0.5122525,0.51893675,0.4047777,0.35217455,0.45828885,0.5386315,0.6645942,0.5786966,0.440128,2743.3971145568185,380.6946244388759,2140.557521316081,225.4476265016685,5129.2856505780765,765.5916605098629,22.7328527917242,13.374550360234227,14.045122569406255,15.53182695707016,15.504339104212507,16.692070991769434,43.216013546222904,0.17962174076044893,0.039744176785826056,0.2696991,0.042693943,92.28515625
genres_original\metal\metal.00017.wav,metal,-75.51751,22.188234,81.91142,15.332322,-22.08108,12.401528,69.877,10.849905,-11.740438,8.292121,25.740246,8.052089,-18.518965,8.058302,27.02771,6.3282914,-14.085998,7.0138493,22.13411,6.520416,-12.107688,5.6337175,14.951657,5.5224953,-13.525078,5.476864,5.8154855,5.375097,-10.154532,5.2416787,6.781166,4.836401,-10.48783,4.6930566,4.3725295,4.5312843,-5.4660206,4.79798,2.9706361,4.060994,0.47478503,0.44661513,0.5159532,0.5816635,0.62616193,0.6023793,0.6150024,0.6001538,0.58480954,0.60945004,0.66612303,0.6479898,2656.1657337069264,444.67646165089076,2337.227556587653,172.85017212525557,5325.867795206076,733.2549669261567,13.549351529736827,13.350093071436762,13.65725981636309,14.100898455183087,14.593686208694653,16.204097649623886,42.89699337598825,0.15877568389609134,0.04686163387934967,0.11375342,0.020002628,107.666015625
genres_original\metal\metal.00018.wav,metal,-76.37207,25.727041,123.29144,27.1313,-89.89615,14.263437,76.44556,11.574341,-21.269108,11.3583,22.2958,8.433595,-13.650001,10.705177,14.64789,8.819383,-6.320443,10.045938,9.922285,7.4007173,-3.9226875,8.82939,5.3985925,7.4330053,-2.4885116,6.941048,5.03836,5.420153,-2.9841642,6.324604,5.112243,6.055421,-4.379888,5.555697,-1.2858986,4.820703,3.0850468,5.2169414,0.17664611,4.867082,0.5556463,0.71572757,0.63990873,0.5710644,0.51428205,0.45818448,0.44411448,0.59203476,0.6702982,0.57837254,0.4671195,0.45951176,2291.2788294344687,360.94514418797445,1583.4318016750549,185.45599631970626,3884.9098418150156,557.6327728822041,21.92077290283151,12.756876023854453,13.825868237078096,13.939046108675827,14.993670465901305,20.881165540659307,37.88628641092546,0.1803178816756966,0.039823299326319596,0.11838973,0.011677324,99.38401442307692
genres_original\metal\metal.00019.wav,metal,-89.329834,56.134605,82.35691,19.396618,-23.258312,14.5007925,68.10751,11.813355,-13.08676,9.142417,22.4548,9.608693,-18.526537,7.8879204,26.23265,7.133573,-14.358577,7.4626193,21.504412,6.6011186,-13.878504,6.0625706,12.481539,5.958681,-14.122218,5.28225,3.753356,6.811077,-10.118068,6.025747,5.4011245,5.89491,-11.116164,4.814656,2.6867974,5.7701197,-5.68873,4.9414926,3.0959978,5.0064926,0.4591075,0.45793936,0.49361116,0.54711926,0.5883083,0.5684844,0.60854506,0.59227514,0.54731244,0.5503611,0.6473713,0.60178626,2699.597527581128,463.46340072136763,2324.236570543931,238.32377739432286,5385.400768551664,874.5829749612965,15.177397102100613,13.407538157804222,13.7481998293601,14.316681987400074,14.965296937572294,16.796003099040142,42.407524382096895,0.16150658197078174,0.047456000596404244,0.10085454,0.031078428,112.34714673913044
genres_original\metal\metal.00020.wav,metal,-75.01831,35.706245,81.17257,17.25513,-20.199926,10.452935,68.304726,9.812483,-11.342598,7.888163,23.670305,8.368641,-19.834023,7.594498,24.183435,5.8615246,-13.177372,6.52935,22.286407,6.759072,-11.556872,6.6871142,13.55321,5.740177,-15.058013,5.3555975,3.302359,5.703329,-10.513962,5.321999,5.075372,5.264797,-10.686498,5.1401806,3.8659294,5.060392,-4.944836,4.9449434,3.2599394,5.0160246,0.4007218,0.4064096,0.44934648,0.45450804,0.47892255,0.48706225,0.6023333,0.57141626,0.5526227,0.53126144,0.5052892,0.510847,2658.2188462959766,434.9537393451907,2345.8279592545605,180.8733057695463,5358.7425964166505,769.3744781136359,14.846250325758335,13.883019368168606,14.449131011669701,14.406476496389615,15.077423536904135,16.488981915489223,43.065471632558236,0.152409131312887,0.04549509372384177,0.1172756,0.029440805,99.38401442307692
genres_original\metal\metal.00021.wav,metal,-76.28286,24.93532,61.76296,14.267587,-37.112747,12.123538,62.440014,10.553248,-14.831243,8.565247,34.567806,8.0379095,-11.487005,9.275557,30.963097,5.883359,-12.278124,7.5080576,22.313232,6.42168,-7.511117,6.870473,17.84716,5.379338,-11.126256,5.8832555,10.237994,6.5540233,-10.79403,7.1543965,5.1591578,6.6882453,-7.724808,6.6364007,2.585732,6.8890653,-3.0912778,7.0777125,2.6671667,6.514754,0.572693,0.49122465,0.5081088,0.51632994,0.58823395,0.48329985,0.5038338,0.5717692,0.5298909,0.46865457,0.4964048,0.5752181,3046.7299311449274,400.56446928000673,2324.3903702115454,159.2029001918736,5735.348652464687,615.1604893160276,17.61067140279061,14.970612427449922,16.71605173213949,16.33613639759693,16.233538848560148,16.576719340298617,43.92910949772477,0.19161335381191952,0.050785613351194143,0.108446255,0.028488038,107.666015625
genres_original\metal\metal.00022.wav,metal,-45.843933,30.293549,108.013725,12.582435,-11.740544,11.868265,66.32776,8.905425,-30.207605,8.058915,9.2367,10.523044,-25.772972,7.0066767,21.87735,6.9226475,-17.929054,5.6879234,10.275843,6.6311164,-14.119918,6.175986,18.74677,5.56185,-14.2388315,5.4022903,-2.237886,5.8160253,-5.778148,5.4596877,-5.8649893,6.768638,-2.5429695,7.1593766,1.4795749,5.9401526,-5.616363,4.744758,-2.8201232,5.291246,0.25860438,0.39139718,0.31754947,0.3956902,0.6098857,0.318785,0.24975349,0.25596738,0.43987837,0.67447037,0.30686548,0.21876243,2218.499205435564,301.9061083718073,2226.12293771312,135.43609895194254,4779.587765153347,493.7335239812729,22.58585602507685,14.689537863501894,17.08387091397076,17.39552969572566,16.655180017316106,18.031552635701637,45.253341313739405,0.10698310214299536,0.03212733487949699,0.19878227,0.051174685,135.99917763157896
genres_original\metal\metal.00023.wav,metal,-43.716743,29.489447,82.746086,15.483382,-29.634932,16.014206,70.4197,11.337768,-21.612555,7.3218713,31.165257,8.10573,2.078945,8.48642,28.88349,6.4724455,-2.6835518,8.184229,19.90194,6.0791926,-6.94059,6.1228647,19.136198,5.961289,-7.3723607,5.4626923,7.891116,4.958595,-13.863939,4.634997,4.059309,4.911739,-6.876037,4.8809667,-1.7961832,6.265154,1.4668609,5.661438,4.5396914,4.648706,0.6528721,0.55903614,0.5543487,0.5495061,0.5479709,0.51388454,0.44463524,0.5448461,0.5412218,0.41004288,0.46272963,0.54621375,2576.10753705241,378.4690141807219,2237.106952069191,236.45447642231755,5058.119414243904,650.0237130384826,21.638941550531474,15.509678461305317,16.528381850153057,16.105183348027758,16.29489371256634,18.04136036411089,41.5088455559401,0.13178756288699692,0.0415630192775949,0.19530222,0.035606135,143.5546875
genres_original\metal\metal.00024.wav,metal,-16.706278,17.05927,94.11414,16.918858,-32.7863,14.352058,61.490444,13.801635,-10.101552,7.3336525,34.223568,8.24348,-11.971187,8.55968,28.200222,7.1056266,-15.321425,7.388182,19.325449,7.5546174,-8.278708,7.003075,17.934834,6.355317,-7.455649,6.930316,12.818329,7.8151126,-6.1901646,6.4982014,6.3816876,6.768537,-6.894108,6.90993,4.45563,6.5143313,-4.1618023,6.636633,4.225447,7.2815433,0.4934534,0.4013362,0.46504623,0.45191994,0.48995113,0.4805611,0.6042229,0.52368563,0.41119686,0.395377,0.43657634,0.5923702,2410.986411509785,459.55194824691847,2227.7060388833856,257.09534301890693,4950.420065487132,876.7639494555885,18.611338299992227,14.546558830218991,17.018000959991358,16.792855524812165,16.193360395720724,16.939744987310686,44.34069794249953,0.12833369110390866,0.04231652428962331,0.23138711,0.028643627,112.34714673913044
genres_original\metal\metal.00025.wav,metal,-120.12781,44.304607,91.28767,22.171095,-38.79496,23.441366,75.003784,14.575409,-3.8060124,10.198782,22.66649,10.357733,-8.123724,9.217724,23.654573,8.205268,-14.638494,6.6181245,13.365053,8.081527,-9.405639,6.724583,13.706509,5.65592,-9.3145075,6.3392663,3.5835807,5.7114067,-11.857464,6.337083,1.0247251,6.0164366,-10.71396,6.1264815,-3.241502,6.1024666,-3.4665036,6.449216,-4.576842,6.0227947,0.42064655,0.35272223,0.4386389,0.58837765,0.80930555,0.54033566,0.33617505,0.36799353,0.3998396,0.37986264,0.42531943,0.52691257,2384.812609828754,517.8685785762582,2073.302486019002,343.27937691573203,4585.038941563467,1070.2149786415257,18.880992818014928,14.353372113859315,15.571092442574722,14.74581004596697,16.071125078775175,19.139076799926496,39.29067051309939,0.12610316793246903,0.044944668338700276,0.10044173,0.022281507,135.99917763157896
genres_original\metal\metal.00026.wav,metal,-61.47552,23.040508,71.744484,11.976789,-46.288235,10.026917,75.44222,9.210913,-18.524563,6.962356,35.957085,6.735084,-12.68256,5.8363156,28.374231,5.259255,-9.363222,6.755857,14.5109625,6.344666,-4.269454,7.0757957,11.870008,5.9091177,-16.039183,6.980939,12.117884,8.708955,-16.081953,5.9668,2.3608217,5.645931,-8.121184,7.269969,-1.4349422,5.5088544,-0.9419497,6.9534864,0.81972945,6.4886394,0.3753208,0.40452656,0.5887842,0.5364317,0.5279267,0.41491747,0.47386768,0.60766387,0.6201482,0.51765704,0.35630223,0.3910503,2871.3062606691374,249.86086399316017,2127.0201151316833,150.13389861473757,5187.1436340520995,318.29988033281,17.99350631775126,15.961618575460676,15.628307964316134,16.253330241411003,16.98724057813112,18.04668494718636,42.61072165269923,0.19822933799342105,0.043130432705475535,0.13824102,0.022387616,129.19921875
genres_original\metal\metal.00027.wav,metal,-36.462593,27.400808,94.79669,12.386515,-36.61026,9.764196,55.001995,10.931459,-8.238859,10.306793,29.6873,7.7008286,-13.684501,7.825243,28.724905,7.098795,-11.995235,6.7898436,19.366922,6.1101775,-15.665719,5.7197495,13.938667,5.2794595,-11.981068,5.39516,7.540056,5.37262,-11.918596,5.741578,5.4808097,5.4580803,-9.272308,6.100566,6.1842527,5.4706597,-4.3013177,5.2620735,1.8341254,5.141462,0.42377535,0.39603192,0.4218897,0.47838804,0.45399082,0.48571134,0.40059644,0.38898727,0.5674403,0.62442714,0.5925755,0.46551916,2398.412461241184,280.95552474902877,2218.7767898774036,155.06243839521085,4866.8372375677245,609.6030404098317,14.275191234084346,13.994723664502695,15.846516640994226,14.72584121232525,15.221332439649712,16.60613937985802,43.007634137382425,0.12830912587074303,0.028415863847339663,0.1650778,0.030382726,129.19921875
genres_original\metal\metal.00028.wav,metal,-28.089987,13.526386,84.033875,14.133365,-43.71616,13.265485,47.990974,8.329646,-22.45509,7.226096,19.917406,6.444473,-25.18115,7.8204627,24.802288,5.8363733,-13.120749,5.755004,24.669502,6.6585307,-16.419373,5.607237,17.564196,5.2634463,-15.417398,5.5657296,8.639938,5.593178,-9.952718,5.349597,7.071071,4.942155,-9.484701,4.7595663,8.427125,5.104778,-3.548901,5.1404624,2.6234772,5.4755635,0.43581554,0.4752407,0.39921007,0.56913567,0.5171382,0.5308564,0.52408165,0.4412871,0.48574603,0.4528393,0.57778716,0.36583722,2789.300841643996,376.64278689637285,2247.55273231388,206.11724489494588,5345.842674420714,797.9173981903596,19.352247257862732,14.041352045568068,16.68014101432692,16.226822249581748,16.090325653942706,16.737898267746612,44.53738812057779,0.17996187475812694,0.03624211325026643,0.1440742,0.015956234,135.99917763157896
genres_original\metal\metal.00029.wav,metal,-103.65834,36.788124,73.83582,17.633705,-16.127468,13.681867,53.154728,12.718271,-25.099674,12.90088,33.991573,12.033551,-13.641718,10.087215,25.99047,9.540755,-18.906933,8.011434,18.668743,7.376069,-12.777742,6.8870935,9.545628,5.654983,-16.148779,6.8802905,8.769027,6.5120773,-12.545799,5.8361216,5.3656545,6.1524706,-8.112325,5.7930756,6.6663527,6.1899595,-4.4953666,6.364373,2.9296632,6.084003,0.425191,0.3528884,0.41083056,0.4404711,0.45310393,0.5826335,0.45154804,0.47078305,0.45366687,0.46267477,0.42176983,0.36551046,2955.2644930453703,507.1591768822132,2478.4332031027843,174.4980276323885,5928.739149725474,667.9948464437698,22.953321126464886,14.512040233181661,17.66601622514422,16.853913933104376,15.865296666364072,16.337346490656923,43.1439042824903,0.16334179385158668,0.05784401945485649,0.08899233,0.020741325,123.046875
genres_original\metal\metal.00030.wav,metal,-77.45472,34.48635,130.88896,22.58909,-23.287468,14.686525,61.99624,7.5910845,0.9075686,8.955258,30.532892,6.892151,-8.75849,6.94513,19.443262,7.0503674,-2.2276921,6.412916,13.108556,6.83492,-3.2997828,7.1262536,8.935825,5.603117,-8.964679,6.4454746,-0.35130325,6.6087875,-6.036298,4.798489,-0.39818117,5.373744,-6.789776,4.579027,-4.3958716,5.301427,0.9761338,5.097499,3.9791048,5.0067706,0.62331563,0.5052838,0.41094407,0.40827242,0.69663054,0.5387556,0.32043862,0.33001196,0.36273643,0.39812505,0.3908945,0.5621055,1525.6954691515566,451.1727234790346,1868.409144405986,369.89051288480977,3501.087162738245,1154.4214090412129,24.615469073456307,15.981534091661008,18.20258490839565,17.29882906810753,17.643228480964442,17.279124142627477,39.389242396730545,0.051203016157120744,0.017525483005144196,0.23020585,0.042998165,129.19921875
genres_original\metal\metal.00031.wav,metal,-12.502531,28.29573,91.33017,14.801879,-23.079102,12.77171,50.981163,12.805758,-12.106397,9.812997,30.916203,7.31346,-15.001935,10.501242,23.06173,7.2759156,-14.281173,8.079025,23.065378,8.502811,-17.684673,7.2410626,13.16198,6.3985953,-15.200903,7.379981,3.9402606,6.3109293,-9.093106,6.092128,5.5435486,6.2892275,-9.840607,5.6111827,5.6275406,5.6978965,-7.0400944,5.3268313,1.4170808,5.730991,0.37946326,0.4389165,0.45454997,0.5906699,0.4147062,0.33390996,0.34102076,0.41468987,0.60688704,0.48257154,0.4982882,0.39901355,2566.910608201603,408.69753570504287,2408.6174998051465,199.53268989469828,5444.5504108818695,760.4662891290174,22.1074246892119,14.714984013641356,16.37584379130139,15.787003470192023,15.666069390173362,16.088029159616585,43.762652349532,0.12520937137190402,0.042488791984233026,0.22038391,0.03953137,135.99917763157896
genres_original\metal\metal.00032.wav,metal,-61.907036,46.22834,93.03636,17.928589,-39.96771,16.98134,56.147964,9.599992,-19.685198,7.33523,23.381887,8.86685,-7.6440945,10.17641,17.719402,6.9509006,-19.306637,8.3002205,17.783297,5.897948,-13.095866,6.9261103,14.301978,6.3342104,-13.079708,6.590815,5.447866,6.417587,-10.795583,6.7151017,3.732999,5.9165034,-10.746842,6.7231293,1.2737482,6.3558445,-4.612356,6.698194,0.33479154,5.7914133,0.40278086,0.352141,0.51322854,0.46010754,0.5966406,0.45571706,0.43853614,0.47704822,0.39412388,0.39632484,0.3291544,0.42300892,2502.5342481859757,440.8366178545403,2133.931627896007,276.02379458129593,4761.48787460091,934.7895242189737,20.99542975481132,14.505892942255986,16.74275761776835,17.82614739557932,16.72794648969576,18.61679857534122,41.60094653895186,0.14816085768188855,0.03936755997272909,0.13647573,0.03179901,117.45383522727273
genres_original\metal\metal.00033.wav,metal,-35.73135,44.04539,115.466896,28.106361,-40.631664,14.455041,75.38111,10.134708,-12.545452,10.052602,21.839254,8.6758795,1.8210291,11.659215,15.605564,8.778513,-0.17317209,8.475216,10.234974,6.060737,-11.762732,5.075726,15.405225,5.4776845,-12.471008,4.7687683,4.6235504,4.8910313,-2.470627,5.430836,-1.6684321,8.002364,-0.3332341,8.485341,-7.7724237,7.7363243,0.9960804,7.2615995,-4.1807895,4.636846,0.524048,0.37470236,0.43455908,0.5623792,0.7016233,0.5364362,0.28010905,0.2802064,0.3832918,0.42300647,0.5762515,0.6859518,2029.8387796734646,568.5392769772228,1929.5737681834808,296.15233768021994,4223.366128549487,829.8951746572243,22.630805130929513,14.193400046990373,14.920978330915636,14.89734748934169,14.966991832843638,23.345896547694913,39.710973789990774,0.10000733177728328,0.047871586088114135,0.2567308,0.035430405,123.046875
genres_original\metal\metal.00034.wav,metal,-104.68676,53.599194,87.735695,28.226337,-33.242126,19.099283,48.456833,20.412415,-28.924986,12.766664,22.51373,11.384147,-24.994108,10.89912,20.534803,9.643584,-12.07721,9.010954,18.25662,9.8791,-15.190194,7.9044123,10.294038,8.027454,-13.897689,9.50782,10.2869,9.386654,-4.697043,13.019359,9.943593,9.3107,-5.6209707,10.149918,4.791561,9.003917,-11.67811,7.6497025,2.9583418,7.5556507,0.37136915,0.27354667,0.33466786,0.32040194,0.45817024,0.39257964,0.46203074,0.48485398,0.4010692,0.4090078,0.42607215,0.5488888,2707.5423665716226,664.7377443292409,2235.047516078013,267.9010624977479,5292.017999891157,991.1918991017625,19.270317683198734,13.78066851568315,16.953697764200193,18.39915844062765,17.010331171915084,17.28335395637498,41.25816733934251,0.16091248125483745,0.05765645595689141,0.09048659,0.024815362,161.4990234375
genres_original\metal\metal.00035.wav,metal,13.472156,43.567837,78.02858,18.596159,-32.999123,20.114412,55.550117,10.790054,-9.963229,7.6249294,35.417408,8.871706,-17.641218,9.199484,29.057076,8.497777,-11.254932,8.460772,14.004888,9.288373,-10.102363,7.0649085,16.52735,8.664865,-8.494954,5.8072753,5.9217753,7.27847,-11.878571,5.894782,6.4486413,7.3281655,-11.164233,5.4655395,-0.19770099,7.593617,-2.188119,4.829313,1.3877146,5.378799,0.57708466,0.80674124,0.68702507,0.534531,0.4417898,0.36654887,0.31718883,0.41002634,0.5751613,0.49363345,0.37551844,0.43467575,2836.947977795833,491.1733531520667,2339.3457327787883,290.67873116492694,5615.124379444417,850.5089746064713,19.403260835780454,14.291016443642691,14.556722565636393,14.209457207751434,15.51283893663908,16.508122529990576,46.52798623402105,0.1628051379885836,0.05653775135487852,0.27074897,0.062462587,117.45383522727273
genres_original\metal\metal.00036.wav,metal,-71.27534,26.958479,82.33836,16.426836,-30.17323,13.306837,56.464294,10.633172,-10.875072,9.354619,26.82275,7.816246,-15.808304,7.993107,25.348274,6.4497185,-15.630503,6.815668,17.768711,7.5161414,-13.055728,7.118594,14.628012,6.185069,-14.275042,6.9003654,9.547383,5.849067,-10.368048,5.7849283,8.101744,6.4257364,-7.4639072,5.1296663,5.430879,5.7643437,-4.4021826,5.7335353,3.0511742,5.6941867,0.44888413,0.45118526,0.4825231,0.5706203,0.5922641,0.578978,0.54436463,0.52896976,0.5581044,0.5138086,0.51272774,0.44637117,2685.8291745827923,421.69353552120856,2317.5266104972716,185.96704457966518,5331.467761343847,737.9107841416688,21.78057246238123,12.792568988732436,14.79564458295002,14.423886122131258,15.200280176925205,17.248005796652617,42.93170801861356,0.16050318667763158,0.04887139682819978,0.11219081,0.028802315,143.5546875
genres_original\metal\metal.00037.wav,metal,-79.07527,18.185015,106.81676,14.80705,-38.75978,11.618863,39.854446,7.975449,-26.757378,6.6897683,32.465256,6.0943103,-15.021737,7.8461256,29.701921,6.5859904,-11.37107,6.760884,13.770958,6.775907,-14.502706,7.02445,16.169477,6.73881,-3.0626535,7.9054837,3.566323,6.441791,-17.280031,6.3545938,-2.1323605,5.7661996,-12.57326,6.6503205,-1.2415167,5.8441377,-1.2017151,6.0085707,9.030018,6.726097,0.42249876,0.59239435,0.47549102,0.56299055,0.4088969,0.3288475,0.34149095,0.3054509,0.33013704,0.2575837,0.33613387,0.38814804,2292.510290744662,419.3791857129216,2149.2658033816874,210.68207619782416,4819.912521315064,749.1880534352911,18.770735384159078,14.06600898499768,18.168348625993644,18.096745780861145,17.501962376396197,16.22531688775482,41.94266084059112,0.12365873826915634,0.04131511876307029,0.11197951,0.01817151,135.99917763157896
genres_original\metal\metal.00038.wav,metal,-122.234886,105.762115,62.287914,26.531834,-34.475754,24.03501,75.653,15.527734,6.2773776,13.013641,22.03109,18.919022,-10.958645,9.997949,23.23548,17.39485,-12.28494,9.242688,5.612534,15.699345,-6.983782,7.602368,5.616977,11.977296,-14.398442,6.958996,-0.47629938,9.235209,-11.284502,7.2693844,2.134981,7.0146103,-7.712521,5.8805747,-2.7237544,7.0446687,0.8729692,7.015694,-5.3240557,6.2435036,0.40149352,0.4663566,0.5472266,0.57303876,0.6277702,0.58521867,0.4375892,0.39517012,0.4087345,0.41041702,0.40368727,0.39047638,2690.6514149510335,691.2398062780512,2118.4679544008677,435.86013998345385,5088.035900009675,1297.6469162882504,24.54196545248288,15.539129305860255,17.290254715191814,16.0230333923115,18.101538558007665,19.948639119369393,40.54028617099516,0.14832790126741485,0.059041846333270094,0.14581424,0.08357978,95.703125
genres_original\metal\metal.00039.wav,metal,-99.77965,61.872673,102.12207,25.942635,-23.655642,11.610029,63.08262,15.859579,-8.785434,17.624208,30.73993,11.097854,-9.646097,9.021488,14.164796,7.385899,0.37265715,7.5751343,13.223106,6.1362543,-10.096967,8.915011,9.193242,7.023847,-4.932152,6.1547856,2.3094268,5.9011726,-7.185385,6.5574164,-1.0914272,5.0238733,-4.9282236,5.6166906,6.3270736,6.1843333,-5.0554013,6.021024,-9.303228,5.6475596,0.20804027,0.19637658,0.32279226,0.5472913,0.47045928,0.27864608,0.25871098,0.38879412,0.65122604,0.50633115,0.38768214,0.33445632,2099.3502081908823,576.9030813611995,2062.5313354447185,368.23902105147914,4450.38142248573,1079.9584246711333,21.416232526002577,17.001161164461355,18.208508616590805,18.995654050155636,16.84646353668279,17.744290099222177,39.798783668340945,0.08829727409055728,0.04019643136162426,0.15433325,0.05809088,117.45383522727273
genres_original\metal\metal.00040.wav,metal,-74.115524,28.26885,80.12189,16.829828,-46.98442,15.436473,51.01986,9.289508,-9.138492,8.11195,31.76564,9.429328,-6.376152,9.961883,24.85552,6.81125,-19.14261,7.965791,20.790123,6.7923684,-11.669212,6.800766,13.848666,5.6821885,-16.47486,5.9346128,7.748832,5.7756805,-10.6138525,5.434067,7.497552,5.5101085,-10.351636,6.433449,4.983658,6.322661,-8.210215,6.3452935,1.2308669,5.6575284,0.41932148,0.38093466,0.41128764,0.50976855,0.67529356,0.57679963,0.4819351,0.54149556,0.5461318,0.6193671,0.5288206,0.4193372,2709.5400662447228,457.8542612683631,2194.487062440739,241.841956207088,5081.527606031105,915.5491825278981,20.08199133967203,14.714350829484964,14.921973062751064,15.672142963376954,15.518063338441271,17.15348685101477,41.84132851793109,0.16644079249709753,0.046304033099206235,0.10460098,0.02387412,107.666015625
genres_original\metal\metal.00041.wav,metal,-100.42865,36.424107,104.687256,19.860899,-57.258133,18.153837,56.590775,10.622012,-5.5367737,9.656555,22.83633,10.067053,-6.167544,10.509502,23.090935,8.87983,-19.069187,7.083709,17.792307,7.221351,-13.767806,6.9170227,9.958694,7.0786033,-14.848816,6.9876127,0.3448952,8.434804,-7.3256383,7.2724757,6.9757853,6.3897977,-12.664746,6.3859863,-0.55819917,5.577994,-11.753996,6.1206145,-1.5418612,5.509958,0.44186532,0.39668006,0.43434557,0.49948138,0.5588744,0.41297784,0.45318598,0.49003392,0.4983134,0.5147229,0.37001345,0.4122854,2269.195809921602,368.61254545476453,1928.8258972738681,297.5013600020523,4186.549684506821,852.6695707823152,21.96798150627125,16.02102042722542,16.27666868092725,16.588268574722342,16.133227603347382,19.252408422692042,39.1712947022474,0.13738125544214397,0.032912748338111274,0.097560614,0.019056369,117.45383522727273
genres_original\metal\metal.00042.wav,metal,-93.59133,26.505285,89.89402,15.280833,-55.902695,12.462173,51.637325,7.456675,-5.558396,8.19166,28.777815,8.468881,-13.892873,7.5583596,27.350773,7.4296103,-15.316164,7.8106775,22.829412,6.7294855,-12.410713,6.307853,9.704986,5.837323,-19.730852,6.0333085,-0.77918744,6.512313,-9.100343,6.974195,12.41412,6.562833,-5.453556,7.0856214,4.238625,6.5344357,-10.8701935,5.763411,-2.9501216,6.040805,0.35054365,0.33727297,0.32564646,0.39422068,0.57211953,0.44503033,0.348498,0.41819134,0.60075164,0.6408882,0.44358557,0.36251876,2463.4494582050966,350.99651047790064,2037.3001787840026,229.85358562621016,4547.580834734182,846.8242172121879,20.326374815198747,15.424107696061371,16.586477583394046,18.15146250769134,16.791708496883285,18.178180445505397,41.18888030163985,0.15180860584365324,0.03138911017468492,0.09364971,0.019671932,129.19921875
genres_original\metal\metal.00043.wav,metal,-110.87448,66.38388,83.18676,24.679714,-45.257427,29.907116,56.596424,13.119437,-7.4923544,13.61467,19.979755,11.360338,-13.402861,12.857547,21.218973,9.243934,-15.71974,9.537011,18.087412,7.451818,-18.12701,6.643802,12.930389,6.2211785,-17.24171,7.879048,3.3319187,7.6195135,-7.5791407,8.414148,5.8677907,7.516196,-7.949427,9.729392,6.8205414,7.150208,-5.672731,7.958701,1.3515627,7.622726,0.39137244,0.4334337,0.37347043,0.41972148,0.50165534,0.4850288,0.48824137,0.42272887,0.4778502,0.46740466,0.395111,0.40612558,2683.329925042629,588.4692820873673,2126.7478903554274,409.7967996057234,4972.6949307940695,1244.8414965642946,19.883608625747996,14.2838420135141,16.342867986762517,16.874025164050906,16.591610405146,18.85743135143257,40.363873238884395,0.17731298676954335,0.06290043957582503,0.09044781,0.033403013,95.703125
genres_original\metal\metal.00044.wav,metal,-86.27023,29.709558,76.75911,19.646343,-42.356274,16.928381,53.999104,9.838904,-8.330258,8.776469,29.407862,9.119326,-7.9087305,10.093777,26.661465,7.48409,-14.234941,8.915537,18.466795,6.742629,-17.955868,6.4128942,9.869916,5.724736,-19.038647,6.1525116,6.477255,7.116248,-8.355194,6.662924,4.881691,5.986655,-11.782924,7.0261965,1.6699,6.135446,-10.605783,6.2469234,-3.7786944,6.0179067,0.43156984,0.354097,0.42660522,0.43077636,0.48691827,0.491168,0.48155293,0.52963287,0.55519474,0.5707296,0.40590316,0.47107235,2760.3423816837835,462.71119957614087,2242.7379917564754,277.4986521104676,5260.1848590484715,986.0967886432416,21.69589755925959,16.400454243234613,16.51355502152802,16.943835799223923,16.094780495340334,17.414389611238892,41.831699792243185,0.17124877551760836,0.04077768209285232,0.0953466,0.024279466,117.45383522727273
genres_original\metal\metal.00045.wav,metal,-135.51762,75.96585,93.37061,26.912565,-43.314274,26.67543,59.227753,14.95877,-8.516594,11.596004,20.944653,11.740579,-6.532816,12.6018305,21.889866,9.65758,-18.970129,9.029569,17.050318,8.626667,-15.884877,8.647959,11.082778,6.8346725,-18.48888,7.719743,-0.826837,8.493287,-5.6172304,9.4039135,4.6652665,8.955687,-8.734545,10.464744,2.113998,10.090651,-8.56452,9.220091,0.21051945,7.199603,0.38057026,0.41369024,0.43984205,0.4556846,0.5279695,0.40415162,0.3973349,0.49205196,0.4183703,0.47845328,0.35679758,0.39714888,2389.4350405557316,604.9042323792942,2027.283197639479,345.13536262065867,4448.281435184065,1111.4386374074415,21.360326248355577,16.460980669190455,17.725876997812673,17.4747574764399,17.458891726331778,19.27880798570627,39.169577766170136,0.1442818184017028,0.06215697131575126,0.08803666,0.031601723,61.5234375
genres_original\metal\metal.00046.wav,metal,0.37349707,18.342941,79.70633,13.604649,-30.638968,10.346738,61.075768,9.796274,-17.464642,7.157072,26.695745,7.7941875,-21.258287,6.9568586,22.35319,5.511574,-13.023766,6.1796865,17.867393,5.6840453,-13.381073,5.3415775,19.257633,5.3901043,-10.976209,5.282019,10.706493,5.6240606,-9.433653,5.855653,7.660083,5.7016916,-8.689539,5.0630965,3.1708357,5.068163,-6.828639,5.128759,3.8781013,5.045571,0.5262507,0.50423414,0.50040233,0.46179822,0.4378558,0.48973212,0.40857732,0.43623838,0.43823782,0.46547168,0.5921924,0.5295992,2795.6746741322545,309.1106570391675,2321.7588424214873,168.50286302846953,5455.575344215606,546.7082041685619,21.960619823717348,13.561095057696692,16.811659865969073,15.447186692616665,15.239916108617228,16.447131819210927,44.661596338171655,0.16373219209558823,0.03061478256156244,0.21233073,0.02380621,117.45383522727273
genres_original\metal\metal.00047.wav,metal,-1.9254102,21.864132,72.69556,17.481161,-32.789642,15.588287,63.592033,10.552215,-18.557953,8.350726,25.872955,8.00321,-13.854105,8.908934,18.064384,7.4444785,-11.945406,7.376908,19.65759,6.8596745,-13.9614725,6.7190843,18.737665,7.2096577,-11.190176,6.2496,7.9533334,6.217224,-10.283533,6.251525,5.310404,5.8215356,-9.025781,6.133249,4.3153214,5.9237623,-5.6433825,7.0484624,8.725261,6.9126067,0.4566237,0.5573258,0.6808247,0.5261452,0.40640873,0.41684404,0.3671316,0.33453637,0.36515749,0.42351794,0.31143433,0.32654947,2908.260266485554,392.34136519341524,2286.246871539177,246.42670705755125,5405.6423128204815,789.7573909565023,18.522325258207015,13.82031656076305,18.00256556637099,15.364623524230936,15.476264922447083,17.231027864299186,41.885482398881436,0.17811948227070434,0.0419342925437274,0.21744712,0.03508007,103.359375
genres_original\metal\metal.00048.wav,metal,9.612599,20.741394,76.345825,12.514661,-31.275438,11.986065,56.887745,10.659915,-20.73966,9.100349,27.254444,7.8343115,-16.64428,7.9879684,19.372135,7.391723,-13.922549,6.906097,19.66951,6.45847,-16.064047,6.400254,17.490234,6.703825,-12.959961,5.7948523,11.716284,5.472633,-11.183552,5.9145045,5.478863,5.443872,-8.587832,5.0806623,4.1037006,5.3800774,-4.4196367,5.686737,8.829624,5.496597,0.5216688,0.7676288,0.5200254,0.40420038,0.4252614,0.4371483,0.40948752,0.43508288,0.6010308,0.42596886,0.35421386,0.42233437,2889.2745891447994,289.32893924117764,2337.500799495277,199.51094497173432,5485.266831341912,630.43600301289,20.843595268826505,13.379379024809024,16.718168775884234,16.335320684933716,16.5698571519296,16.80405922484815,43.532912203039224,0.17660928732101394,0.027827149127935137,0.22445607,0.031985536,107.666015625
genres_original\metal\metal.00049.wav,metal,10.01106,16.042883,74.12018,12.8281145,-32.23159,13.106927,62.772324,10.079813,-23.32492,7.792865,30.028404,7.860208,-14.876241,7.8006225,20.15313,6.372035,-12.141148,6.34617,19.180307,6.3437376,-14.977439,6.0587873,18.800049,6.627856,-12.278636,5.5470147,11.281032,5.488614,-9.482024,5.1215844,7.92427,5.1633053,-5.6097245,4.884596,4.6561403,4.6297174,-5.2802196,4.488848,6.826087,5.1517563,0.5285896,0.61150235,0.5100711,0.42266175,0.5495754,0.4274254,0.41894776,0.5298816,0.610074,0.66309613,0.51467824,0.50655836,2980.160116271462,294.97243433532793,2297.4092335076393,191.47025042962196,5461.808639857053,591.6350501444825,20.891424141316104,13.212593802745785,16.49065358550696,15.412552453492003,15.398828573724535,16.565614483158352,44.076346547612566,0.19402490385545665,0.027590839471126585,0.21750559,0.025615223,99.38401442307692
genres_original\metal\metal.00050.wav,metal,16.498144,20.430872,71.17403,13.27894,-22.343836,13.7910385,60.273594,11.19641,-18.556435,9.730471,27.622684,8.227986,-12.409244,8.917422,16.955914,7.34861,-8.733991,7.8217664,17.861544,7.1822762,-13.475232,7.3854012,18.930727,7.0793386,-11.024661,6.814739,9.911685,5.9823465,-7.3751435,5.8378453,6.735554,5.8338585,-5.955689,5.5341463,3.81493,5.63142,-6.191192,4.9987,7.1693306,5.1464825,0.54464144,0.6347342,0.5769736,0.45121464,0.48962638,0.3720787,0.37591603,0.45750517,0.546193,0.62545604,0.48136395,0.47362515,2987.2017926625704,324.65469346032387,2408.7557346459994,238.2492041267567,5629.0576285253,720.0182632214642,20.140167753793953,13.245360288360697,16.318183353024697,15.231119776986656,15.341774440100044,16.586153300259326,40.60034072745858,0.17751366582817338,0.02933066742797598,0.2489358,0.035917826,112.34714673913044
genres_original\metal\metal.00051.wav,metal,9.626442,21.411486,54.66245,16.081488,-21.025988,14.865793,60.160816,12.213294,-21.065937,9.327725,32.14062,9.029918,-15.826892,8.463778,21.457956,8.602928,-8.718101,6.964868,19.355715,8.658457,-12.387802,6.603666,19.743502,8.261265,-10.803767,6.998815,12.307345,7.035829,-8.376524,5.6196685,8.23457,6.7053804,-7.0850525,5.468007,4.327325,5.9916997,-7.334388,5.165841,6.029405,5.605987,0.5939505,0.6897699,0.62434226,0.49156103,0.44371608,0.3706455,0.45188123,0.54213005,0.52422935,0.52900046,0.4419797,0.50001013,3401.339372945473,425.9879196002268,2458.6986699147983,221.9093413251205,6163.937727511851,690.3635400352817,19.920415710751282,13.452103642361951,16.768893292958957,15.981573831007708,15.688731697016808,16.190655473296854,41.4881698632587,0.2284702738003096,0.048721283233463204,0.22617772,0.035457,107.666015625
genres_original\metal\metal.00052.wav,metal,4.007581,45.707417,83.274345,22.852448,-37.258846,20.772804,62.334545,16.572882,-14.855903,11.993284,23.4053,10.06687,-10.465684,9.816436,16.790583,9.159384,-7.9484053,8.929084,16.296947,8.293629,-11.256233,7.3481455,13.319225,7.408377,-7.8180065,6.757545,6.423224,6.7681828,-5.4770126,6.559122,4.675414,6.0625973,-5.1417117,6.033659,3.0196292,5.671006,-2.7726502,5.3036337,3.8143518,5.3068304,0.53702223,0.52675986,0.49889296,0.45028195,0.53873295,0.48230726,0.5007605,0.5795547,0.6148113,0.64028335,0.5252324,0.5119821,2716.8331745213422,508.9515380728602,2208.673920061844,355.79568716288406,5122.777356599507,1015.4916192854874,19.22254893874295,12.737454177526791,15.849457020395008,15.593242035529142,15.204521521808584,17.05784688083933,36.99699838433164,0.16221897373258515,0.04552426642134411,0.2398198,0.052572466,161.4990234375
genres_original\metal\metal.00053.wav,metal,4.940334,18.475332,75.07084,13.08802,-24.737082,12.925963,57.010853,10.718159,-21.78284,8.854996,26.048838,8.290544,-12.566025,8.439331,17.441984,6.764162,-10.24325,7.425802,18.605541,6.4941134,-13.024874,7.1392,18.953098,6.3989544,-9.70242,6.598586,11.359749,6.1030974,-7.2705593,5.80822,7.7291527,5.1809916,-5.3974466,5.170564,3.4073267,4.937099,-6.935817,5.452984,6.544121,5.1870847,0.51363534,0.59090847,0.4803522,0.42467704,0.5334474,0.3743005,0.3662907,0.46463925,0.54808974,0.6284182,0.50027424,0.48619524,2906.8537059020937,345.0483055539061,2374.6262223434837,216.2310869124205,5519.324958730408,667.7813872080844,20.368152356946585,12.570922860844107,16.969623447674753,15.810538499907963,15.460415084286174,16.458803298055138,41.56525484540236,0.17261573626160992,0.03428760584440443,0.22735067,0.044516433,123.046875
genres_original\metal\metal.00054.wav,metal,1.1746386,18.551455,66.64868,13.860691,-23.702898,12.915202,60.944363,9.735989,-18.885223,7.955314,29.745417,8.300269,-17.549292,8.052256,21.030996,6.7622466,-11.191259,6.8962107,18.808361,6.853198,-13.065931,6.163172,19.950945,6.405889,-10.563495,5.5791855,10.513774,5.408716,-9.3363695,5.7982497,8.415618,5.0617814,-6.657996,5.274424,5.0049186,4.895192,-6.474301,4.962466,7.6110287,4.9499784,0.58041704,0.6014407,0.5336877,0.54311,0.43249437,0.40326333,0.45552033,0.5224592,0.5968761,0.52065134,0.46653828,0.46567452,3114.329793935282,396.8193168235962,2411.5957201103206,192.53915369820962,5830.064746396091,680.2068835588009,19.918977933630373,13.740434240569293,16.484390609089207,15.293249242864789,15.20747203987421,16.048342872639342,43.670536280923976,0.19579171101006193,0.04071171129673747,0.20699105,0.02738856,123.046875
genres_original\metal\metal.00055.wav,metal,10.46768,21.989603,63.71505,13.359087,-28.434465,14.227252,62.601223,12.5864315,-19.601042,9.564706,28.82345,8.562785,-15.230561,8.091057,19.297329,7.9172993,-10.69957,7.2443857,18.856491,7.7045755,-12.71232,6.5967627,18.030092,7.471556,-10.830204,6.6619196,12.705911,7.091147,-6.1213317,5.9383273,9.256771,6.1091843,-7.143946,5.482249,4.64053,5.936775,-6.5071797,6.6639547,7.859061,5.7830343,0.5815217,0.5519481,0.51239306,0.4479095,0.4017882,0.4267168,0.5298361,0.4443343,0.4500571,0.47621807,0.5190604,0.6466391,3108.6767565401215,328.0522764141352,2361.285861644137,215.73012860243506,5699.065538530379,635.755038167625,20.524436246194718,13.876568701061586,17.544291849985186,16.413031833835113,15.492343381849029,16.510021731259677,41.691392450813154,0.19692586892898606,0.033532613558509075,0.23245998,0.033581816,172.265625
genres_original\metal\metal.00056.wav,metal,11.97404,19.991148,69.42492,14.221781,-23.266045,14.240273,60.70763,11.084953,-20.820644,9.09878,25.098286,7.8858676,-16.195517,7.843162,15.557082,8.189292,-10.50349,7.4585447,18.778439,8.026812,-13.387608,6.5655847,17.373083,7.133421,-11.059947,6.017638,10.266618,6.4266,-8.716945,6.1534915,8.182579,5.6388063,-4.960778,5.689826,5.420798,5.5451984,-5.496191,5.644807,9.081053,5.9517665,0.52188987,0.55407506,0.4593493,0.41254044,0.42628077,0.38954356,0.46244296,0.434023,0.47295794,0.4540925,0.44648784,0.5280296,3010.8123920844464,352.4220304158735,2386.8322619411997,221.07551193620228,5633.407602221604,692.5297146163165,20.030788204718867,13.90019016873654,17.55607679995506,16.063651047142926,15.491410720486124,16.70499943368199,40.75148788775638,0.17932884759578174,0.034958637192691384,0.24290091,0.036821663,107.666015625
genres_original\metal\metal.00057.wav,metal,-24.911848,38.854248,77.54363,20.697691,-30.417301,17.906857,68.36967,12.974329,-6.524643,9.383936,24.6945,8.5219755,-9.805858,10.428828,19.518623,8.659937,-11.461867,8.293509,18.592081,7.575753,-14.161357,6.796416,14.448354,7.2544155,-5.920214,7.278093,9.08153,6.060634,-7.698092,6.2427325,5.832566,5.8025784,-6.617128,6.192987,2.2925332,5.8002486,-7.4986577,5.4349685,5.75931,5.6315813,0.6456654,0.5578102,0.48912704,0.4065779,0.35839668,0.32774097,0.44262025,0.45279858,0.4781775,0.48718634,0.5235383,0.68225855,2718.481020565502,494.9103439215778,2270.645535830712,311.80528733542025,5227.210058442579,995.5580614139358,20.13608040886612,14.770208671356846,17.485963746187075,16.45807295539341,16.0745594002128,17.929487971817654,40.83911641859279,0.14377388496517027,0.04153456396144725,0.20718965,0.038255684,129.19921875
genres_original\metal\metal.00058.wav,metal,-15.687386,18.379215,100.09827,13.5986805,-37.590458,13.127217,45.971,11.228865,-20.773737,9.332349,25.637007,7.32693,-18.64387,7.0780053,26.516623,5.885648,-20.16317,7.1245756,21.12962,6.660345,-13.649135,5.9642777,10.978789,6.7137527,-15.535991,6.181832,3.681421,6.1757994,-7.7146096,6.1003036,3.9337354,5.161615,-8.12184,6.563399,6.954766,6.9255476,-2.0548265,5.789234,3.9079614,5.988873,0.37501818,0.37983772,0.46053827,0.412297,0.47898,0.5261071,0.45214313,0.57760346,0.55066437,0.5032397,0.44373778,0.37631702,2459.3807747248898,359.6951390981868,2221.3829014466087,208.8131479400935,5024.202952665441,801.6322608955717,19.51511702347856,13.045766282719928,16.02142423749165,15.750959346561439,15.786350013664675,16.524841572115683,44.778848195488656,0.1428422957381966,0.034063371145174125,0.18442486,0.032006573,143.5546875
genres_original\metal\metal.00059.wav,metal,-15.622626,18.992731,99.13169,12.810778,-45.62269,11.64542,55.021473,8.398442,-18.016518,5.4751987,23.890497,6.7241187,-19.60334,6.0037355,27.33491,6.305768,-15.09996,5.544669,18.792261,5.638743,-16.151487,4.7986445,9.215641,6.8184476,-16.218187,4.997324,5.4411445,5.564702,-4.6560435,5.745469,6.2786555,7.598767,-4.701227,6.3261604,7.4452233,5.265137,-5.8759637,5.3868566,-0.6940043,5.4772105,0.29707405,0.44097966,0.4840499,0.42042726,0.59319496,0.43111998,0.3869106,0.42719337,0.53535676,0.77528685,0.49788362,0.3227575,2442.6700033077755,295.87733248608464,2102.978887667062,173.82382110346714,4728.971404556889,608.7208878616681,20.632898952866142,13.078702949036934,16.538632594402337,15.91623444821368,15.697744932335096,16.778017486416292,44.19716679014818,0.14985396913699692,0.032892969553277515,0.18227965,0.030084321,99.38401442307692
genres_original\metal\metal.00060.wav,metal,-58.221924,23.826645,105.824524,14.424566,-43.90767,14.058178,58.441563,6.9655495,-18.440866,7.500897,27.96586,7.18608,-17.969337,6.1316376,21.048119,6.161526,-15.5502615,5.873858,13.395051,5.5724244,-15.685904,4.9733133,9.364441,5.1535683,-15.323449,5.675456,1.5323157,4.9825487,-5.9749947,5.644936,2.051745,4.6694074,-6.8151,4.992216,4.2109413,3.9237406,-3.407656,4.511495,1.7647108,4.1738086,0.45602286,0.4970943,0.5478733,0.5194673,0.7382564,0.53071374,0.52507675,0.55143684,0.5132012,0.5408816,0.45893013,0.6077044,2315.8697989887996,338.94835091172484,2066.663280190379,192.71844049472233,4616.630417200803,648.3728869926706,19.42940874246844,12.813082210163866,15.493656458366608,14.593795629382992,15.314308442041723,16.853047475581235,41.767854911437645,0.13954412974071206,0.04014624339534633,0.12572911,0.02527246,89.10290948275862
genres_original\metal\metal.00061.wav,metal,-74.115524,28.26885,80.12189,16.829828,-46.98442,15.436473,51.01986,9.289508,-9.138492,8.11195,31.76564,9.429328,-6.376152,9.961883,24.85552,6.81125,-19.14261,7.965791,20.790123,6.7923684,-11.669212,6.800766,13.848666,5.6821885,-16.47486,5.9346128,7.748832,5.7756805,-10.6138525,5.434067,7.497552,5.5101085,-10.351636,6.433449,4.983658,6.322661,-8.210215,6.3452935,1.2308669,5.6575284,0.41932148,0.38093466,0.41128764,0.50976855,0.67529356,0.57679963,0.4819351,0.54149556,0.5461318,0.6193671,0.5288206,0.4193372,2709.5400662447228,457.8542612683631,2194.487062440739,241.841956207088,5081.527606031105,915.5491825278981,20.08199133967203,14.714350829484964,14.921973062751064,15.672142963376954,15.518063338441271,17.15348685101477,41.84132851793109,0.16644079249709753,0.046304033099206235,0.10460098,0.02387412,107.666015625
genres_original\metal\metal.00062.wav,metal,-100.42865,36.424107,104.687256,19.860899,-57.258133,18.153837,56.590775,10.622012,-5.5367737,9.656555,22.83633,10.067053,-6.167544,10.509502,23.090935,8.87983,-19.069187,7.083709,17.792307,7.221351,-13.767806,6.9170227,9.958694,7.0786033,-14.848816,6.9876127,0.3448952,8.434804,-7.3256383,7.2724757,6.9757853,6.3897977,-12.664746,6.3859863,-0.55819917,5.577994,-11.753996,6.1206145,-1.5418612,5.509958,0.44186532,0.39668006,0.43434557,0.49948138,0.5588744,0.41297784,0.45318598,0.49003392,0.4983134,0.5147229,0.37001345,0.4122854,2269.195809921602,368.61254545476453,1928.8258972738681,297.5013600020523,4186.549684506821,852.6695707823152,21.96798150627125,16.02102042722542,16.27666868092725,16.588268574722342,16.133227603347382,19.252408422692042,39.1712947022474,0.13738125544214397,0.032912748338111274,0.097560614,0.019056369,117.45383522727273
genres_original\metal\metal.00063.wav,metal,-93.59133,26.505285,89.89402,15.280833,-55.902695,12.462173,51.637325,7.456675,-5.558396,8.19166,28.777815,8.468881,-13.892873,7.5583596,27.350773,7.4296103,-15.316164,7.8106775,22.829412,6.7294855,-12.410713,6.307853,9.704986,5.837323,-19.730852,6.0333085,-0.77918744,6.512313,-9.100343,6.974195,12.41412,6.562833,-5.453556,7.0856214,4.238625,6.5344357,-10.8701935,5.763411,-2.9501216,6.040805,0.35054365,0.33727297,0.32564646,0.39422068,0.57211953,0.44503033,0.348498,0.41819134,0.60075164,0.6408882,0.44358557,0.36251876,2463.4494582050966,350.99651047790064,2037.3001787840026,229.85358562621016,4547.580834734182,846.8242172121879,20.326374815198747,15.424107696061371,16.586477583394046,18.15146250769134,16.791708496883285,18.178180445505397,41.18888030163985,0.15180860584365324,0.03138911017468492,0.09364971,0.019671932,129.19921875
genres_original\metal\metal.00064.wav,metal,-110.87448,66.38388,83.18676,24.679714,-45.257427,29.907116,56.596424,13.119437,-7.4923544,13.61467,19.979755,11.360338,-13.402861,12.857547,21.218973,9.243934,-15.71974,9.537011,18.087412,7.451818,-18.12701,6.643802,12.930389,6.2211785,-17.24171,7.879048,3.3319187,7.6195135,-7.5791407,8.414148,5.8677907,7.516196,-7.949427,9.729392,6.8205414,7.150208,-5.672731,7.958701,1.3515627,7.622726,0.39137244,0.4334337,0.37347043,0.41972148,0.50165534,0.4850288,0.48824137,0.42272887,0.4778502,0.46740466,0.395111,0.40612558,2683.329925042629,588.4692820873673,2126.7478903554274,409.7967996057234,4972.6949307940695,1244.8414965642946,19.883608625747996,14.2838420135141,16.342867986762517,16.874025164050906,16.591610405146,18.85743135143257,40.363873238884395,0.17731298676954335,0.06290043957582503,0.09044781,0.033403013,95.703125
genres_original\metal\metal.00065.wav,metal,-86.27023,29.709558,76.75911,19.646343,-42.356274,16.928381,53.999104,9.838904,-8.330258,8.776469,29.407862,9.119326,-7.9087305,10.093777,26.661465,7.48409,-14.234941,8.915537,18.466795,6.742629,-17.955868,6.4128942,9.869916,5.724736,-19.038647,6.1525116,6.477255,7.116248,-8.355194,6.662924,4.881691,5.986655,-11.782924,7.0261965,1.6699,6.135446,-10.605783,6.2469234,-3.7786944,6.0179067,0.43156984,0.354097,0.42660522,0.43077636,0.48691827,0.491168,0.48155293,0.52963287,0.55519474,0.5707296,0.40590316,0.47107235,2760.3423816837835,462.71119957614087,2242.7379917564754,277.4986521104676,5260.1848590484715,986.0967886432416,21.69589755925959,16.400454243234613,16.51355502152802,16.943835799223923,16.094780495340334,17.414389611238892,41.831699792243185,0.17124877551760836,0.04077768209285232,0.0953466,0.024279466,117.45383522727273
genres_original\metal\metal.00066.wav,metal,-135.51762,75.96585,93.37061,26.912565,-43.314274,26.67543,59.227753,14.95877,-8.516594,11.596004,20.944653,11.740579,-6.532816,12.6018305,21.889866,9.65758,-18.970129,9.029569,17.050318,8.626667,-15.884877,8.647959,11.082778,6.8346725,-18.48888,7.719743,-0.826837,8.493287,-5.6172304,9.4039135,4.6652665,8.955687,-8.734545,10.464744,2.113998,10.090651,-8.56452,9.220091,0.21051945,7.199603,0.38057026,0.41369024,0.43984205,0.4556846,0.5279695,0.40415162,0.3973349,0.49205196,0.4183703,0.47845328,0.35679758,0.39714888,2389.4350405557316,604.9042323792942,2027.283197639479,345.13536262065867,4448.281435184065,1111.4386374074415,21.360326248355577,16.460980669190455,17.725876997812673,17.4747574764399,17.458891726331778,19.27880798570627,39.169577766170136,0.1442818184017028,0.06215697131575126,0.08803666,0.031601723,61.5234375
genres_original\metal\metal.00067.wav,metal,-82.50126,38.684963,97.34412,17.984577,-34.373585,17.426989,71.40592,13.737237,-3.2831824,9.275889,17.367373,9.197814,-9.023832,9.217804,16.01118,7.645685,-19.003857,7.7938275,12.078761,6.7782836,-9.568192,7.381632,13.949616,7.547256,-14.460563,7.068292,7.954933,7.7645574,-7.123618,6.5119605,5.177264,6.165673,-7.2045445,6.6637278,0.66760653,6.5320463,-4.8388996,6.3636413,-2.1070077,5.365762,0.4713066,0.4097752,0.48883936,0.442472,0.50382763,0.42719537,0.3896051,0.4109032,0.44856635,0.4885203,0.48603892,0.6627164,2254.451747982022,426.1423508917872,2070.908728642475,256.09187245390217,4381.173507643189,825.5999458547627,18.429434531917497,14.813250390529308,17.834960573739032,16.013885524661994,16.651698929238854,18.873462612376333,40.0601873125107,0.12015875943304953,0.03841475963498382,0.13624883,0.037760217,135.99917763157896
genres_original\metal\metal.00068.wav,metal,-99.92597,61.73345,106.37655,22.2064,-40.69357,16.769615,52.71699,11.760927,-20.752645,14.95173,25.27852,10.342813,-11.834835,10.150977,22.090796,8.148929,-12.473096,8.665711,13.7743025,7.5395074,-14.384913,7.260821,15.974963,6.909253,-11.724976,6.4052405,5.771152,5.9799223,-9.157407,5.906922,3.6455305,6.078716,-8.888176,6.306475,2.3828783,5.9983597,-3.6879458,5.9363,0.15610039,5.6538897,0.46864426,0.4118638,0.36761913,0.48620677,0.650185,0.46105617,0.3345753,0.36882028,0.48661423,0.61457866,0.45449972,0.45226738,2302.7150351085147,455.3913725765423,2069.4106998847446,264.1206015343512,4598.97219064435,861.6403720479927,18.285773816491194,14.102117952367337,15.419464529253162,16.06082998746938,15.688207323716423,17.818619311829895,39.89766198421071,0.13075015419407895,0.0418494982610602,0.09832205,0.03207351,161.4990234375
genres_original\metal\metal.00069.wav,metal,-111.631966,39.681133,111.15152,18.790073,-10.673634,15.004062,69.67505,10.3980255,-4.9124284,9.922601,29.834532,7.781175,-10.388692,8.834817,21.257767,6.569273,-6.6391087,7.6719623,20.084322,5.9004693,-7.234053,6.169133,16.228865,6.964622,-10.11801,6.7030506,5.317103,6.4080215,-3.5098681,6.358125,1.3618948,5.915048,-4.7046037,7.222895,5.6378694,7.1918926,1.5145243,8.135821,1.8745899,7.0393677,0.313258,0.38244072,0.56680334,0.5865496,0.6899771,0.5442159,0.41471273,0.40876538,0.3899349,0.41791505,0.3438372,0.3904983,1741.2304486142496,426.4123631777505,2098.637822048584,274.7335986485285,4110.21681274792,879.5386424169383,18.636774196656905,14.434796280168745,17.175294559244698,17.33995257750418,16.903400620153153,17.88296255384879,40.60244118710733,0.05379181380611455,0.02598138017131214,0.17355335,0.024823107,161.4990234375
genres_original\metal\metal.00070.wav,metal,-197.24265,62.464294,74.135826,29.539188,-10.732934,27.103802,54.719276,15.705575,-7.5989184,10.883226,18.415987,13.109472,-18.87797,8.978507,11.601353,11.529298,-14.568,8.34444,18.417076,8.211419,-16.47915,8.395739,12.569827,7.9662046,-10.470822,8.045529,12.355381,9.074968,-6.2587886,7.395902,10.49567,7.825455,-7.0594673,9.153871,3.7297091,9.197939,-3.235438,8.406823,0.65811396,7.1719885,0.378744,0.34451994,0.36543825,0.33425024,0.43378338,0.35360792,0.47657883,0.4956152,0.44767132,0.5145259,0.40703765,0.4240084,2742.97005055359,698.1091246529176,2450.8153919409297,318.20493329873506,5626.015980251064,1151.4900529422114,17.792668265312408,13.84244688071186,18.10410506733584,17.25383797163329,16.85936800515219,17.829385732473103,38.85352457091136,0.14287668706462847,0.06221136365525387,0.048858766,0.0274496,117.45383522727273
genres_original\metal\metal.00071.wav,metal,-78.646675,64.06354,80.88038,19.08905,-24.589212,14.804603,47.02528,11.633542,-23.750679,10.051325,27.423235,8.445228,-17.429619,9.360708,22.271526,8.59127,-13.534701,7.159951,21.57405,8.881876,-11.100493,7.314117,15.586864,6.167124,-9.705412,7.360692,10.519356,5.977569,-8.843406,5.8687835,6.2142015,5.784207,-4.767707,5.9581556,4.531236,4.951473,-3.4288983,5.852312,3.1645641,5.450776,0.46120167,0.6037499,0.49797526,0.4966777,0.49455833,0.4879743,0.4925762,0.44539604,0.52518547,0.40620276,0.4064763,0.4399435,2808.0046134374647,508.4678276780027,2407.491842048223,209.5923692020194,5674.13235596459,795.5374186267095,15.766645853787388,13.372300512829925,16.192437962408206,15.341464310801914,15.27656156714767,15.440834453036308,42.997550386778755,0.15380519241002322,0.05464209441438135,0.11531483,0.043909356,86.1328125
genres_original\metal\metal.00072.wav,metal,-35.211857,19.337008,93.95566,15.385416,-35.184963,11.364409,62.78997,9.991433,-11.732125,7.0671105,26.993427,5.920012,-10.765925,6.9872274,24.075377,5.547768,-13.050642,6.2411246,13.60035,6.3945413,-12.423316,5.9859166,13.567939,5.6546483,-12.25336,5.8294425,5.923869,5.274732,-11.990138,5.059989,3.3103526,5.3794875,-11.968026,6.071972,-1.3697472,6.305779,-2.4044914,6.7543173,-2.6268032,6.1384583,0.3937908,0.48553473,0.570488,0.4260718,0.39042947,0.5112456,0.571878,0.56358784,0.43294603,0.35624743,0.3134551,0.32718313,2340.03096955969,351.7744667220858,2151.991170036022,164.60559807692374,4708.263196443257,581.1244062346741,20.37898687699018,15.148723754965076,15.815423130511258,15.704423706011946,15.793777301382832,16.815687610163483,42.66383890387405,0.11682733588912539,0.03924978151689941,0.19427228,0.027740791,123.046875
genres_original\metal\metal.00073.wav,metal,2.76582,32.013676,77.069046,20.526947,-17.562174,16.434717,57.969265,14.394777,0.73400027,12.072335,28.834631,11.041067,-7.8623486,9.592121,27.62109,9.018558,-13.553445,7.823248,17.290194,7.9018345,-7.5781507,7.386564,13.043516,7.2673244,-8.747499,6.896183,6.2662005,6.103135,-8.75173,6.096039,5.6346817,6.4346805,-10.762566,6.546368,1.7315366,6.260182,-7.0443187,6.2381644,-1.6029269,5.9828205,0.34041977,0.44619372,0.54946053,0.6893669,0.48198763,0.32875544,0.3392447,0.3509508,0.3697877,0.39227435,0.51214504,0.35898995,2642.032925778633,539.0793332753655,2461.1191861458697,326.2097461989051,5566.866337920859,1108.108540117024,20.97591772640983,15.483434328609798,17.24088993233733,16.337770932497016,16.38987396217756,16.34290878230856,40.42628762865007,0.12134280367163312,0.04278340857391909,0.2933537,0.047151286,143.5546875
genres_original\metal\metal.00074.wav,metal,-201.17038,39.066875,76.82515,22.553808,-14.830626,15.965007,68.75314,16.809147,-12.95295,10.250957,36.95549,9.543323,-10.98254,9.483078,23.685736,9.202091,-12.256573,8.114197,16.672419,6.333637,-11.068587,8.222724,15.556435,6.4537654,-11.184572,5.3553205,10.567687,6.284084,-3.8928819,6.440769,7.0718303,5.6713557,-9.825485,5.9425187,2.655147,5.707977,-9.00015,6.1575065,-2.2275777,5.3914437,0.54627144,0.7440532,0.5965943,0.43801218,0.4037905,0.44075972,0.41031924,0.43048128,0.4963773,0.4436202,0.39243802,0.45951757,2723.644292308425,610.9513332705817,2399.629391000356,273.0133101901854,5495.000105819466,915.3875096853604,19.224155247412277,14.603824836604954,16.537793514833517,14.868518395685362,15.454346230702377,16.546295098732752,38.31520965480134,0.13497272881191952,0.05791138186429692,0.040842734,0.008877005,123.046875
genres_original\metal\metal.00075.wav,metal,-40.462826,57.314613,105.28377,24.48865,-14.121419,21.810396,54.854095,12.494403,-1.184733,10.979187,20.07817,10.983853,-11.68658,8.446405,22.177694,10.571005,-10.237689,6.794979,14.195452,7.9436045,-6.912577,7.14929,13.34514,6.3634872,-9.254659,6.4170465,6.935655,6.2785687,-4.394074,6.043571,7.80383,5.4663444,-7.623223,5.699389,0.66062206,5.4571185,-3.9646745,5.6164894,-0.00101941,5.2981415,0.3385477,0.37111807,0.3591865,0.47264323,0.32829252,0.33190158,0.46198142,0.5274311,0.71128994,0.5308304,0.49169677,0.45507327,2068.6843930292544,624.2083033944785,2199.3695655238575,394.78750930930266,4439.356489151993,1356.2117249022692,19.500518578031745,16.817553395294706,17.869646796409654,16.71023632521405,17.514744061253943,17.235030374187563,39.53384403377521,0.08889326443982198,0.03932209341487458,0.24473605,0.0812171,112.34714673913044
genres_original\metal\metal.00076.wav,metal,-100.87204,39.57702,76.131744,16.170385,-29.540949,22.232561,69.70769,7.481206,-17.339687,10.033609,21.392006,10.351523,-12.921216,7.320001,22.004938,10.047339,-9.841376,7.262571,18.424261,9.075452,-12.037167,6.187145,8.98118,8.880472,-20.874262,5.178454,-2.6910977,6.8237624,-9.629925,5.453944,2.931675,6.5615697,-7.5035872,5.411266,0.53127,6.871155,-4.969364,4.762944,-3.1851037,6.3456135,0.40877038,0.35819468,0.47854745,0.59891,0.77728486,0.574696,0.383206,0.41412836,0.507273,0.43586498,0.42301294,0.59078777,2792.6902805308296,435.06992153429997,2250.7753981057467,311.38361261907795,5321.717820300406,854.2037333776622,23.470271575845526,15.049652465249244,15.21568452248129,15.7693875330055,15.21408583551772,18.181406804603334,41.59810747947393,0.16254058932372292,0.053563896863959425,0.09692568,0.038130745,143.5546875
genres_original\metal\metal.00077.wav,metal,-42.02993,23.059824,86.998,14.107368,-27.519882,15.242867,62.60779,11.908624,-27.02055,10.472874,32.348595,8.515317,-18.955395,9.095212,22.138983,5.675023,-14.33114,7.050563,19.516882,6.981849,-10.970767,6.7176213,16.759539,7.6043954,-12.39556,7.7613816,10.520514,7.235922,-6.721216,7.544314,6.517083,6.4990215,-9.209883,6.520045,6.571162,6.6356006,-5.7864056,5.735977,1.3288355,6.285035,0.39410803,0.36117482,0.4391058,0.39285883,0.39860654,0.37464067,0.44202653,0.40852305,0.48332053,0.5845863,0.49613276,0.5162408,2741.086952229798,350.95887831849655,2302.147296184746,206.60599289749462,5409.3672902960525,639.0543203487107,17.48714806433622,13.794026085191488,15.93163602226878,15.917907040607957,15.40931036851798,15.756414391937161,43.79382880188234,0.15998467129450464,0.034730606650250746,0.14909758,0.025035711,151.99908088235293
genres_original\metal\metal.00078.wav,metal,-1.6504898,35.535534,73.40672,20.552223,-15.8976755,17.171263,55.80285,14.649489,-1.9217752,10.0427065,34.024567,10.999546,-8.33632,10.167779,32.767876,9.860454,-9.721336,8.898902,20.836998,7.4587684,-9.041395,7.4188843,13.956027,7.5257387,-9.598967,6.8415704,4.965141,5.9972687,-6.625369,6.153142,6.481497,5.735921,-6.449592,5.174202,2.2325194,5.2555504,-3.009212,5.370812,1.9899175,4.628864,0.5021596,0.5195021,0.5723648,0.66748613,0.56694907,0.43600562,0.47142035,0.56286865,0.5019578,0.4822756,0.59315664,0.5269501,2815.480455068502,603.3313913043006,2548.1294283251427,321.6697004911645,5898.380999963719,1113.0513835918962,20.263569410129318,14.381850712587207,15.327920578343939,14.952890529794354,15.414861244148357,15.660545352134701,39.20147019627636,0.13186541577979877,0.046354466994245974,0.26945254,0.041785333,99.38401442307692
genres_original\metal\metal.00079.wav,metal,-74.930435,39.499077,79.14186,20.35201,-40.912483,16.340796,54.72062,9.370262,-9.683361,10.366225,37.261475,8.934745,-14.976005,8.777806,20.937372,8.342458,-17.431295,7.421493,16.582232,7.2984166,-11.095817,7.1577196,15.470194,7.229489,-11.143389,6.6747794,10.473645,7.9118752,-6.3828216,6.678015,5.5478888,7.5174866,-7.29011,6.7907057,2.9126554,7.6304617,-0.5690331,7.6357045,-2.834362,5.9383316,0.44364202,0.4111003,0.47641793,0.61739576,0.63473964,0.41686776,0.3880691,0.37827352,0.4291875,0.51250744,0.43008956,0.5319188,2710.046718960874,497.4285297847698,2264.0402290649054,260.39637799965,5322.6094815753195,887.0611077594847,24.496263575827218,13.941512987236054,17.63826542065089,16.74937429840173,16.222919501128963,16.526337124767835,42.94806706288054,0.14390615929760062,0.04460432236376251,0.12730838,0.042055517,123.046875
genres_original\metal\metal.00080.wav,metal,-73.53079,46.71229,74.63624,18.717207,-16.441614,15.373182,55.65842,11.256452,-7.735835,9.446285,36.544735,8.75166,-18.304749,7.8840795,27.83494,6.848497,-11.930489,6.907033,20.062954,7.0726967,-11.356052,7.354267,14.714357,5.9690886,-7.2918744,7.3253217,9.606173,6.505849,-6.7524467,6.0346656,7.8925457,5.848965,-3.5827742,5.925634,2.666089,6.4600463,-5.1028223,7.0779405,3.0479608,6.763781,0.46179718,0.53741485,0.53234386,0.4865888,0.5774846,0.5721829,0.5316785,0.45506933,0.40790796,0.42101112,0.468322,0.5133252,2848.182022368144,557.146574815286,2497.6560434938183,220.3989258560894,5930.589138538845,796.6199814903944,24.14928722505201,13.775593064927932,15.673144499654034,14.995598484963347,16.173262143447353,15.487154053201776,44.4283197874655,0.14412119956946595,0.053472713662802505,0.13986295,0.05509969,161.4990234375
genres_original\metal\metal.00081.wav,metal,-19.135782,29.83828,118.842636,15.492213,-52.170376,11.591303,42.712044,6.8575726,-21.577301,7.7482343,27.695185,6.5218506,-14.619277,6.8367124,27.023914,5.8038177,-17.138739,5.9524517,18.976408,6.3543878,-10.770826,5.3267493,9.391385,6.666237,-4.661059,6.4663544,1.0903963,6.882837,-5.0440955,5.727159,4.053998,5.381272,-6.41968,5.0797625,1.9957601,5.3975186,-5.504406,4.6673985,0.4586854,5.0262156,0.44264576,0.6405072,0.4402151,0.4622998,0.5569556,0.48873052,0.75667834,0.5742154,0.5103495,0.45954058,0.46933338,0.41029292,2138.240246747415,311.28841269550765,1970.6705014339857,203.5688223234793,4201.149596223152,729.8703057991943,24.657143988056347,13.279570075917931,15.309333395682726,15.592203013832851,15.891877946242882,17.884035136269773,44.29691877332108,0.12199056997387771,0.02780910931415909,0.19039944,0.033330154,151.99908088235293
genres_original\metal\metal.00082.wav,metal,-57.683388,27.860125,101.43232,14.473037,-41.485245,13.400255,55.1306,10.443532,-23.34928,8.012974,28.151098,7.6187873,-12.139105,8.60948,18.150204,7.286231,-15.429839,8.934352,11.888646,7.0357914,-10.803695,7.6625752,9.394469,6.187707,-12.284428,6.645998,4.809484,5.3874283,-12.406642,6.4155035,5.4261503,5.9895725,-8.844725,6.1799097,0.059281103,5.5986423,-3.1784744,5.5455065,-3.361844,5.6505055,0.43551257,0.43322545,0.4779732,0.66808516,0.57967746,0.5246777,0.507553,0.49098668,0.5825777,0.5346762,0.51000446,0.41347814,2378.392047570882,306.57760441161633,2092.4395568588625,182.47580927903755,4748.562952756143,535.3150117600867,17.84177335232411,13.730024346554798,15.35442098704895,15.63651406904258,15.410639274140607,17.411976231704042,41.33592250519722,0.1413173616486068,0.03138005003061785,0.13158989,0.038606588,123.046875
genres_original\metal\metal.00083.wav,metal,-29.364521,31.548243,101.90519,25.684912,-29.13861,14.779773,69.73786,11.119852,-16.19941,7.8313975,19.447557,7.1452446,-18.348463,7.351207,19.076456,7.0218377,-18.29892,7.0550804,15.284218,7.370375,-8.25647,7.1103277,2.497314,7.0296936,-14.802311,5.534218,4.613596,5.0621123,-12.252426,4.607793,5.2742033,4.82225,-10.689712,4.794145,6.4197164,5.0693374,-6.4118514,4.833325,-7.0120497,5.112202,0.33901247,0.32956985,0.40293407,0.46039504,0.6956643,0.5913584,0.49832758,0.44001454,0.5193712,0.38565326,0.3193877,0.50507355,2340.7560584493326,543.9988048160636,2140.301219248904,301.36631488841834,4715.921483467976,1046.2329633091706,26.655589158477078,13.571720493026577,16.893541397884693,15.931363865777552,15.520506704418958,17.17143243969734,41.86616628697095,0.1229134668875774,0.04477491393495899,0.20863253,0.032678287,117.45383522727273
genres_original\metal\metal.00084.wav,metal,0.2972941,43.894676,94.16096,20.213352,-32.3892,16.432684,45.45783,13.070187,-15.206419,11.786979,25.888224,9.85578,-12.4076,11.42694,19.625692,8.768981,-6.809362,8.374452,17.237934,8.155951,-12.993833,8.650048,13.681172,6.7953615,-8.694563,7.7547307,6.838666,6.3484044,-8.357132,6.662591,4.9821687,6.132194,-4.3411765,6.384171,4.7893076,6.3340664,-4.18103,5.9538374,2.5486684,5.539237,0.45636415,0.4790239,0.559574,0.5316082,0.52470505,0.44613835,0.41768005,0.49665397,0.40614247,0.47067592,0.52517396,0.4510617,2522.6734734695337,486.45628537568257,2276.0092934078225,340.31069845838056,5089.835889125387,1012.8171162172604,20.964847930410418,12.821494384962621,15.802834821443165,14.862307113613019,16.22037720220626,16.508582330912045,39.07568426349641,0.13858495186726005,0.0459573222247587,0.22978404,0.06490369,151.99908088235293
genres_original\metal\metal.00085.wav,metal,-46.61735,39.04093,86.81587,20.037561,-34.77483,15.282177,49.901302,11.694448,-18.18641,9.032031,28.723974,7.7616544,-23.486286,9.602272,15.659389,8.516633,-8.936177,11.329256,10.598558,8.880241,-18.183575,7.9353924,12.44495,7.257487,-13.554954,6.5720315,4.67121,6.9438524,-11.670172,7.289642,5.325438,8.025237,-13.545012,7.411659,1.3799647,6.7999105,-4.7241096,8.087931,-3.12482,8.016651,0.4267566,0.43635696,0.3644729,0.44480547,0.46180037,0.3813746,0.520236,0.40488455,0.42778096,0.44760746,0.44421917,0.5322945,2647.051996452653,429.77182497598477,2256.5629950023,243.32439089168122,5304.93458845298,735.7915173555068,23.815675533028706,13.800360303627034,16.58190215868921,16.222757429123334,18.152131264894095,18.260794155638234,43.54704491749663,0.15778135884287925,0.039394280650209876,0.1519097,0.04644907,103.359375
genres_original\metal\metal.00086.wav,metal,-96.304504,35.293633,90.98215,17.195644,-32.244606,17.885569,54.340145,11.212101,-23.049862,11.2645645,27.707533,10.013904,-16.94906,9.472061,21.061527,7.5788064,-18.193655,7.043691,22.608337,8.289625,-9.001288,6.9372473,14.274058,6.9722157,-11.000206,6.8993926,10.09328,6.682919,-11.180352,6.2263384,5.7860255,7.217219,-9.896402,5.609747,4.399218,5.7943187,-6.9783983,7.2757454,1.2410431,6.1046863,0.4656319,0.3681089,0.39714476,0.46033677,0.41261306,0.49145442,0.41275373,0.47286117,0.37886316,0.42778283,0.5035048,0.41953927,2629.010737806128,463.88704740549383,2248.236150073976,245.2211783017393,5189.310287617309,844.6120911710613,17.323528062894543,14.10571094972192,17.01306644556043,16.36048518236905,16.609183298907134,17.185080369136738,41.323951026803535,0.15904401182759287,0.04622086101012997,0.08828784,0.0184696,123.046875
genres_original\metal\metal.00087.wav,metal,22.813816,27.287806,60.81909,16.182207,-6.4107738,16.276596,53.192284,15.3213415,-13.250526,12.684638,27.924463,9.93046,-14.319424,10.347333,29.69412,11.076404,-17.342934,8.498694,20.313677,9.295365,-9.7461605,8.565199,17.133959,7.870639,-8.265369,6.795933,8.699249,6.618542,-10.187819,6.533636,8.035244,6.1060147,-8.118927,5.8255463,4.91807,6.483162,-2.4821694,5.930842,3.2020516,6.033976,0.42183462,0.49150667,0.5268445,0.5707963,0.6038245,0.5827521,0.51383024,0.49606523,0.50326115,0.56083965,0.5001764,0.42973837,3338.669549044171,414.8034435222555,2697.0449706569257,214.01033491300439,6670.7596628289475,596.6103700337253,20.106169486990044,12.890265053487983,15.83857342400686,14.874531198024497,14.679517175550028,15.009732271516688,40.32467340648033,0.18681330725135448,0.043127939458850975,0.26716456,0.033988945,95.703125
genres_original\metal\metal.00088.wav,metal,-129.72392,69.71203,104.0453,27.40815,-26.971245,26.213003,68.268524,12.2729,2.4256184,16.834293,22.604603,13.7880335,-12.102456,13.70757,17.058987,9.320587,-5.673137,10.472978,13.67059,9.205906,-2.8124678,9.388442,5.375527,8.449159,-3.007236,9.548783,2.9793866,7.130309,-5.830591,7.292713,3.9462996,7.1433854,-5.9979544,7.510285,-1.9706922,6.3974047,2.3825228,7.754512,-3.8564756,6.824702,0.4128468,0.36786556,0.33829948,0.43399373,0.59251213,0.42261386,0.29879266,0.38789853,0.44114578,0.5077641,0.458419,0.39755288,1988.1097637793825,581.1640816681187,1986.9871058028687,369.56970545823935,4148.1665832708495,1153.4752530480832,18.942933127304148,15.95925550372346,17.93679219759403,16.257637841559422,17.03335612013925,19.229376645066452,38.75638789665434,0.09242007606907894,0.046078544822066386,0.13326412,0.05790108,117.45383522727273
genres_original\metal\metal.00089.wav,metal,-90.7047,45.989525,128.03145,14.449623,-34.762016,12.720187,73.75541,9.766161,4.3358192,10.365147,28.097118,5.9169765,-0.528384,7.5291,17.356289,6.6348987,4.38969,9.952164,12.314994,6.6038837,2.2703788,7.331851,5.679951,7.317493,-6.7684245,5.9675217,-0.47747523,6.194704,-0.28473482,5.2305446,5.875542,5.4861965,-3.9548364,4.6068935,-1.292345,5.6564674,3.5097077,5.5083923,-1.2530525,4.199857,0.19760618,0.25343755,0.5305942,0.67637897,0.6030937,0.41629463,0.46871698,0.5861132,0.5345251,0.49087307,0.44244915,0.2713367,1443.9436096106097,384.50675488480493,1726.9355167447554,233.27545968553272,3286.646792763158,702.9854598311964,24.191860412676863,13.706457683494332,16.460597172406068,15.326647198228128,16.10366279034495,18.008686568997003,38.12554803470968,0.046570013182082044,0.026461036518032114,0.26598838,0.06465005,151.99908088235293
genres_original\metal\metal.00090.wav,metal,-93.4888,30.071651,100.64778,19.380346,-23.36959,15.042408,52.49629,10.607278,-7.7495117,6.8762374,39.58746,7.140823,-7.7753916,7.405915,26.730106,5.915638,-12.477862,6.992237,11.733406,6.7089853,-10.55607,6.2482967,23.026806,7.847937,-9.96186,7.737921,4.1548424,6.714483,-12.798698,6.667088,1.7885051,5.334304,-2.0170689,6.975975,1.9329511,7.611051,-9.061236,5.7030907,-7.053525,6.7957263,0.41369885,0.3220873,0.365249,0.43298396,0.50365525,0.442722,0.24692963,0.2368018,0.36142525,0.5295719,0.6483572,0.6189276,2141.760929048819,475.1980637008336,2217.392132662726,252.28895122349755,4682.913349730312,898.2631455757955,26.18576903747758,14.63321251946542,15.452214812540168,16.693909846359066,17.98501002264349,17.78722060267892,41.80605300042577,0.08467824835526316,0.04223389435433258,0.14660068,0.019317577,89.10290948275862
genres_original\metal\metal.00091.wav,metal,-96.65606,41.80421,101.72485,19.227625,-16.843752,16.539078,47.311695,10.731049,-27.082909,10.097621,28.275732,9.530477,-17.200556,7.903938,21.652477,6.4467406,-17.890528,7.1661787,7.0187664,7.252164,-14.618829,8.574203,15.222269,6.7365885,-16.005714,6.7828183,3.4892616,7.917214,-13.510425,6.96137,0.34644556,6.823246,-9.604607,7.2491145,2.957613,7.8333993,-7.0677047,6.1616607,-3.1289787,6.146371,0.35158557,0.40423906,0.2858742,0.3812973,0.5321483,0.45239532,0.42857093,0.32883048,0.43209895,0.28386435,0.2422855,0.4390133,2323.7803128995065,465.2632011081316,2263.9213905015763,204.93340164633833,5018.994650825996,758.6484731312298,20.124177796439717,16.2045181403955,18.31687550180929,18.97765446036605,19.21439797919785,18.18568496949912,42.38874127329257,0.12008733129353716,0.04621244200679884,0.11596696,0.032396138,92.28515625
genres_original\metal\metal.00092.wav,metal,-67.89626,27.934628,108.934105,18.265163,-33.84926,16.22344,50.502457,13.837009,-21.373014,10.169046,21.500319,9.843495,-14.890105,10.5328665,11.634114,8.50738,-19.267109,7.6374288,10.540525,7.358592,-13.92236,6.969441,5.562826,6.724138,-14.436232,6.2075114,1.9926131,6.096507,-14.666116,6.128767,-3.0274563,6.703506,-13.95539,6.3973346,-2.0799775,6.467364,-9.063074,6.5595536,-7.5461564,7.0822244,0.28054544,0.37715682,0.5664617,0.4257836,0.36548665,0.25030735,0.22681127,0.28428417,0.30761787,0.4657721,0.32993087,0.22302459,2090.4594584373676,413.74801580389,2065.2601325757064,269.60294200691715,4393.290101042473,840.7005725457851,27.078584317789627,16.600512469060547,17.849163820261673,16.448026648460125,16.589262381589425,17.333202082204675,40.76385835857303,0.09332936762287151,0.03304677934461374,0.16628256,0.0377508,117.45383522727273
genres_original\metal\metal.00093.wav,metal,-104.97826,21.56202,80.70867,12.06166,-28.533834,9.875606,66.800766,8.282832,-20.704027,8.885113,29.11902,6.569833,-9.355721,8.315064,22.353577,6.7829266,-12.043808,6.4602456,13.592499,4.903767,-14.734194,4.9235234,11.049199,5.421158,-15.269818,4.448353,5.3051586,5.044853,-14.498409,5.275059,4.748712,4.3089724,-11.4545145,4.4180217,-0.118270405,5.0201783,-6.5025277,4.4877615,-2.673578,4.33186,0.37861183,0.34275118,0.4195005,0.44320253,0.54983395,0.51492685,0.5226017,0.54969215,0.45144615,0.3835796,0.33760568,0.4381574,2644.8797461791337,293.73153036381746,2268.0800473393033,118.9727950673294,5176.952029012674,357.01748698208564,17.78188708060274,15.517721025526646,15.292407653965238,15.687130568632226,15.584996496539294,17.169990387141983,40.69578349082999,0.14164653577302633,0.039843251002779204,0.09202425,0.020598114,172.265625
genres_original\metal\metal.00094.wav,metal,-104.68676,53.599194,87.735695,28.226337,-33.242126,19.099283,48.456833,20.412415,-28.924986,12.766664,22.51373,11.384147,-24.994108,10.89912,20.534803,9.643584,-12.07721,9.010954,18.25662,9.8791,-15.190194,7.9044123,10.294038,8.027454,-13.897689,9.50782,10.2869,9.386654,-4.697043,13.019359,9.943593,9.3107,-5.6209707,10.149918,4.791561,9.003917,-11.67811,7.6497025,2.9583418,7.5556507,0.37136915,0.27354667,0.33466786,0.32040194,0.45817024,0.39257964,0.46203074,0.48485398,0.4010692,0.4090078,0.42607215,0.5488888,2707.5423665716226,664.7377443292409,2235.047516078013,267.9010624977479,5292.017999891157,991.1918991017625,19.270317683198734,13.78066851568315,16.953697764200193,18.39915844062765,17.010331171915084,17.28335395637498,41.25816733934251,0.16091248125483745,0.05765645595689141,0.09048659,0.024815362,161.4990234375
genres_original\metal\metal.00095.wav,metal,-35.348392,35.472496,94.13724,17.881426,-24.249739,14.021352,43.305695,10.976985,-16.374916,10.0111,29.515818,8.648988,-5.852855,7.963111,28.461887,6.972908,-13.956538,7.0552363,13.738647,6.829271,-9.20102,6.504958,15.596586,5.7280483,-8.491608,5.80388,11.409294,6.277817,-6.1395063,6.0370197,9.319452,5.6608534,-6.614794,5.800192,3.506688,6.952419,-3.2864223,6.1510305,3.667304,5.6263714,0.5628716,0.6419999,0.5177413,0.47765395,0.5442114,0.5037094,0.55155075,0.49432316,0.5185045,0.47305393,0.52522606,0.53989017,2445.203639101959,505.9199988607663,2330.7369276158106,236.14400067923245,5191.393608353086,913.5452609720045,26.394011283727554,14.54324243069062,16.38438956364001,16.022036506622417,15.767334462570071,16.680593245960168,43.01235692173541,0.12103592722039473,0.04877973941713198,0.18551446,0.061395895,151.99908088235293
genres_original\metal\metal.00096.wav,metal,-51.584152,54.732735,86.15932,27.092773,-20.28268,25.76002,59.05158,21.157059,-10.889933,13.583072,27.533499,13.141522,-11.25417,9.611672,23.941713,7.8537273,-11.55746,7.2043786,13.293803,7.9005666,-9.016419,6.760067,13.907335,6.478634,-10.740367,6.0467453,8.386071,5.5940757,-7.0909276,5.8029866,8.215174,5.7483873,-6.175487,5.040786,3.802813,5.364258,-1.9112833,5.998607,0.8906285,4.72705,0.50496876,0.5261418,0.6649017,0.58792675,0.5360521,0.49196404,0.47514915,0.44082466,0.4821032,0.5459095,0.48688558,0.47955322,2493.9383740127632,664.5283209934779,2286.3925738282114,333.7906161658083,5105.485794492551,1117.3038465834977,24.082298683681095,14.391743284605475,16.193527762523793,15.178942099979636,15.723521716589472,16.945831376258223,42.05580052789879,0.12823996529121517,0.05962516606316832,0.18819803,0.05618646,161.4990234375
genres_original\metal\metal.00097.wav,metal,-82.15792,71.68411,98.29185,17.338287,-16.522,27.554222,68.44801,11.829541,1.4452633,9.411877,29.869274,7.0801573,-5.2750893,8.431148,24.39949,8.010889,-10.475003,7.414508,14.404365,5.8821707,-7.89216,7.5144753,10.020229,6.2933817,-8.503236,6.733032,6.668705,8.471717,-6.297929,6.4591594,4.435781,6.207298,-7.250672,5.9289947,2.3266816,5.7328496,4.2457356,6.38824,1.1033678,6.180364,0.576108,0.48591065,0.5236013,0.43106344,0.47296217,0.44399312,0.44040853,0.44663346,0.5296152,0.57892376,0.44609845,0.52731746,1983.2971581753839,578.6431282905457,2112.1199113500784,256.82865863332376,4241.324353291892,1107.299110589122,25.007577413930004,14.607728806867925,17.48641187265504,15.950087576603005,16.3542199803315,17.816650555307756,41.38811931283891,0.08620620585816563,0.04458004966640147,0.18607971,0.05198461,112.34714673913044
genres_original\metal\metal.00098.wav,metal,-95.3391,80.39799,92.06636,20.799217,-28.061176,31.509775,52.796284,9.694731,-3.018975,11.703381,25.395771,11.1462555,-6.135991,11.199109,20.098093,9.274663,-10.223874,8.228488,12.41114,8.381589,-8.270396,6.8701015,11.693288,6.5154777,-9.268385,7.359477,2.805844,6.5229692,-4.433479,6.0192194,5.498817,5.202469,-6.280542,6.0920773,3.8303196,5.7400894,-0.424016,7.0622435,4.6606755,4.9265866,0.4913514,0.567298,0.58962727,0.46963227,0.49576646,0.5056536,0.59228605,0.64537966,0.47971728,0.42020628,0.40128732,0.4687052,2241.454932141382,626.422487412456,2115.725579999044,358.5591852059388,4490.681178798616,1256.6978040312893,24.324192022029663,14.079361165447809,16.426318835854453,15.875811943370818,16.150889667887057,17.591755746335537,40.265867367360876,0.11576498403637771,0.06058348059520881,0.13900022,0.06697174,151.99908088235293
genres_original\metal\metal.00099.wav,metal,-66.66679,45.99176,88.367165,20.551071,-27.544342,20.252775,53.177696,13.882439,-9.20226,12.840462,27.959316,11.036678,-8.114095,10.495586,26.28682,8.1767435,-8.239136,8.288906,12.685691,8.285693,-7.130959,7.4144573,13.688373,7.2735915,-8.364938,6.0291853,7.9673624,6.2754464,-6.2975745,6.441819,8.1210785,7.023437,-4.975645,5.692595,6.1613226,6.1523514,0.36444417,7.2894745,2.693767,5.8911858,0.55599934,0.5551033,0.6463984,0.52453625,0.50926036,0.50234693,0.47381005,0.50576,0.48205543,0.53795743,0.438815,0.4638076,2375.5535392574902,563.1633746741919,2231.750528170615,260.87899311396677,4898.312047243857,979.0735229900434,24.56445934358482,13.714395733662968,16.77595828383291,15.786222420388622,15.624331787910846,17.018209711608907,41.77167757000133,0.1080065275493421,0.05655816828667865,0.170098,0.061338373,143.5546875
genres_original\pop\pop.00000.wav,pop,-94.53429,64.589195,55.664608,24.894876,29.260527,18.041988,27.047909,17.127926,20.063942,11.851547,1.1709085,14.991183,12.953799,11.671796,-0.7993096,12.727351,8.872952,10.935026,-0.67619544,11.213364,-5.338357,9.844407,2.2207074,8.603485,-4.614716,8.45055,-0.9826609,7.046487,-1.4855211,7.833594,3.13206,10.596884,2.5117698,9.612802,4.095825,10.626852,9.172982,9.361578,4.7367454,9.413768,0.38364258,0.3270215,0.38932666,0.32534808,0.46218324,0.4806134,0.3399388,0.47940272,0.40095907,0.4117066,0.33846253,0.33796868,3422.09468148469,1039.6893659171515,3409.811125578918,404.75954112162606,7953.293574188516,1643.937712490267,20.81680752265335,17.11655318055833,20.370574194703586,19.895690279092893,19.032648106804587,18.119956864529296,16.808883133491346,0.12676680715460525,0.09723434236558502,0.18582647,0.08670984,89.10290948275862
genres_original\pop\pop.00001.wav,pop,-59.200974,73.691216,45.285435,37.95976,36.85824,29.932299,15.686738,22.245293,15.64339,18.286188,1.674394,18.143082,7.294538,14.823107,8.814742,13.684898,5.826009,13.744675,7.992021,12.162304,-2.2828498,10.647727,1.896229,10.407206,-0.9197742,10.783091,0.03975758,9.928208,0.09380678,9.6639805,-0.8249688,11.39168,5.5837708,14.331663,3.8282194,13.079865,5.5861907,12.906551,4.933342,12.462583,0.4466745,0.36241248,0.36243504,0.4183054,0.4010701,0.51216483,0.4129633,0.51172566,0.45965284,0.3564301,0.36796027,0.3413085,3702.928030369771,1184.989973000642,3431.802175141902,423.69059012727183,8073.092849778686,1635.8014764226612,17.737968967218407,15.651203719688455,20.144544098535505,20.207534196538813,19.361885345114366,18.10649318587618,15.98456397320673,0.14947642039957432,0.0990904806192522,0.26218614,0.121851824,107.666015625
genres_original\pop\pop.00002.wav,pop,-59.607124,53.949738,62.98234,24.429201,31.12206,13.461636,16.92889,12.489437,8.904489,10.174481,10.815334,10.595752,10.561759,9.109979,5.1659584,7.474097,5.4082975,7.4210835,6.1599445,8.087242,2.2780192,7.969396,4.2545376,7.9551682,4.1256804,8.325391,5.727718,9.35753,5.0610714,9.016303,5.671052,9.730974,1.4182494,8.485254,2.8187902,7.6202135,-1.4061421,6.6285534,-3.3785641,6.801434,0.47605902,0.43355784,0.4828789,0.3403281,0.28774112,0.2996445,0.32770088,0.41178626,0.42174032,0.56039226,0.5468286,0.42602417,3213.5168358111127,1003.4363437078443,3269.5960671771636,327.2138691633024,7423.94677507619,1566.6738093176045,22.329886196322867,14.9413521547673,19.52861075420848,17.97338190296675,16.48322491870123,15.89050143181829,14.966370444024747,0.11886851780185759,0.07595188838513403,0.215166,0.081188366,83.35433467741936
genres_original\pop\pop.00003.wav,pop,-125.906784,52.409386,126.61828,35.06127,-23.186909,22.519087,36.22425,19.202364,20.962921,11.929418,-1.1735233,13.4964075,16.486767,10.220704,-3.6612227,9.474612,6.5204906,9.602686,9.33727,8.904088,-6.409656,8.387747,3.8801942,7.7451196,-7.941657,7.616782,2.0486922,8.30034,-2.3359535,8.156259,-1.481203,8.293432,4.7531238,8.821648,-3.5139244,8.477475,4.8868504,7.8309474,-3.1990807,7.807814,0.3732716,0.3389531,0.5644129,0.36774406,0.27085254,0.32211265,0.38632596,0.7102786,0.44131035,0.40259272,0.32896796,0.413811,1837.191501891123,887.6745857172928,2067.0125708404385,639.6008104797735,3671.0694682118324,1775.5591638684657,24.442650407677434,16.481315581272057,19.29247116826151,19.52662501650104,20.7002234290122,27.09843186837684,20.30536759886866,0.08535171367066563,0.04578306200615873,0.12935476,0.04256635,92.28515625
genres_original\pop\pop.00004.wav,pop,-20.901945,35.73586,83.24167,22.31462,5.04696,19.500038,16.370789,13.128126,9.402539,10.190036,-0.56291825,11.506552,4.051513,8.79837,6.209602,6.9752254,9.122196,7.145418,5.865447,7.065821,-3.5055268,6.006431,-0.63873327,6.209942,-3.1722696,5.875482,1.5466726,6.427462,-0.91755396,5.71182,-2.9599605,6.903803,-1.3302047,6.020344,-0.8693878,6.607845,0.6923022,7.2797313,-1.7670424,6.9782066,0.3802013,0.3577628,0.42693922,0.3334324,0.3958209,0.326956,0.34946766,0.3936114,0.42253232,0.47617683,0.35871598,0.39104524,2753.2217697518786,847.5640128840067,2861.4105412456793,386.58170469536987,5986.188802335285,1644.149454789096,24.932613330483303,15.170308909539715,17.768983464891505,19.70057979433607,17.83380386587645,17.25036162325191,15.551827516668267,0.12376304602844428,0.07141076175717492,0.21116544,0.05067156,107.666015625
genres_original\pop\pop.00005.wav,pop,-113.6181,141.11212,90.014565,21.335238,-5.5413437,28.84684,25.595474,14.019283,2.6011498,10.068849,3.1922524,12.175942,1.1311811,9.77011,6.1437187,11.334134,2.7893796,10.237754,-1.8761606,11.184412,-7.119991,9.457595,-3.4417925,9.077447,-5.9110045,7.838726,-4.3507495,8.372783,-4.9464617,9.335889,-4.3801026,6.4789915,-3.3122668,6.8877892,-5.4329095,6.87033,-0.570475,6.7102623,-2.1802385,6.7385354,0.26243487,0.433913,0.2656607,0.2779285,0.21259405,0.21987657,0.51576614,0.31987184,0.30876112,0.2406202,0.38169804,0.43995383,2290.0859207010612,741.806483892933,2435.9183882963516,445.02272090226796,4748.004622798955,1622.6129749380993,24.17645504427243,16.394055902101176,19.027634137382915,20.35244964867345,19.33629313576496,19.50910320318288,19.90712450434776,0.10678053345104489,0.04953827779448168,0.13953836,0.07726442,172.265625
genres_original\pop\pop.00006.wav,pop,-169.15085,70.08314,94.640785,24.043037,24.504725,18.800877,27.413866,13.444352,11.641731,7.868944,14.895841,10.245578,4.234472,7.955986,12.369024,6.538521,10.702795,6.0761685,5.126413,6.7002587,-0.34236664,7.5193024,1.2547648,6.7130027,-4.1575885,6.8934703,-3.1358938,7.099199,0.2985334,5.8226957,-3.551203,6.1141596,-2.8172488,5.818536,-5.7609015,6.2258105,-5.2082133,7.6287913,-0.09840221,7.067633,0.5532835,0.3802616,0.32303706,0.2579367,0.2785601,0.3524333,0.39248484,0.6128878,0.37962493,0.27583194,0.2602208,0.4289156,2125.4079876587084,851.6687155538492,2673.9246329139587,461.86069736186505,4979.028225830834,1901.4783883952482,23.4474176382614,15.819286900424068,16.548921386670298,18.689791345651493,17.634487613377477,17.186041101739356,15.554144676009322,0.06769535785119969,0.052067686155297964,0.09395813,0.038234957,92.28515625
genres_original\pop\pop.00007.wav,pop,-224.45636,60.656532,107.30909,44.833965,-1.5683284,26.291225,13.870831,25.905403,8.123952,13.485314,-9.378748,14.625293,8.120475,11.979373,9.294033,11.525249,9.099869,10.709238,6.025224,13.358141,-6.6545024,13.346191,2.0728164,14.1580515,6.2020764,15.475924,8.332799,12.603118,7.5784698,13.999151,2.0672483,14.199949,4.555452,14.62627,1.2218053,11.434802,-1.6407909,11.832816,-3.7163208,13.253888,0.182934,0.28318867,0.44738308,0.22104886,0.12704359,0.13056229,0.17583087,0.20237647,0.21224451,0.49770907,0.33318615,0.20555551,1968.4064522146039,941.887881674113,2326.80098776959,702.7524150760107,4127.166710254209,2289.405875862171,19.211968224853393,18.226001382730797,23.554569975137206,25.8163556127877,23.258981798772847,23.88166003685811,17.531185962062615,0.08234492913119196,0.048819085661004534,0.08428382,0.048815344,129.19921875
genres_original\pop\pop.00008.wav,pop,-52.448246,47.09937,74.022064,24.540913,12.697417,25.259945,24.500345,12.675662,21.1079,10.911175,1.9049278,12.077206,6.796557,9.226965,4.7199593,7.7340117,8.40647,8.271236,8.246996,7.4920316,-2.2676544,7.757854,-1.2025366,6.920859,-2.6778097,6.332577,0.26133516,7.0505743,-1.0678633,5.697092,-0.8462424,6.506561,-1.2573465,7.782281,-2.3307621,7.3117385,3.8170018,7.385829,0.30459076,9.436812,0.36880907,0.38473925,0.41145396,0.6040491,0.45596918,0.40121317,0.3387738,0.3428838,0.52893144,0.37154087,0.33749613,0.29987484,2885.3303652171926,987.4226000600132,3009.780057474386,376.9317408250776,6430.294450222524,1707.497266163451,21.678696831266915,15.68081647355909,18.62543314302348,19.672005855250507,19.51916891978242,18.393637497378638,16.014664511517516,0.1213038772252322,0.08898516427038436,0.19541194,0.0435261,172.265625
genres_original\pop\pop.00009.wav,pop,-35.297348,53.148266,61.247242,18.740152,14.059667,20.820879,28.661287,16.019121,4.3299875,12.560508,-1.3499213,11.950361,-0.7904129,8.502557,5.1225405,7.7779202,5.3524,7.681042,1.2215204,7.9777994,-7.2570734,8.479482,-0.5168179,6.508702,0.21715884,6.8823514,-1.2905803,6.243948,-0.109008834,6.5405626,-1.2562847,6.597649,-2.535811,7.04304,0.5710997,7.7412972,1.5749443,7.900873,-1.7193333,7.8027964,0.41178888,0.54156643,0.41312364,0.4378256,0.42479837,0.37720802,0.5239889,0.4098884,0.43205714,0.46740732,0.5132974,0.50507575,3279.967331808209,724.4008544388793,3026.3931113810377,316.39771238569375,6953.21628818571,1199.9508894828382,21.478302668089466,13.400173394807599,16.910547702928348,18.205096721100173,18.082752170640628,16.448822597565783,14.996001893829877,0.17281943873355263,0.06553407755010623,0.15964586,0.057400856,107.666015625
genres_original\pop\pop.00010.wav,pop,-111.13056,68.31273,103.09619,33.397324,10.90997,16.218916,34.348927,16.019644,22.34365,11.143807,17.868382,11.311409,6.8071394,10.465018,6.333683,8.055874,5.488653,7.348584,0.6188138,8.256989,0.33940026,7.915541,3.8250782,7.487182,2.0442042,7.1527505,-5.5212603,8.198295,1.2078166,8.611763,0.39954302,7.890724,0.33297697,7.9370522,1.6744766,8.155173,-4.0542765,7.2890882,-6.40583,8.758858,0.3090138,0.41909564,0.31757733,0.31793275,0.4954515,0.38159028,0.40794235,0.32092792,0.40153784,0.48300105,0.33455905,0.34711587,1901.4116456876454,872.2784608851965,2421.1106771081168,571.0578721689689,4192.274649888738,2008.3583876139294,24.423463351955615,17.594667417485617,21.203625883779132,20.59056417120959,21.33754285606935,19.08408048614978,16.459098723978947,0.06621728666795666,0.04725199819682986,0.18398008,0.05640239,107.666015625
genres_original\pop\pop.00011.wav,pop,-240.68593,52.61604,97.10967,31.373312,0.40661886,20.781183,-0.268955,18.745499,-10.478993,14.143851,-15.741311,11.626193,1.3906447,12.25358,-17.873804,12.917518,-9.089089,10.640185,-8.767288,9.475496,-14.260694,8.994141,-5.5017834,9.740021,-8.3689575,11.501981,-9.316447,10.32538,-3.1734798,10.879777,1.7531855,9.767939,1.5742667,10.227927,5.622142,13.210966,4.9669237,11.834624,3.7379045,13.92221,0.17318825,0.14520551,0.27989316,0.09804821,0.18095894,0.29363263,0.16607557,0.37122408,0.21481833,0.43329707,0.23640217,0.11481092,2200.7996805880507,748.9059639927043,2579.8254962150922,457.48547894363963,4627.663683817483,1775.7391425046126,19.79602104421335,22.41978930472716,25.2206513952674,24.2506561506464,21.827358555386166,21.777816208900912,16.928001691788634,0.08712532350522446,0.05341270035424552,0.055772327,0.035183422,184.5703125
genres_original\pop\pop.00012.wav,pop,-50.85386,47.236958,80.22757,25.705776,-9.293903,20.39485,20.294153,12.469533,12.106113,12.503917,6.7842712,10.404472,6.2796135,8.867078,3.4291558,8.702564,-3.9568374,8.546565,2.5745726,10.353316,-5.706396,7.5858083,0.48411134,8.036126,-0.57195306,8.069445,-0.5842752,7.741617,-3.394357,7.682389,-6.79263,8.655967,-5.526354,8.359843,-1.6323348,7.253696,-1.6056237,8.193357,-1.501803,10.461576,0.42046544,0.35938716,0.41135272,0.41280508,0.361775,0.48735315,0.33782798,0.34645507,0.33461818,0.39121994,0.4164885,0.3508958,2679.2839905691167,761.4806041844988,2661.8102808791496,438.58740173406966,5533.6998718072755,1657.500294200046,22.226777231921332,15.905781235707302,18.91139304151619,18.76911147413153,19.28628269166158,18.56158818743468,15.930820758910054,0.12593423471362228,0.057999375041057045,0.16416128,0.051409636,99.38401442307692
genres_original\pop\pop.00013.wav,pop,-161.65413,71.40296,85.566696,29.377388,53.275494,21.711931,32.21721,16.991083,27.19544,9.052095,11.300175,13.145986,7.8961716,9.876148,8.764694,10.523153,1.2665907,9.510312,13.211441,11.915366,0.067589164,10.536409,4.8267465,7.8793287,3.1036131,9.238663,2.3464162,8.326174,3.6764767,6.964473,-2.8747072,9.007407,-2.6143231,6.7347026,-3.1520004,7.3195047,-1.1912892,7.464403,-1.4712896,6.7341366,0.5439356,0.37914544,0.3291496,0.22834381,0.24647087,0.32477152,0.31582683,0.36037952,0.3473431,0.3785293,0.41197428,0.4084329,2150.085229874043,996.2708973524532,2917.6059092800347,489.49232212808363,5224.360075676035,2593.472212269996,24.768274848661452,20.549043882188116,22.32658513015639,20.093591111870623,20.125876826957516,19.332746365212508,16.43370088768998,0.05165917364067337,0.039822200395237636,0.17306519,0.05223403,143.5546875
genres_original\pop\pop.00014.wav,pop,-135.32312,38.983887,107.81954,19.788736,-13.443976,21.580084,19.0207,16.76346,8.798831,12.858825,12.496943,9.618505,1.0323983,12.067171,11.318427,9.295812,2.5432124,7.2743196,1.2272974,7.3338857,-6.3917103,7.5022335,5.854486,6.9362774,2.88143,6.526022,1.0215101,6.498681,-1.7751945,5.9894056,-0.5023207,5.3580093,-1.0759585,5.1963983,-0.16349223,5.433281,-0.89657074,5.6749215,-2.1383526,5.314811,0.51714313,0.50056934,0.47027597,0.55394506,0.41264305,0.33912238,0.3047923,0.37460643,0.41409487,0.37899548,0.41663414,0.42943957,1997.9771683248648,527.9996473585622,2291.3767266632785,356.0248542941623,4139.38330304881,1325.6860140210572,15.987298833999198,15.386582399875504,17.788187699305336,16.281571600200905,18.074401828402575,17.104103994082458,16.651635724513827,0.0880610699255031,0.03587671137964071,0.07802102,0.016500289,117.45383522727273
genres_original\pop\pop.00015.wav,pop,-45.75362,65.9846,65.276146,24.050003,12.941987,21.289423,14.516027,16.18142,7.0181103,10.648197,4.4085183,13.641645,6.6144414,12.281798,3.298751,9.311926,7.7367697,8.78025,4.059378,8.791245,3.6551008,7.1018004,2.6030385,7.7046356,4.055315,7.6147,2.3974423,7.695191,1.7854378,6.498833,-2.3755167,6.468578,-1.3446786,7.399323,-2.8704054,8.875215,-0.84292006,8.620848,-2.5974782,8.059949,0.5423383,0.42122686,0.4234528,0.40123025,0.3016619,0.31304705,0.3607918,0.44554564,0.34327736,0.3258089,0.36347762,0.39882487,3207.220332891123,917.9528105558247,3125.8917931551077,358.1090690827505,7019.807552184114,1561.233890794225,23.43399023708074,14.440901508555179,18.545252163683262,17.63884628960637,17.441553582952057,16.127343623504423,15.60531321949534,0.14158379994678794,0.08348704875700591,0.1961825,0.07892445,103.359375
genres_original\pop\pop.00016.wav,pop,-97.0082,80.70666,51.786003,24.82374,18.738693,20.684868,20.481663,17.189583,5.6104527,12.520248,3.5735023,13.899143,5.572289,12.055169,0.737395,11.920444,7.3361263,10.801096,1.6588529,8.648102,-2.7012627,10.2104025,-0.44397426,9.502669,-1.0818589,7.639265,-3.45436,7.6596594,-2.4807754,6.691168,-3.3093784,6.8972116,-2.2329962,7.23909,-2.6434991,7.00831,-2.74049,7.5992775,0.3115342,7.904083,0.3960597,0.44225726,0.4081387,0.48619807,0.3533322,0.3264685,0.37215182,0.30047163,0.3349192,0.33430052,0.45039925,0.460559,3490.329748964607,955.841728519582,3205.8190593470636,345.55544493291234,7499.387985560178,1545.6364531540887,20.606410613022856,17.35177267135248,18.430317644642074,18.217004613935654,17.704467352890898,16.510233966341477,15.23689669289959,0.15341592794601394,0.08587397567031377,0.14658915,0.10215594,107.666015625
genres_original\pop\pop.00017.wav,pop,-53.12336,30.279774,78.31344,20.370667,2.2469547,28.826517,18.838303,14.730526,3.8645911,12.805835,2.5142796,11.493013,-3.799186,8.815632,6.814705,10.477858,-0.81020474,7.972328,8.754906,7.9420815,-4.800525,7.7423534,-2.151995,6.846826,1.2861205,6.176399,-1.7439154,5.870099,-1.940419,5.9209642,-1.5876648,6.0869656,2.6303961,5.6643686,2.429557,6.5045176,4.024241,6.2893853,3.9174657,6.6868052,0.39968354,0.49125713,0.36855072,0.45508313,0.37029555,0.4069041,0.6275996,0.4446445,0.40195212,0.39032242,0.44382054,0.42343283,2789.1243751604316,611.1182482322173,2795.4017589510063,416.2201382999899,6112.05470790804,1356.2584261058735,17.377129334124934,15.38572388778575,16.573422211620937,16.824053287333655,16.74871009213236,16.869518006371838,16.747685249726253,0.12622977336493807,0.05007069434081561,0.14308856,0.03269124,107.666015625
genres_original\pop\pop.00018.wav,pop,-48.958145,46.87896,62.637794,21.441746,34.22583,21.34317,12.313788,16.62045,16.560747,10.311507,8.622408,12.417171,8.7671175,10.185497,5.2450123,9.190916,6.79424,8.716751,9.059275,9.28853,-4.0853252,7.64299,-0.7463065,7.6404138,-0.37564674,6.5207314,-0.47257924,8.276036,0.6466343,8.361133,1.7050617,8.87333,1.3546007,9.361815,1.9141526,10.773709,3.8434877,11.322388,1.6038547,9.069029,0.4745409,0.38631833,0.36733165,0.48584282,0.3927094,0.3673374,0.30678362,0.42921656,0.53286076,0.38103473,0.41747177,0.3786776,3433.92215467519,916.1818670639261,3405.627632829895,303.2372354670128,7932.5853660748835,1245.7198828667476,22.28859684987856,15.408329322483581,19.579093138024014,19.408123994452446,18.54860732426786,15.989371900238867,14.834245022812818,0.12773467734133126,0.07461155724662408,0.20742075,0.06118442,123.046875
genres_original\pop\pop.00019.wav,pop,-25.156342,62.29394,70.818924,28.746153,2.9392478,21.555387,7.5544662,17.271482,1.4596192,14.102162,2.8461227,15.778702,1.9075499,11.391876,-6.8259797,10.191723,0.291451,11.093761,-1.9537078,9.8922415,-6.6516356,8.997408,-0.24398105,7.6157627,-0.75502783,8.240083,-4.249934,7.381596,-2.4407938,6.7092505,-5.6814713,5.8935156,-1.5769209,6.953863,0.66936177,8.265133,1.6911362,8.597716,0.78813845,7.6243806,0.48709956,0.38699695,0.49587905,0.49871174,0.31767926,0.28536338,0.29735327,0.47531742,0.2973556,0.24597107,0.36696947,0.36566994,3130.9812160844167,1095.436706078153,2944.782384135563,438.4423239391167,6552.402045187935,1844.7001540464464,20.30157899559158,15.37810714200501,18.336296606601408,18.34489819679688,18.799268538575777,17.34021236110821,15.497325892819156,0.15605347813467493,0.10766473333368086,0.2108711,0.07619817,92.28515625
genres_original\pop\pop.00020.wav,pop,13.536641,57.273132,58.196354,19.8939,-2.2051022,17.678825,5.008136,13.80814,8.07077,11.241045,-0.4792645,11.944674,4.1051793,9.24447,2.2589247,10.309025,4.2934737,9.216507,3.5860925,9.20524,-0.50527275,7.868217,2.4214692,7.5330086,1.8804909,7.861659,2.1731513,7.652407,1.9396269,6.9353623,-0.17357275,6.617169,-0.61673844,6.750786,0.7545497,7.0328455,0.73560923,7.905872,2.0239272,8.1508875,0.5202656,0.3342608,0.42314062,0.4605008,0.34686086,0.39489934,0.37667304,0.50421834,0.41420928,0.37547716,0.41517082,0.382162,3487.4996203779583,817.230845854989,3132.2284173757953,287.25644282349344,7444.24665232561,1303.7236734512069,19.848500161480594,14.426694516566698,17.737203919645676,17.108668465104593,17.57005766793939,16.697907446984857,14.652954714561213,0.17974985789957432,0.08198335622865997,0.24811077,0.08623803,107.666015625
genres_original\pop\pop.00021.wav,pop,-23.23011,83.14924,53.819164,28.887762,-0.69001114,18.76476,14.726741,12.192542,4.8718457,11.940742,6.73059,11.653141,4.84588,9.041883,4.9450912,8.55155,4.264521,8.812543,3.1102583,8.871915,2.549565,6.3498397,2.9879475,8.018821,4.6363297,6.4025044,2.8481328,5.581372,2.1776063,5.63499,1.0669054,5.158019,-0.47156632,4.8445663,0.3890188,5.3606896,-1.1717293,5.430305,0.5477562,5.3814945,0.6543719,0.45082608,0.5226591,0.5713577,0.49347237,0.47275698,0.42171967,0.54825264,0.49471942,0.4423773,0.48053592,0.49968472,3502.139027387522,904.0858143860261,3026.937586569852,392.1577223619677,7199.581465115857,1567.5347206689746,17.94256905304357,14.066020727341199,16.251476163372153,15.530062072181506,16.11763978146708,16.13093764055453,15.056562904472818,0.1870177655766254,0.08869752106767362,0.19348684,0.102173984,99.38401442307692
genres_original\pop\pop.00022.wav,pop,-45.71781,65.84354,65.287415,24.014336,12.934513,21.27996,14.516592,16.19,7.038324,10.640283,4.395021,13.630264,6.6337786,12.244918,3.301898,9.325782,7.7297854,8.7974,4.070035,8.8003025,3.6681185,7.126476,2.606271,7.683262,4.049001,7.6003213,2.3892908,7.69961,1.7840554,6.505999,-2.3934216,6.478937,-1.3437685,7.405574,-2.8735752,8.873273,-0.8461024,8.646146,-2.591192,8.065125,0.54382217,0.42008385,0.42405668,0.39965272,0.30090004,0.31299236,0.36348537,0.44612873,0.3426283,0.3253821,0.363121,0.4008069,3206.199866093883,915.3078266879843,3126.2162445699487,358.16159195450535,7019.440887734617,1567.560674753165,23.437875411822144,14.396587776027829,18.545444131772186,17.710061267126058,17.462258519707344,16.118176678012897,15.601799235740428,0.14153920460042568,0.08343343157514205,0.1961218,0.07903552,103.359375
genres_original\pop\pop.00023.wav,pop,-44.287426,68.361115,51.327915,31.342829,24.990486,27.001953,12.160306,19.640255,10.873074,13.328297,7.612087,14.081553,8.21147,11.536488,-0.7733295,10.156928,5.946744,11.064662,4.7616363,9.503278,-2.5084326,8.408411,1.3215402,8.445813,-1.946599,8.326799,-0.44633588,7.621767,0.23645823,7.602796,-2.0033762,8.037237,-1.9639544,8.272996,-1.0339817,8.276002,0.5159018,7.5007796,-0.38595903,9.594456,0.45660132,0.3627492,0.40374812,0.4086211,0.4728428,0.40104452,0.34265774,0.45563623,0.36841795,0.35025066,0.3168963,0.3816421,3759.8089732129138,1208.2547412632277,3293.7281764334216,424.24250558113954,7855.135834401606,1795.8613441957934,21.287076836144845,16.544581331303615,19.539000509089924,18.23653484747294,18.112487328697107,16.498752669916346,15.024564829299171,0.17767428466041021,0.1002428898996104,0.21067363,0.085181795,103.359375
genres_original\pop\pop.00024.wav,pop,-40.830166,62.344578,61.521126,23.89656,9.867294,20.21487,10.09655,18.788498,8.454963,13.10662,5.366854,14.1826515,8.376651,10.858031,3.5050008,10.690987,8.251043,9.63253,5.8800583,9.744566,-0.10423884,8.600014,-0.5703608,8.632115,0.55144525,7.399833,-1.9820307,8.143123,1.9155517,8.379691,0.07612808,9.264709,-1.270984,9.59412,1.2328516,9.698459,1.4938198,10.136097,0.95021856,9.818132,0.3586148,0.44685364,0.34865192,0.39423865,0.46242303,0.3738117,0.43994245,0.42223242,0.51257724,0.4402347,0.33429292,0.39789736,3301.8647028211412,893.3471712190194,3175.6669505910377,354.75158608234557,7302.64750855626,1530.5484894331205,23.55158941268747,14.651984289040715,19.14944460955405,18.610919605893226,18.27986847955286,16.593746734030898,15.366826372403041,0.14452671488003097,0.08253261216542591,0.20751022,0.09429661,117.45383522727273
genres_original\pop\pop.00025.wav,pop,-106.83286,71.48498,81.01405,35.26947,47.822872,23.430382,13.640558,15.559965,13.000602,11.218593,6.8951917,13.999045,7.581348,11.014925,-2.6333249,10.033035,-2.498312,12.15631,1.8714978,10.09896,-5.139433,9.013423,-2.7431228,7.4896607,-3.6675773,7.870473,-7.8825502,7.949325,-4.80721,8.146952,-6.377817,7.6091614,-7.399428,8.150667,-4.7401643,9.014234,-0.13400188,11.052288,-2.332678,9.486599,0.33486682,0.32070357,0.4367567,0.31987566,0.3421719,0.25365672,0.33588833,0.44695413,0.30039737,0.31532156,0.26955727,0.2882266,2928.6503834649243,1257.9664842880945,3201.0195484910073,541.6163844382222,6817.467109042424,2372.3484650011796,23.746920236384195,18.81734264949762,21.15552960517367,19.428376984356625,18.624231484308446,17.50398284213,15.825610477256179,0.10574085719814241,0.08759545864588295,0.1896258,0.08071181,151.99908088235293
genres_original\pop\pop.00026.wav,pop,-73.36742,64.52698,97.46429,28.374962,16.87055,23.200817,-0.5790378,16.156267,7.180088,16.342844,4.872417,13.286739,0.7465054,11.831115,-5.550017,12.637926,0.9903747,10.788674,4.9166174,9.964784,-5.835444,8.862027,-4.9214163,9.272421,-0.030956304,8.476359,-3.0463636,8.623299,-0.15896785,9.330786,-2.3810003,9.36616,0.72344446,8.952688,0.682856,8.181054,1.9683635,9.535146,0.8037626,8.915375,0.46378896,0.2874538,0.31659606,0.24600825,0.32340476,0.26718262,0.2504203,0.54178935,0.39110377,0.346603,0.24407454,0.34192976,2526.130442686517,1004.7266363013686,2848.670626274591,525.6454918464046,5554.674744975087,2227.474448725628,23.06378131910497,16.14226730238183,20.409690350263237,20.43911240516456,20.542633144028024,17.855378704178328,15.553702221436117,0.10354207986648607,0.06235762847890135,0.1956684,0.08865435,75.99954044117646
genres_original\pop\pop.00027.wav,pop,-75.36613,68.25373,83.33488,28.665207,10.703896,18.70822,14.455102,14.7549,14.244521,12.042403,7.4102573,11.473533,5.279713,10.525826,-0.4001257,9.927787,5.7177563,10.001591,3.3618035,8.405489,-2.521102,7.871196,-4.2270813,8.06623,-1.845522,7.7514544,-5.9079537,7.435421,-1.2724807,7.300182,-3.7835543,8.881157,-2.864618,9.05984,-0.9353352,8.564919,-1.1115845,8.687968,-2.7214704,9.829512,0.3000909,0.37918496,0.47011843,0.3252942,0.34228867,0.31392223,0.4427256,0.40113717,0.33947676,0.4195036,0.37264577,0.42256707,2682.713194799874,897.5989805971124,2924.230379942181,436.79512877802455,5957.288977088574,1974.211235090466,22.266934496498845,15.960736466166825,18.064426459883517,18.0520960378226,18.72268278145145,17.198376199381755,15.139935130772361,0.1019147276509288,0.05316040356220532,0.15791942,0.052353084,83.35433467741936
genres_original\pop\pop.00028.wav,pop,-45.638737,58.0722,74.704506,22.128962,15.98023,16.865334,14.800469,16.19411,8.992414,10.484823,8.204231,10.7328415,5.6863494,8.088249,5.2544928,7.3328886,5.3968096,8.929601,2.4352226,7.193605,0.77943903,7.2997785,1.1747062,6.984567,-2.359165,7.1055408,-2.9500175,6.7665844,-2.5942533,6.987054,-2.703076,6.2444386,-1.5022324,6.7665963,1.5619367,8.411085,1.6137363,8.997118,-0.013135739,10.316695,0.32181805,0.24336602,0.36526063,0.46009207,0.3088537,0.35387918,0.30342153,0.4591614,0.34240285,0.3018057,0.43262738,0.29946938,2946.5774176287164,847.4143529913664,3051.63637253713,403.24977150732684,6656.151417829673,1697.8498027184355,21.291230118079373,15.486759896655194,19.26012187267345,18.948791520534645,17.730650472745968,15.698186227556391,14.694826639556418,0.1212698638254644,0.05813059690475291,0.19456434,0.06957141,99.38401442307692
genres_original\pop\pop.00029.wav,pop,-40.52484,55.59236,73.47652,26.06089,22.62272,19.677986,12.355103,15.392561,14.860799,11.098209,8.946286,11.199151,5.305813,7.9127517,9.025769,8.654955,2.0851216,8.035134,4.3038497,9.328736,-3.1314619,8.125429,1.844642,7.568504,2.0324934,6.865236,1.3936074,7.308229,4.1242695,6.987338,-0.35411483,7.214394,-0.7509658,7.772454,1.1585399,8.761374,0.7373187,9.159228,-0.043280408,9.002477,0.36983326,0.46963823,0.3368352,0.36907902,0.3375781,0.33759513,0.32844257,0.3541934,0.44760576,0.3056659,0.3236101,0.27697405,2988.85797981166,819.5208567516285,3143.032661235072,382.78893703840987,6919.399826002564,1609.9436719763416,21.367269905133288,16.940254430790997,19.92693134210429,19.392912320281958,18.739993208441316,16.740529316990177,15.668396087027638,0.11157037599167957,0.05516761840122668,0.23414308,0.07935418,161.4990234375
genres_original\pop\pop.00030.wav,pop,-18.171194,57.778263,72.29644,22.349442,-4.867231,17.082207,-0.35958096,15.126051,1.6975715,10.442978,-0.9182093,11.597796,-1.3221729,8.989044,-0.3419729,9.422674,0.6473229,10.430057,-0.18098038,8.475623,-1.2175112,8.875635,-1.0574641,7.953418,2.5195053,6.3560295,1.2472867,6.1797767,1.7523706,6.378903,-3.4429796,6.9526725,0.39454007,6.8190455,-0.85250145,6.2012944,0.9242999,5.9915304,1.6602957,6.5366473,0.40088534,0.5333809,0.2907769,0.37262842,0.26026058,0.3725749,0.25683156,0.28990224,0.46873754,0.32162443,0.44138432,0.28339642,3070.6451711304394,780.6889583730654,2975.8591939206276,353.70248458760653,6652.968103745405,1510.7491763894745,17.13512610196649,15.239843796763655,18.90636159329638,18.535374176384366,18.597869642124703,16.45157435853238,15.307345860646084,0.14873984133126936,0.06785776800372194,0.20310587,0.07963953,95.703125
genres_original\pop\pop.00031.wav,pop,-18.854591,58.113247,71.32852,22.2681,-3.7432325,16.854277,-1.3965917,15.726243,0.71034753,11.133483,-1.0491368,11.93502,-1.0524067,9.300848,-0.24947147,9.798742,0.62396365,10.934669,0.4292991,8.958646,-1.4892839,9.208961,-1.0790832,8.447274,2.415428,6.8657274,1.2472485,6.5909758,0.9718108,7.0266647,-3.58823,7.350527,0.89175177,6.939948,-0.4962825,6.435118,0.7083632,6.2598834,1.6725212,6.9546847,0.41269478,0.5371378,0.30048665,0.3794446,0.26979333,0.38041353,0.2650109,0.3032007,0.4737779,0.3315934,0.44505292,0.29379967,3111.0610992009765,779.6989860357453,2992.1921120372886,346.90979796364746,6745.27587890625,1478.1482466667355,17.24163351248437,14.872093223867385,18.244672820960698,18.565278707561628,19.587898434491315,17.007570956469408,15.157401276392179,0.15291026206946595,0.06874453079058775,0.19834772,0.07783123,95.703125
genres_original\pop\pop.00032.wav,pop,-113.1695,78.71344,41.58814,29.64467,21.516308,24.945076,11.092116,20.328978,17.440653,15.4141035,0.60743165,14.610729,3.0293283,11.431543,0.084508725,12.274307,3.4569807,12.2236,0.2906403,9.628684,0.61601543,9.176616,1.2555636,8.607768,2.8942456,8.53559,-0.7695475,6.967045,0.22040614,7.5449085,-1.4086615,6.967755,-0.7604615,7.525746,-0.8702321,8.628129,-1.5392059,9.008706,1.0672657,8.938793,0.44348025,0.49329066,0.3737621,0.47801185,0.47693437,0.3443858,0.38950938,0.4031716,0.49145707,0.383402,0.39092794,0.45145693,4225.564575455603,1279.9727927644924,3404.2193029459822,324.4462952499927,8483.032037599169,1449.3885849335638,18.665789325239672,15.542963498446085,18.652243497332268,17.343784466099123,17.753790238949087,16.980665566037832,15.762892386635228,0.22873671209849072,0.1366127977782069,0.097890966,0.04633424,95.703125
genres_original\pop\pop.00033.wav,pop,-69.00193,95.91798,73.77,22.274757,-12.468982,22.896923,9.536623,15.886491,-0.045610458,13.197157,12.718271,15.288373,3.1650598,11.656855,-0.08465784,12.761019,2.5223582,10.502581,2.8746748,7.5661964,-1.6729779,8.522184,-3.025172,9.790413,1.6149282,6.656518,1.089264,6.553075,0.93438625,5.46449,-0.4162729,5.958988,-1.2382096,5.8349447,-0.75765777,5.7431326,-1.704667,6.043906,-1.0437557,7.136956,0.5446393,0.35073343,0.38803232,0.33771318,0.39116663,0.43000844,0.44777733,0.53182065,0.40409383,0.41886207,0.35383204,0.47614262,2835.0593021892837,661.715013342013,2731.7531718304963,404.98560711205647,5945.014051313371,1437.9361523976654,18.076154060685298,15.152193590270814,17.461330741844392,17.176964708147427,18.042726555482815,16.16085879114808,15.84227892356514,0.13706266326431887,0.049297444635297116,0.139912,0.050008796,99.38401442307692
genres_original\pop\pop.00034.wav,pop,-59.58959,67.19018,77.30937,27.420017,26.367233,20.140562,3.1743205,16.768965,6.7570415,13.86637,-0.06425405,15.851676,-0.6247924,11.855615,-0.69048333,10.409628,4.141959,10.428891,-0.44033718,9.49936,-4.541956,8.658613,-3.5614958,7.3428736,-2.2030647,7.6838717,-3.5575008,7.5004387,0.26179406,6.9969864,-4.6726303,7.9414167,-4.604198,8.890447,-3.7405696,8.413625,-1.3851972,9.869599,-0.84536755,9.486288,0.3578245,0.26545408,0.3485655,0.30331472,0.2983979,0.47527045,0.29916957,0.31512314,0.26647964,0.39691418,0.47431815,0.28929216,3141.655140286262,1030.2022539743311,3230.4022459601906,355.03158623073676,7237.0312386622,1699.0163705642033,23.89656014780636,15.989070685682563,20.16914100371024,19.727214663402275,19.169186847612607,16.843819320207487,15.258003020006793,0.131055518938661,0.08485049866428761,0.18744317,0.06826979,95.703125
genres_original\pop\pop.00035.wav,pop,24.46663,55.060783,68.96241,20.378769,-4.2113004,17.7866,-1.0326178,14.467451,5.249467,10.757279,2.9858522,11.1346445,4.336798,8.782445,4.2872887,8.6612215,6.422605,8.077998,3.6307845,8.00115,0.11548246,7.1089954,-0.00023516487,7.5690217,2.0697718,6.763656,1.5497289,6.998848,3.999015,7.128901,2.8162687,7.130643,2.1994698,7.256329,1.5773796,7.068319,-0.47220576,6.6161046,0.5248476,6.688659,0.35504675,0.4346831,0.34146637,0.47341692,0.3756756,0.29660752,0.41555348,0.3846976,0.53100646,0.35466775,0.48785666,0.4942061,3194.1768682916545,729.4969605563456,3052.8892510243627,329.4862560964096,6993.782709552776,1454.6310801300863,18.405163742087534,13.466646567865649,16.94440367670793,18.18248686068293,18.61854897176255,16.45612325794157,14.580169969133284,0.15937998863196595,0.06434464116516651,0.28261182,0.09794556,107.666015625
genres_original\pop\pop.00036.wav,pop,-44.214016,66.93945,76.17581,28.591228,22.921127,22.553186,16.816141,17.189182,22.99891,12.912964,3.266593,15.276002,6.908667,10.578233,0.10313864,8.969621,6.4956765,7.990082,6.542089,9.723436,0.85448545,6.746912,2.7243903,6.665083,4.5169544,7.162281,2.854357,7.4030924,1.3195446,6.8548594,1.7970861,7.0922294,0.37682882,8.0882845,-1.1220286,8.761343,-0.43784976,8.678365,1.5700189,8.484942,0.4180066,0.35874033,0.4488893,0.40794265,0.47633725,0.40279934,0.35682017,0.4171946,0.35885295,0.3841218,0.31060192,0.39458236,2944.4779985642813,1120.7050995774084,3162.425540413327,462.7378918875193,6877.916743511755,2043.1801617109793,22.749407345378437,16.135322617465377,20.500378895648467,18.716547079384537,18.61316446928675,17.543482033279073,15.84889017736672,0.1151153281008127,0.09077523071222171,0.25645226,0.0844243,99.38401442307692
genres_original\pop\pop.00037.wav,pop,4.804322,63.50406,64.50391,22.887861,-2.5012724,27.233412,10.4194975,15.82056,3.2420893,10.889756,7.8209686,12.687179,3.101567,9.616704,1.4055256,10.79154,6.745003,9.782947,4.884832,9.526393,3.2736435,8.331893,1.747771,8.223913,3.3316636,7.3632894,2.3504841,7.719134,1.4266739,6.435471,-0.60548866,6.8787427,-2.1835034,6.233781,-1.6002753,7.2026663,-0.61104494,7.572181,-4.0513687,7.2879276,0.5541771,0.48195985,0.48408154,0.44518834,0.35990527,0.36656877,0.41988933,0.5199301,0.45418954,0.4512111,0.42821094,0.45523217,3236.3834897605984,794.3654006906496,2953.665320076075,408.5380437187358,6698.901159327835,1494.690606922149,19.084508677365612,12.942612255031053,16.331405921651477,15.6711382327136,16.694947127344765,17.196315545488133,15.716416101501743,0.16482477808146284,0.06194899609210134,0.24089603,0.089719206,103.359375
genres_original\pop\pop.00038.wav,pop,-15.679173,63.17884,59.269085,23.55066,-1.5834024,18.49691,12.570526,12.534593,8.758745,11.072177,3.9658682,10.017737,2.0486033,8.29502,4.2323008,8.913215,4.9891315,8.396167,2.9016716,7.912354,2.327089,7.251798,1.9943118,7.689516,1.7193478,7.3691845,-1.5517668,7.5996976,-0.62015903,6.8881516,0.29138064,7.348438,-0.0029854788,8.617721,2.756806,9.451215,2.2938926,9.220409,0.056969963,9.677194,0.3210049,0.44698945,0.33716348,0.41021162,0.48892835,0.36072025,0.40493235,0.35643432,0.5365971,0.4362108,0.35731706,0.3506007,3267.580275537532,866.6330088831471,3014.383904612794,340.2519633588189,6921.308147796536,1467.3595596616353,24.184194628205507,15.123076553712473,18.486678281831914,17.556148431113364,17.65944390483508,16.11037982438722,14.875766796813622,0.14652330144640094,0.07452642432824119,0.22182827,0.07853155,92.28515625
genres_original\pop\pop.00039.wav,pop,-19.479713,63.56332,51.92009,24.688246,37.00408,25.91273,13.1163845,19.196745,14.590094,16.247526,3.2076254,14.782656,15.297413,10.638873,-0.7794648,10.605027,7.2424235,9.780273,10.393447,9.639597,-0.37440062,8.535305,6.2307696,8.885073,-1.1885153,7.414071,-2.1225436,7.6531124,-1.5674964,8.071416,-0.76546293,7.5181513,0.032623857,9.348758,2.8346593,9.366588,0.82377,10.159021,1.8658277,7.8113933,0.39020813,0.34438112,0.3143655,0.4254743,0.44651335,0.326634,0.34489274,0.31520647,0.45775923,0.38482085,0.37701657,0.48255825,3934.6043578715803,1048.5563858384355,3509.582338482005,351.4382701026472,8525.24844898897,1313.6903302522123,21.232120082588,16.92517674503203,19.92665096993722,19.31769073552134,19.11438926092687,19.247589296243238,17.40884778333609,0.18717800648219815,0.10335570101726092,0.27970567,0.10362971,83.35433467741936
genres_original\pop\pop.00040.wav,pop,-76.91657,75.98616,113.29569,21.14375,-6.219377,19.955605,19.94625,11.483432,15.115961,9.999189,-3.289381,11.982426,4.7895107,8.754663,1.0169309,7.614222,2.2929258,7.366936,-0.011468397,7.4192753,-3.7627332,6.678694,4.241214,8.22682,2.2863302,9.731163,-2.9218853,8.024387,4.5193353,7.6216764,3.4273295,8.533789,-0.53413856,8.885724,-0.5602078,9.344396,0.62774485,8.158705,-2.0107126,10.3582115,0.3085878,0.24154493,0.3974255,0.3627009,0.22004752,0.31856823,0.17835854,0.21010445,0.16176368,0.28297052,0.54869044,0.2761573,1962.259860440553,511.21086195743004,2325.3182258713837,423.50402889521524,3821.2268935637576,1364.071351699065,22.52930499353435,16.510889079117412,20.86280636323864,20.878455899453304,22.67779515369823,21.772672245933116,16.707118121294222,0.0958112120259288,0.0384322173955777,0.19927946,0.075112365,129.19921875
genres_original\pop\pop.00041.wav,pop,-204.75298,57.08597,101.60512,28.888466,26.384224,23.724922,9.1857195,14.020691,10.460928,18.24578,5.108919,13.689069,-9.447198,14.809242,9.308316,11.120048,-12.491376,11.826024,-2.4966693,11.00576,6.212447,11.296095,-9.488957,9.765374,-2.5600326,10.819413,-9.048957,10.955153,-10.187873,11.763995,-4.0442524,10.119486,-7.7497845,11.602183,-5.138517,13.479603,-1.8299531,12.628464,-4.416521,12.903267,0.22803807,0.21535608,0.40643376,0.32738903,0.2077196,0.4092918,0.26195157,0.25051078,0.1947308,0.27568376,0.37571064,0.23574607,2053.894371276876,828.5668897395091,2559.593930825625,397.6317774348078,4508.014407320288,1852.3023952469714,25.650773837829366,19.614428976537308,23.805324406563248,22.649924087387635,21.509668352459833,20.762532754695115,18.113344640424884,0.0753657574255031,0.055286892803981746,0.08329674,0.0351989,107.666015625
genres_original\pop\pop.00042.wav,pop,-37.071033,53.588818,68.84185,26.49189,10.511309,21.46387,23.959776,14.107497,15.370538,11.666364,3.547914,12.463334,11.677659,12.363826,2.9124515,9.904221,2.5459216,9.269107,4.7503414,10.873973,-1.5888675,7.221292,2.5664659,7.3515344,-1.0170679,7.023038,-1.6613677,7.145447,0.48934492,7.101372,-2.8281734,7.8022494,-3.4125829,8.913037,-4.102842,10.537975,-4.2148557,9.279881,1.1007029,7.7008524,0.35251227,0.46558216,0.3232869,0.40943488,0.49596772,0.28706843,0.33268276,0.33534032,0.45957667,0.35910258,0.35999385,0.37620845,3002.6169823427717,891.3268703473714,2972.7827670259026,422.9880671982456,6445.919355740857,1796.0608103285517,16.809641757555184,15.433728049603578,19.13329538833125,19.189541851382025,19.95697061874536,19.43947537749438,15.14413251983258,0.14374780802534828,0.07551759320047853,0.22344245,0.08487153,92.28515625
genres_original\pop\pop.00043.wav,pop,-50.890957,47.96619,68.04223,32.60899,12.082594,18.941166,36.314426,17.669764,8.646877,14.76096,19.502785,12.01683,10.72235,9.469846,12.312874,8.599315,1.661435,9.005185,10.164873,8.603513,4.8397875,7.595416,1.6969053,7.073186,2.7312355,6.9082794,3.1664689,7.555005,2.4620578,6.984697,1.4162687,7.348145,1.0564288,6.505798,1.8941798,6.410737,2.2652884,7.2669735,2.4275951,7.4187083,0.49685007,0.5989638,0.44332322,0.45117283,0.3701487,0.4826393,0.4800783,0.44085014,0.51450574,0.44219851,0.4999471,0.46067044,2703.2416682609646,1065.1892388797723,2725.9617319867466,478.4909684948547,5776.106739339445,1883.6254082950918,22.63299555002156,14.822911596934729,19.377479853182024,18.27352185763397,18.082138680494126,16.512545370581147,16.76965281658606,0.1032971833881579,0.07288589019101249,0.25419882,0.07047601,135.99917763157896
genres_original\pop\pop.00044.wav,pop,-47.93828,56.364475,54.159214,22.846893,-4.005042,26.358063,21.5129,17.312805,13.886649,13.544307,6.003954,15.39908,13.75534,13.038059,1.0669996,11.971299,6.722089,9.213332,6.232228,9.941199,1.6225083,8.136296,0.45345962,8.01066,2.414838,8.993666,-5.5971346,8.811123,0.30466765,7.915608,-1.0046958,7.5254817,0.6401352,9.687769,1.2582229,10.080604,2.0810168,10.468493,3.0324848,9.023332,0.48990515,0.44537872,0.4781842,0.5059207,0.39242935,0.358245,0.43259668,0.56365144,0.47926062,0.4003521,0.46195555,0.46586385,3143.535196698567,783.977456854695,3016.4276117711397,340.3657280022855,6689.351217075029,1528.0443067390704,24.25615215306949,15.65627597607324,18.948415838365854,17.694279885249223,17.516313223204303,18.53852728565277,15.568643362451565,0.135637501814048,0.07431593239031764,0.22276354,0.092974156,117.45383522727273
genres_original\pop\pop.00045.wav,pop,-71.61501,73.73637,81.12124,33.603905,16.355665,31.322947,8.950534,19.985493,13.818387,15.701512,-0.7371725,16.484308,12.522272,14.857588,-0.6393705,12.480364,3.043049,11.254596,3.0547535,11.222677,-3.2121913,10.967269,-1.3185769,8.6942005,-0.6402586,8.602607,-4.0062227,9.277387,-0.9454737,7.5298,1.9157289,7.8173656,3.5294614,8.404846,5.987803,10.277373,6.0908732,10.099436,2.567977,8.97398,0.4215143,0.40175343,0.36014256,0.4067574,0.3889068,0.50516164,0.36107564,0.46802098,0.51562876,0.37736028,0.4042092,0.34390184,2842.6607931089798,1080.5468293981023,3039.1056726884412,577.8457514203352,6479.344153625677,2459.5487890072704,22.06380962857972,15.740478605990136,19.302313588882043,19.198470859249458,19.401099780559843,19.445137393397804,16.0531944564349,0.12498941805340558,0.08603753371603301,0.2022946,0.07428934,117.45383522727273
genres_original\pop\pop.00046.wav,pop,-72.17291,73.683945,81.3121,32.998314,16.72972,31.827282,8.680574,20.11861,14.163569,15.755048,-1.0486612,16.263868,12.839071,14.887231,-0.53434926,12.65149,3.1377692,11.466232,3.1529665,11.082728,-3.4740796,10.956469,-1.1388003,8.696067,-0.68516254,8.522594,-3.9981558,9.416356,-1.0880299,7.59006,1.7791659,7.947114,3.4944952,8.491397,5.9058084,10.537521,6.3410254,10.277656,2.4415286,8.999891,0.42705166,0.40467027,0.36215308,0.40781164,0.39150074,0.49956065,0.3565804,0.47249928,0.51903677,0.3815578,0.40917647,0.3485399,2838.0210737706198,1082.7256265402818,3045.7558870993503,578.8550395052501,6485.7024485112715,2460.3495326464026,23.296322613909716,15.785169892161008,19.596908504769928,19.203794226577397,19.420819785592393,19.183537083649362,16.0896068671363,0.12218028915924922,0.08498150318899325,0.20336604,0.07455644,117.45383522727273
genres_original\pop\pop.00047.wav,pop,-45.064255,59.482147,69.78576,28.824137,11.866148,20.10307,8.177107,18.375334,12.603081,14.266875,7.750251,16.101847,11.3099985,11.136587,0.25850752,11.3994875,9.65932,10.67245,2.803888,9.2447,3.8585238,8.711114,-0.8353044,8.025199,2.1194327,9.0986395,1.1247411,9.75092,0.007464335,10.598483,0.7613851,10.354558,-1.4808841,11.379897,3.656361,10.256181,4.4588914,10.8704605,4.1998005,9.265902,0.39231274,0.42838138,0.52400637,0.3857321,0.36640793,0.43332934,0.44408315,0.5909509,0.43721542,0.4135976,0.4222359,0.36422578,3149.97113080032,909.593489435534,3220.089949254964,367.3880609477658,7291.955906540247,1753.1582609496027,26.166982125480203,16.003561544400657,18.264137123806147,18.275261907920207,18.35559888312743,16.228099751113888,15.919532747323492,0.12735523897058823,0.06973665898059997,0.21580054,0.090983115,112.34714673913044
genres_original\pop\pop.00048.wav,pop,-52.64915,53.381927,47.78274,21.983036,13.455156,20.836496,2.2134273,13.18638,13.251046,11.798639,9.133875,9.0229645,14.447653,9.674533,0.87383723,9.313043,9.459656,9.1830435,7.004077,9.399416,-0.69285774,7.644851,1.7276201,8.189733,8.496528,8.344388,6.9274364,8.367573,3.1864774,7.9755464,2.2743251,7.5314875,-0.8961153,7.498123,2.031985,7.746733,2.2780228,9.032203,3.4661899,7.8953786,0.56343216,0.50112975,0.5879108,0.4146219,0.3725573,0.38292906,0.3771015,0.47566837,0.42964873,0.5214043,0.46362662,0.48921666,4052.8886703211056,1049.7294093449768,3426.219519828341,391.51564633592864,8382.25764696812,1543.1204011000616,16.67098750915357,12.495062378120513,16.596297373452632,18.161991914033926,19.198789308432435,18.08932368744343,16.253096269792287,0.21071452326818885,0.09231647542984274,0.1564599,0.06469113,129.19921875
genres_original\pop\pop.00049.wav,pop,-170.92262,72.99459,105.92537,38.288082,31.060644,30.616232,22.226055,19.626835,12.8146105,15.396209,-5.1669707,19.21001,11.2371025,15.993837,-2.1054718,14.980141,-0.1724933,11.458689,5.0788264,12.3477745,-11.54121,10.8789425,-3.6240706,10.923961,1.3911012,9.533091,-6.6363363,11.499198,-2.4310408,9.625303,-7.377177,11.030079,-2.553612,10.567103,-1.7130773,10.040559,-6.1377354,10.876408,5.067965,11.492136,0.27300918,0.39335626,0.2518802,0.31100932,0.22728898,0.34427825,0.41768262,0.2948314,0.38999066,0.31773934,0.34995207,0.30110005,1987.8719219449235,1048.4513377885396,2579.9699093585987,644.9969911020353,4265.424207563371,2565.88110093348,21.45855689106947,18.3899256441351,21.699750718284537,21.25097069253942,20.262493113093786,22.823013398565415,16.795691470775214,0.06614018962848298,0.06136431114768753,0.14744551,0.061382707,58.72691761363637
genres_original\pop\pop.00050.wav,pop,-78.1925,64.29339,65.99214,33.264507,24.578516,30.66289,25.652824,19.095692,13.854882,15.245535,3.6000478,16.95795,16.225538,13.59592,0.59255385,12.246239,3.3257754,10.523065,4.16047,10.002289,2.7126958,9.854172,3.649891,9.095568,1.3959067,8.155746,2.0099125,8.390995,-1.8058223,7.4847426,-3.9544833,7.377384,-0.95099777,7.2705092,-1.0149827,7.5194764,-0.46333376,7.2772346,-0.74938136,8.182728,0.45387024,0.5036608,0.41790706,0.37033728,0.4164914,0.35614476,0.3712007,0.33438155,0.40614063,0.46802372,0.4070516,0.4637729,3046.2397998563833,1173.1994007513213,3095.3865062358905,432.6132611393528,6630.418240101345,1965.491533121023,25.005153874488364,16.59111760861618,19.976215645452157,18.715770094901163,18.603114629628966,18.44487751196272,15.734945620384059,0.1186580126499613,0.08799772591675754,0.20836434,0.08127359,143.5546875
genres_original\pop\pop.00051.wav,pop,-14.170114,55.353462,44.39024,26.785711,12.680576,18.341177,10.152087,16.375633,11.259301,13.101547,3.9758952,13.579194,12.507779,11.0311365,-2.1717224,10.006122,10.705039,9.702003,2.2852633,8.551174,5.0335593,7.7146807,-0.86626536,7.518007,3.80587,8.941205,1.6627513,9.466502,1.504286,9.757025,-0.1902826,8.868047,-1.020159,9.943767,4.782087,9.5403,4.863109,9.742068,3.0533202,8.133667,0.41931182,0.47489765,0.54697233,0.42076504,0.44119635,0.43271858,0.47670662,0.58131397,0.4198614,0.40166697,0.37582752,0.37299109,4156.136801574854,1032.4801270459143,3451.227813998198,363.2782453384854,8676.447534708785,1425.9988113201655,18.556512022310784,14.330752918294966,17.286297409116894,18.084672920623085,17.989119055210377,16.866932503284957,17.719795681021143,0.23004509420955882,0.1115601856803759,0.21318002,0.06526785,112.34714673913044
genres_original\pop\pop.00052.wav,pop,-39.98735,61.872047,35.583214,24.107876,8.9385,22.37133,15.082217,20.55559,15.206814,16.249353,10.572661,16.744396,21.824984,13.4291315,10.004446,12.522894,13.9735,10.191015,16.557459,10.014579,1.4647634,10.588908,3.2635627,8.729899,0.0621122,9.123518,0.9717617,7.910882,7.650401,9.34681,7.642752,10.7311125,9.415578,12.766519,6.587524,10.370312,1.1903111,10.275625,-0.64523596,10.924129,0.4184681,0.4173324,0.4674627,0.5517487,0.6274668,0.5846947,0.5532887,0.5491661,0.5355157,0.5480999,0.50072116,0.51869243,3662.9266594641513,1023.5826094860564,3276.4112530558,393.51499716907347,7776.786308170472,1609.5085929843567,20.729156129719396,14.140773826376995,18.492416074934336,17.010626278916092,17.921604534267296,18.86954737108702,14.702599973660673,0.15600737108165635,0.10369340003104864,0.32143492,0.14283347,103.359375
genres_original\pop\pop.00053.wav,pop,-145.92575,66.44399,62.53524,40.59263,-23.114868,42.269184,-18.786009,23.348576,-14.782013,21.29299,-28.421492,15.662553,3.134416,15.156933,-24.940002,16.320074,-13.637032,15.789028,-4.60739,14.362967,-24.383533,12.998922,-15.806172,10.856328,-17.455078,12.364531,-11.709296,22.264486,-8.264145,17.927258,-13.850937,19.672169,-9.910087,14.323579,-11.985029,14.199941,-5.035616,16.693573,-2.9024737,16.070908,0.25954708,0.2085738,0.22574031,0.24283125,0.2649725,0.2851821,0.36383402,0.26662627,0.2322964,0.2810106,0.30924794,0.3886273,2639.59187801044,1015.9311431155714,2753.5605024541996,514.864694754682,5626.524310510594,2051.660889486518,21.29655583011328,20.56693229795165,23.093756185581004,20.50134146674607,20.307181320700703,25.31202096664729,17.15802914773308,0.10700086469620743,0.09702451420472964,0.17211172,0.0963643,161.4990234375
genres_original\pop\pop.00054.wav,pop,-46.703014,66.27015,55.877514,30.757109,26.12021,23.699429,16.543205,15.671185,7.104527,14.587162,-3.3266866,18.108234,9.25601,13.761619,-0.87159336,10.253114,8.313573,10.935881,7.148099,11.248846,-0.5387219,11.077547,1.7517585,9.048454,-1.837747,8.819048,5.196832,9.4074,-3.1105437,7.427593,-0.8630542,9.532323,-3.8621142,9.136125,-2.3494835,10.089959,-0.2260481,8.943901,2.2205694,10.070394,0.49919236,0.4164734,0.3601141,0.45238554,0.41451356,0.41700286,0.3707887,0.45814893,0.34087747,0.26846012,0.33125734,0.35560328,3498.3579746722603,1173.369755123734,3295.5183653344498,396.871833976285,7664.611986473249,1764.676690342747,18.837413841242398,16.511088601617324,19.986695027196095,19.54775912233788,17.859966441013015,19.112263062687898,17.24200903761675,0.13602223115808823,0.09140449231594258,0.27360487,0.12332197,129.19921875
genres_original\pop\pop.00055.wav,pop,-56.091187,70.64935,36.468166,34.001022,11.94532,25.290115,-6.4417515,21.99197,3.7781627,19.625858,5.284157,17.512375,3.3947845,12.962965,4.2650976,14.755697,7.9939175,11.85797,5.8644285,12.538739,1.5971135,10.568185,4.8613906,10.344464,0.49247718,10.409397,2.506001,9.67028,0.275979,9.161494,-2.591558,10.325158,-1.4281116,8.141553,-1.8711603,7.921363,-5.3898835,8.326248,-4.313989,8.656325,0.45636287,0.41803688,0.3886311,0.36825272,0.34080216,0.3111707,0.3303904,0.40672132,0.5300693,0.5697693,0.5230064,0.5511447,3940.3499208914445,1162.587795806774,3361.504206090715,313.394186037969,8259.450056235488,1196.3921352169589,20.445207179434988,17.93163057621173,18.593029394907806,17.474709915576476,17.42080697058858,15.522059927126445,14.758446967887595,0.16739883659055727,0.1340251424355649,0.24087685,0.13041553,103.359375
genres_original\pop\pop.00056.wav,pop,-80.39633,77.747,35.962517,41.019833,20.407267,29.620415,26.376535,21.165636,17.379705,15.643431,4.580236,14.919622,13.489167,12.681517,3.6187565,11.730044,7.324075,11.731487,5.479913,11.86195,3.9538543,10.561568,5.313696,10.238906,3.534632,10.454734,0.5135293,9.306966,0.18830319,8.942605,-1.1251197,9.629033,3.5296657,8.131304,1.4410526,8.456985,0.4726653,7.9575405,-1.797736,9.671494,0.45138532,0.47377604,0.44953445,0.54884064,0.47520626,0.39684793,0.3794915,0.45403334,0.6140803,0.56182694,0.44544935,0.42665625,3681.430351016257,1462.3320395313963,3221.829158023403,482.26338315001016,7566.579245930486,2155.747427551291,21.267403247878274,17.329587649778976,18.424605483382397,18.263706924708025,18.538781920925704,18.67439679990894,16.313183912068048,0.14562421391253869,0.13077850513533304,0.24994287,0.12312224,89.10290948275862
genres_original\pop\pop.00057.wav,pop,-39.69138,62.874508,33.951675,24.445978,9.604388,22.934448,16.657578,20.488953,14.906162,15.61129,11.198783,15.547722,21.502827,12.896658,9.886201,12.23798,14.73235,9.799872,15.628255,9.295985,2.040395,9.7112875,2.579496,8.453937,0.3572857,9.2143755,1.6512009,7.5478277,6.9411736,8.99582,8.237751,10.308845,9.367546,12.51638,6.9661984,10.848326,1.496738,10.4714985,-1.1285765,11.119945,0.40639627,0.4393163,0.5192745,0.60706645,0.6056977,0.552975,0.5431053,0.526766,0.54763395,0.5063175,0.52601194,0.4418145,3672.6739422013616,1033.5953630335036,3279.7424058326787,402.5479886362256,7783.686266447368,1631.52824609348,21.455162265592087,14.354616338091502,18.865087791146973,17.15680601742366,17.367141743808478,17.729927508075313,14.70820092030461,0.15406445010158668,0.10243915143345804,0.3293133,0.14713779,103.359375
genres_original\pop\pop.00058.wav,pop,-87.723495,73.62454,64.30925,45.215347,-12.976586,26.98734,16.032646,20.178562,0.4861661,15.879156,0.40709496,13.491314,4.431545,11.717215,-2.7237473,11.607643,-0.3093248,10.389351,-0.049745165,10.024212,-5.929299,9.239431,-4.269969,8.928796,-3.5097017,8.524795,-4.6309357,9.003493,-4.0938272,7.8256073,-3.3208752,9.309945,0.21073724,10.708564,2.7040021,11.697267,2.4902892,11.4979315,0.21650171,12.776703,0.40249595,0.5358155,0.40067086,0.2796254,0.25315133,0.23123524,0.3463413,0.26543927,0.36675575,0.37183428,0.2812003,0.34469962,2940.0005210928985,1289.731079422966,2629.4641540033667,546.0192095810241,5750.6902263629545,2204.9440863939603,19.498580818895526,17.571137465487148,19.651489536585714,19.246560426201484,19.25605043590472,19.32037951920795,15.541898064495749,0.14575422068498453,0.10831296937395703,0.16742225,0.07983135,99.38401442307692
genres_original\pop\pop.00059.wav,pop,-77.94189,78.43608,32.364956,41.63388,20.077257,29.151978,27.633484,20.476807,16.262774,14.894385,5.319164,14.548465,13.481539,12.292783,3.5032268,11.319461,7.344144,11.440562,5.2718024,11.940818,4.0011973,10.546061,5.271229,10.206476,3.752625,10.162227,0.7814799,9.017939,0.40025985,8.720734,-0.7132615,9.335368,3.0644116,7.892178,1.4034704,8.2441845,0.54593104,7.7712445,-1.9002221,9.535358,0.45538574,0.47611475,0.45274904,0.55346,0.47994164,0.399732,0.38056663,0.4530047,0.61273134,0.563793,0.44736612,0.43070138,3727.2488351836582,1448.2872267287696,3223.867461789819,468.5629919605026,7633.178843211833,2116.7144220102086,21.982497520269245,17.54460746698879,18.729514915056626,18.267982918611725,18.348480821009094,17.310134947686315,15.770671012728112,0.14478748427825078,0.12835208210972282,0.25179002,0.12356319,89.10290948275862
genres_original\pop\pop.00060.wav,pop,-46.703014,66.27015,55.877514,30.757109,26.12021,23.699429,16.543205,15.671185,7.104527,14.587162,-3.3266866,18.108234,9.25601,13.761619,-0.87159336,10.253114,8.313573,10.935881,7.148099,11.248846,-0.5387219,11.077547,1.7517585,9.048454,-1.837747,8.819048,5.196832,9.4074,-3.1105437,7.427593,-0.8630542,9.532323,-3.8621142,9.136125,-2.3494835,10.089959,-0.2260481,8.943901,2.2205694,10.070394,0.49919236,0.4164734,0.3601141,0.45238554,0.41451356,0.41700286,0.3707887,0.45814893,0.34087747,0.26846012,0.33125734,0.35560328,3498.3579746722603,1173.369755123734,3295.5183653344498,396.871833976285,7664.611986473249,1764.676690342747,18.837413841242398,16.511088601617324,19.986695027196095,19.54775912233788,17.859966441013015,19.112263062687898,17.24200903761675,0.13602223115808823,0.09140449231594258,0.27360487,0.12332197,129.19921875
genres_original\pop\pop.00061.wav,pop,-65.18545,50.84255,65.47451,33.733635,4.1277475,26.108635,32.742474,19.717182,16.918562,15.171617,-5.8376946,18.211979,14.960992,12.291873,-0.2438358,12.041299,9.038334,12.225997,8.441269,12.5047655,-6.576153,9.834234,-4.4843636,8.171103,-2.6280577,8.778903,3.454899,8.177969,1.6005543,7.5730104,-0.697875,8.183118,3.2031765,8.595334,1.0458928,7.234176,-1.168135,9.198035,-4.722194,9.3193445,0.54578024,0.43414485,0.3620082,0.3836855,0.32090878,0.33463827,0.3324643,0.46419656,0.55057806,0.5674139,0.6292268,0.5411866,2949.270014966028,1168.9591584098973,2908.876601117744,532.9376303318071,6067.7883089142315,2241.645102236061,19.851708718968094,17.54123739404152,18.48648937039983,17.714440487630437,17.291882370401403,19.383162333010272,15.042937201297972,0.11195132606907894,0.08741418361769308,0.22080922,0.08771479,95.703125
genres_original\pop\pop.00062.wav,pop,-6.92664,39.802803,68.88017,22.303665,3.7705872,22.687717,28.195871,15.503458,2.293225,13.402774,13.625752,12.250886,1.0469882,10.655038,6.004647,12.142552,2.750496,12.395138,15.018393,14.032781,-8.786577,13.714873,0.7954419,12.929705,-7.2196684,12.966916,2.92449,14.363441,0.5617504,16.253271,11.366313,15.85527,11.479181,15.253915,14.17094,16.222725,-0.9239,14.91405,0.8095099,14.768343,0.22576278,0.22859018,0.25881484,0.31249115,0.26397115,0.25240508,0.27900624,0.4633875,0.6910421,0.40567008,0.2847646,0.2898071,2468.498529319245,558.4235712570307,2625.1515768457407,351.5752754477661,5481.816852203464,1267.1368243186332,17.957190501388073,17.6233138822534,24.000154725516307,23.739354820015013,22.368037034033133,20.116457846888462,25.74603600661931,0.09820877878289473,0.03577884501724589,0.39785087,0.08474579,161.4990234375
genres_original\pop\pop.00063.wav,pop,-125.98142,45.551167,117.33393,24.429491,-0.07229208,17.264317,10.211122,14.457426,4.49017,11.89384,2.1888666,11.675388,-3.6360846,10.235021,3.3763409,10.501571,1.7375194,8.915645,4.5511193,8.430843,0.8427297,8.575003,2.4246018,8.3251705,-3.1125748,8.199467,-2.837452,7.8794804,-6.1066365,8.343723,-5.2675734,8.717087,-1.8156683,9.292071,-3.2187061,10.568089,1.2653751,9.811699,5.800691,8.897672,0.3623258,0.25152814,0.27408677,0.24303654,0.24923413,0.43704346,0.4054162,0.5005859,0.38347432,0.2241053,0.2517194,0.21807592,1826.5420467927368,583.2940420706718,2294.444461991146,457.0091836227379,3796.335377412684,1685.655012791442,21.488339166123485,18.1932007547258,21.228274997673587,19.958127170226543,19.733476958715112,18.221997837077673,16.11888875834139,0.07464656298374613,0.025637080539983016,0.12609246,0.03565272,80.74951171875
genres_original\pop\pop.00064.wav,pop,-88.45125,96.30784,34.333656,38.482986,-11.282462,28.93632,2.200408,18.822306,-4.8584256,13.948356,-6.127731,20.023,0.33107793,14.026769,2.440188,10.586729,-8.17747,16.909876,5.6359854,11.786228,-9.394409,12.829052,-7.359539,10.5904045,-3.9459164,12.439919,2.3768632,15.65098,1.2362306,17.686588,10.805466,13.756568,9.384404,14.681081,5.292023,15.615407,-2.935119,12.899191,-5.572682,10.235728,0.32373747,0.23005827,0.25478148,0.31304908,0.2645892,0.21228653,0.2509609,0.41094658,0.5207043,0.48019788,0.51321965,0.3836266,3647.8594016331967,1043.5802529678017,2886.6604007045057,433.87355858951094,7112.756990131579,1528.6771491788468,18.182802950264502,13.7560151223116,18.880028647039875,20.478094075233884,19.552408279998588,19.682692343310247,18.15496652616751,0.205950001814048,0.11147007658987343,0.16902655,0.11092298,129.19921875
genres_original\pop\pop.00065.wav,pop,-111.61652,69.69514,85.579094,27.927258,3.5153575,17.369762,16.35747,16.952892,2.2059443,15.479386,5.980132,11.138311,-5.0457573,12.577306,-3.962524,9.404693,-0.096168354,10.928712,1.5746027,9.587991,-5.793351,9.923794,-5.08719,8.10461,-0.20802851,8.727136,-4.4117293,8.112037,-0.7768346,8.054913,1.5563339,8.28735,0.3625803,7.5347896,0.57528263,7.3827834,-0.6926282,7.6159678,-1.8156012,7.6139164,0.35283887,0.23255226,0.23702054,0.23691094,0.28876257,0.4508014,0.39415148,0.49727592,0.39010194,0.3773521,0.39626965,0.29377657,2518.6680120349943,760.1870113877194,2683.946956917925,397.25154113580885,5496.225098412104,1586.5160218493313,18.311120574427203,16.42996114642523,18.91339514164571,18.027956336130984,20.127333008560484,17.30834628439876,17.448238034246618,0.10014338537635449,0.06023898969619625,0.13348536,0.07795899,117.45383522727273
genres_original\pop\pop.00066.wav,pop,-63.635056,60.386864,79.045654,28.750809,42.744022,25.028656,16.095537,14.535032,15.26836,13.182616,10.789147,12.191261,13.3115835,11.272436,3.685729,9.856543,4.9283266,10.003786,10.677057,10.398938,-0.012671975,8.929573,3.4803085,9.131061,3.4220939,8.617561,-2.4508333,8.774813,0.85064113,8.644634,-5.120554,8.642914,-4.2999783,9.160946,-1.56403,8.062392,-0.059282143,9.522746,2.6619995,9.779681,0.35930318,0.33918384,0.40348935,0.36671665,0.4216727,0.43756008,0.2838004,0.3100885,0.34178647,0.35212225,0.32081175,0.31286156,2844.070407885239,953.5933561802592,3219.148147976031,436.9323562868889,6839.566975407556,1982.2355596722398,20.370447079611967,17.362715521871348,20.935491115173164,20.449184541268103,20.876059740898654,19.79269884124109,15.74950795707079,0.09974656237906347,0.0544008387510597,0.24325013,0.081651755,80.74951171875
genres_original\pop\pop.00067.wav,pop,-52.537975,52.113518,37.49602,27.876596,14.12139,21.777367,18.180311,15.007812,16.782768,12.426167,5.9580927,14.026537,6.4324026,11.502769,2.7082067,10.845087,-0.44743854,10.278705,3.2196102,9.958033,-3.9284554,9.892775,1.5937506,9.302772,0.29058233,9.761544,-0.16011742,10.105201,-0.5063943,10.717772,-1.5440645,10.522599,2.0738177,10.368197,1.2248799,9.420404,4.5870175,9.79614,1.6419145,9.2792845,0.3793155,0.38749748,0.54688746,0.48841032,0.50351846,0.42649898,0.4225823,0.52094936,0.3971792,0.41250867,0.41909477,0.46444958,3889.787116785757,1024.7184776080483,3271.6627619560186,313.4302387485187,8057.209612489116,1277.82862294702,17.650350811260537,15.427537128130444,18.62984921076752,17.305606187433977,17.327542610774476,16.917097489615117,15.379276448887213,0.19104230662248453,0.11539418739104917,0.19137336,0.088422254,112.34714673913044
genres_original\pop\pop.00068.wav,pop,-29.26039,56.4733,53.868725,37.64722,-1.700224,22.533566,15.506247,20.71809,1.0880837,21.060781,0.54396456,18.693556,4.902141,12.9290695,-3.2225883,11.189687,-1.6917722,11.384503,2.2325523,12.04482,-7.1229587,9.212841,-5.9894915,9.378534,-2.9803963,8.842298,-3.7967625,9.097231,-4.8949075,9.108868,-6.7240953,9.053863,-0.41865256,8.612845,-4.0128164,8.467405,4.3791423,11.212037,4.4604297,10.92786,0.34577435,0.39685825,0.45741814,0.44414216,0.44676846,0.40201977,0.5568795,0.34796497,0.32472354,0.3916426,0.37006232,0.40461063,3262.9124447410586,1108.6680145667733,2930.999781412338,439.0095614401549,6714.734396919746,1881.212100626662,20.084316446227344,15.891005055726277,18.24335064721343,17.66495014139299,17.994701024874427,17.247843139835183,15.710127746682543,0.15505650759481424,0.10557602048645401,0.24570654,0.11650278,129.19921875
genres_original\pop\pop.00069.wav,pop,-30.211868,47.893265,88.448524,22.531296,-6.587008,16.83308,32.785645,9.824922,8.500259,7.8514714,8.3887,7.633813,2.0425203,8.807304,6.864184,7.5802712,3.5769942,6.967376,2.7208421,6.775491,1.2942762,6.333984,3.290607,6.0593667,1.5695497,5.12121,2.3794365,5.175541,2.5250053,5.1723623,1.0964289,4.7134843,-1.5795058,4.8960023,-0.2644909,5.4966717,0.1128519,5.058662,0.42111674,4.714988,0.51747626,0.4037408,0.44682482,0.51349366,0.68263614,0.47505856,0.42132416,0.42380214,0.44561234,0.4840133,0.5092899,0.6402646,2327.9956325128483,571.0905287457952,2516.8257860719295,280.03742952815,4930.953516532024,1099.4696422663942,19.432126788139396,13.026965237406076,15.414753120573199,14.341416245752727,15.535733316466075,16.172157948048273,15.479003570869132,0.09549942252805728,0.051514945594883295,0.21555631,0.06711796,107.666015625
genres_original\pop\pop.00070.wav,pop,-91.85374,98.3237,56.674156,27.328682,13.763752,28.385094,15.050706,20.068848,0.9011203,15.898468,-4.079192,15.6859,-0.22235452,13.111121,0.5639136,11.010969,-4.60077,10.935925,-2.6161902,10.175645,-2.761266,9.514545,-3.0964155,9.121894,1.7973816,8.534893,-0.9524221,8.048172,1.4047229,8.085721,0.92358834,8.939522,1.0776355,8.4917965,0.9147185,8.775668,3.2946672,7.775524,0.21995445,7.9981456,0.5119721,0.43811142,0.49027982,0.34251395,0.34898064,0.3886461,0.34719446,0.4315417,0.45533702,0.63052124,0.4338915,0.42664897,3142.2532583222696,1005.614854975292,3001.708558953997,547.0256521584498,6825.458727384868,1881.6911632539911,18.67014693135936,14.688222028659698,18.733573541587443,18.32482910358293,18.024254334916705,17.184986604870055,15.519836284446173,0.13644399731520898,0.08527817711769424,0.1678202,0.11190055,123.046875
genres_original\pop\pop.00071.wav,pop,-52.537975,52.113518,37.49602,27.876596,14.12139,21.777367,18.180311,15.007812,16.782768,12.426167,5.9580927,14.026537,6.4324026,11.502769,2.7082067,10.845087,-0.44743854,10.278705,3.2196102,9.958033,-3.9284554,9.892775,1.5937506,9.302772,0.29058233,9.761544,-0.16011742,10.105201,-0.5063943,10.717772,-1.5440645,10.522599,2.0738177,10.368197,1.2248799,9.420404,4.5870175,9.79614,1.6419145,9.2792845,0.3793155,0.38749748,0.54688746,0.48841032,0.50351846,0.42649898,0.4225823,0.52094936,0.3971792,0.41250867,0.41909477,0.46444958,3889.787116785757,1024.7184776080483,3271.6627619560186,313.4302387485187,8057.209612489116,1277.82862294702,17.650350811260537,15.427537128130444,18.62984921076752,17.305606187433977,17.327542610774476,16.917097489615117,15.379276448887213,0.19104230662248453,0.11539418739104917,0.19137336,0.088422254,112.34714673913044
genres_original\pop\pop.00072.wav,pop,9.675074,46.418457,88.82607,28.384329,-20.29368,17.131422,5.1013055,13.709639,-2.9178019,10.917519,-0.18818103,9.436494,0.3274819,9.818374,1.6043208,7.8841114,-2.2592056,7.231014,-0.94065094,8.026523,-6.2122498,7.281337,-2.9767895,6.8180957,-1.8151836,6.149151,-0.3195998,6.0870442,-1.3413134,5.847809,-1.6791985,5.8022175,-0.18654181,6.134826,1.7162682,5.5692573,-0.132488,5.6747494,-3.901139,5.649307,0.5033664,0.42235714,0.45908192,0.45010367,0.4271177,0.466368,0.42984483,0.5350333,0.5465724,0.47850382,0.5240824,0.52692497,2569.255822724336,634.3898918712331,2559.52936247521,417.7361603148995,5351.900971120356,1494.0979660617786,21.79870499167908,12.43465600461466,14.706616918553292,16.228713917298087,16.428706092862544,16.625353663532426,15.27966307751443,0.13165642233455882,0.0510417805484458,0.23445223,0.0697762,117.45383522727273
genres_original\pop\pop.00073.wav,pop,-8.531341,55.027363,54.251755,23.107735,20.96331,20.575762,13.099079,13.011524,9.721153,10.34863,6.015052,11.043411,10.720785,9.92848,6.1021194,8.211914,0.6942644,8.241311,5.0023856,9.336305,-3.4498136,8.607124,0.8725567,7.2696905,-1.9390471,7.9369154,-2.7849798,7.0098095,-2.676201,7.40362,-3.3184636,7.4054976,1.7050132,7.5273027,-0.14683868,7.6434846,4.8484674,8.798253,2.9080083,8.730405,0.34397414,0.47722107,0.46106997,0.38296494,0.4302732,0.36005542,0.59570956,0.40659514,0.35405692,0.46452108,0.37017977,0.43370184,3671.2604882708424,937.0246795761713,3295.553788823971,333.3961293001645,7879.044023165393,1286.8252011674888,20.14972930905444,15.160482605200913,19.02125985571033,19.194475101934756,17.650615293119746,17.269464285849118,15.489644266012297,0.16189735814144737,0.08461007200126341,0.2598068,0.09610067,129.19921875
genres_original\pop\pop.00074.wav,pop,-93.63922,65.2288,59.69026,35.962475,32.077377,24.096617,13.12749,22.074068,13.27032,15.436902,-6.8693585,18.996834,2.3390276,14.932922,-7.8879848,15.9741335,2.2946646,12.25951,4.4875836,12.092627,-4.0405664,12.915274,2.6735635,11.047422,-3.0863953,9.938516,-5.7560024,9.453397,-1.5233752,8.659707,-1.1896892,8.724276,-3.0514128,9.573411,-1.0875479,10.490152,2.3892708,10.28103,4.767099,10.430665,0.39055613,0.32381636,0.39188698,0.32210964,0.35054862,0.288234,0.4487616,0.2960665,0.23600039,0.2974761,0.35270762,0.49512228,3419.3447490583962,1252.649738892475,3368.7113595438686,402.24854531449114,7789.061233945676,1835.83054465652,21.058846383268797,18.028047946275272,20.927953605652288,19.646908152600616,19.163828566178964,17.917739126528005,15.451270044623675,0.1308480372000774,0.10671303271369453,0.21037216,0.14509207,83.35433467741936
genres_original\pop\pop.00075.wav,pop,-68.85472,56.887714,40.457462,25.775764,25.354525,18.06516,35.768284,17.092762,13.383127,13.0166235,2.82137,13.800984,12.759582,11.70587,4.483545,9.752758,3.3571875,9.470382,10.026522,9.150656,-2.3750987,9.240366,2.9945145,8.192708,-1.8024031,9.479773,-3.378383,7.43767,-1.5463305,7.631709,-1.6591519,7.8359766,-3.5203817,7.9775033,1.3764957,8.793117,2.0280373,8.827458,1.5048237,9.57426,0.41082376,0.47090805,0.47869533,0.3853734,0.41544837,0.339103,0.46963122,0.3334913,0.32582262,0.38889727,0.40228578,0.4921601,3645.470694057959,969.7527249662887,3200.7208510864684,313.4771004725805,7658.53702320772,1273.7772567098514,22.87140161119512,17.650932435594246,20.127492571115805,18.769064933890196,18.796793131639124,18.794035816952064,15.483711297204865,0.15924053369291796,0.09825617698213585,0.18560503,0.09238667,95.703125
genres_original\pop\pop.00076.wav,pop,-38.288414,67.641426,47.802376,25.418604,20.052776,20.147268,23.84809,17.015036,19.795454,15.719467,13.665192,15.513419,14.684335,10.711772,4.5720963,9.948594,7.7137046,8.924387,8.956256,9.50346,5.421002,7.1009097,1.1439084,6.54972,1.0811883,7.322243,4.386656,7.4827847,4.5840893,6.9178123,2.549877,7.0813007,-0.2459387,6.6923356,4.6257834,6.9715242,3.0101738,7.9953976,-1.3092593,7.319158,0.4099088,0.5047782,0.3564948,0.40578675,0.4704589,0.49682173,0.57908416,0.49399248,0.5317503,0.55299485,0.44544145,0.46121246,3544.132839481264,967.8218370210268,3311.301496368,396.9409994447981,7780.519618928986,1628.051192507132,22.208705667084388,16.912182892481326,19.28803197175241,18.566133646053846,17.65257027395097,17.267724462815924,15.827946528417016,0.14281924221168732,0.08201173828453147,0.24529977,0.09136549,215.33203125
genres_original\pop\pop.00077.wav,pop,-34.209938,70.90945,40.399307,30.60846,17.510662,22.241014,13.421472,16.210026,13.240601,11.786318,7.449265,10.883464,18.183458,11.177122,2.7254276,8.971408,4.3396277,8.489418,5.8252964,10.007193,-1.1257582,8.948468,3.1106067,8.4969,2.4149976,8.150874,-2.0906532,7.9892054,-1.2851562,8.465988,0.15344465,9.101361,2.3362236,10.190578,4.32972,10.1099825,2.137922,10.695821,2.9388883,11.114708,0.45395407,0.41113517,0.47926638,0.44734862,0.41131634,0.4935968,0.42297485,0.5063076,0.44620663,0.4796568,0.426218,0.36732534,4037.153770826656,1137.7191375888099,3342.3644138556137,329.4029906962062,8331.4746207128,1382.60336751614,19.388908169277492,14.83845189116109,17.404149037404853,17.983070738386186,17.990645588257006,17.718736348067836,15.272377362703535,0.21392576613293343,0.11606557221244702,0.23102272,0.12739554,112.34714673913044
genres_original\pop\pop.00078.wav,pop,-42.779434,67.92397,62.799667,32.2463,4.7602077,26.307676,24.068392,18.578995,9.642161,16.607279,-1.8881843,15.43884,9.252786,14.046734,-2.9691231,11.210793,3.181562,11.427427,5.9340043,10.549777,-4.7737393,9.856784,3.0194983,9.253278,-1.2407999,8.388149,-3.524429,7.31689,-0.32438827,7.0713305,-1.4424751,6.804455,-1.8644702,7.1395807,-0.031904664,8.054019,-0.73046863,8.601729,-0.9891401,8.147832,0.4075303,0.44778642,0.4440231,0.49149567,0.37540737,0.3580927,0.46695602,0.46845323,0.6189135,0.50244486,0.44966885,0.42628187,3124.14935420786,972.9570316316733,2970.2727587674012,471.098570417519,6618.043314930825,1892.6492165038558,20.214794104982204,15.524187496766746,17.5231888065547,16.791175962548753,17.250179880463396,18.931616983667436,15.654506766560147,0.14272098127902477,0.09283304265737555,0.22333701,0.114091,103.359375
genres_original\pop\pop.00079.wav,pop,-273.28632,86.03298,103.147575,34.67284,8.722427,22.627241,31.6977,13.94079,12.511967,10.335474,3.4922655,13.713993,3.9396503,8.549172,-0.1623023,8.04502,-3.9216833,8.561924,3.2304423,7.7372284,-6.373684,6.5100656,-1.5361916,7.0709167,-3.213047,5.8029685,-6.777503,5.613756,-3.8153548,7.1232457,-6.2407227,6.461268,-5.618338,7.2720103,-4.015953,7.077876,-2.3887515,7.5129304,-3.0845282,7.714801,0.40551865,0.4970132,0.3364543,0.34128073,0.3441953,0.2954331,0.40691242,0.28425807,0.2555422,0.20095608,0.31871688,0.5368619,1995.3281824967328,977.4697902819355,2425.0406811254434,556.7937545248911,4383.806825053212,1981.2543566774273,25.106290338601873,16.11274604163609,19.183791556297937,17.967121940036375,17.847137219527138,18.58362620471044,15.837238174206586,0.07255095963138544,0.07490883312033969,0.037560895,0.019951338,112.34714673913044
genres_original\pop\pop.00080.wav,pop,-44.972015,59.464615,69.765335,28.84047,11.851114,20.173132,8.137467,18.400345,12.62307,14.286172,7.7987547,16.131565,11.307399,11.142199,0.19175656,11.323833,9.630409,10.640456,2.8426688,9.274187,3.8571951,8.699971,-0.8326629,8.024009,2.1378021,9.092289,1.0925359,9.781403,-0.06844649,10.586325,0.64883524,10.301345,-1.4783101,11.37851,3.7229264,10.283215,4.547461,10.876804,4.263485,9.269703,0.3917252,0.42925337,0.52452594,0.38593414,0.3665657,0.43408817,0.44531807,0.5933158,0.43894038,0.41325623,0.41848084,0.36199966,3151.445800513278,911.0488503451962,3220.4070745387885,368.22242790682685,7293.239232113487,1755.4569690306985,26.133053108862345,15.971084037356137,18.60838660204698,18.318890380178267,18.27588240351731,16.231489226746096,15.974118485288512,0.1275974899622678,0.06983669051193582,0.2157003,0.09080833,112.34714673913044
genres_original\pop\pop.00081.wav,pop,-137.73312,62.24853,100.24318,25.013262,14.383045,20.00915,15.403811,18.49705,2.3205364,15.152515,-1.0818114,11.295534,-2.1069717,12.087756,-1.687085,8.916868,-5.311201,11.232407,-1.7847022,10.120052,1.7484086,9.705567,-6.1835394,8.525163,-3.0364275,8.540506,-9.783619,8.407382,-6.6642976,8.723416,-3.9666076,7.28318,-10.177887,7.525148,-2.9706817,9.082899,-3.5730906,6.789782,-0.6477028,6.6905255,0.45028317,0.32295787,0.40935898,0.33059922,0.40708584,0.53632027,0.3541391,0.420666,0.31619075,0.37960815,0.25358328,0.25752127,2246.9998668388666,710.3990174574898,2684.4523036223895,443.3161884340348,5155.910489581318,1723.0171580527137,26.047156196928185,16.13037679620362,18.820670230310387,16.626647369128168,17.059449289884757,18.3810477559454,17.033245781196463,0.08601724252612229,0.04229347117417399,0.09215401,0.03490546,143.5546875
genres_original\pop\pop.00082.wav,pop,-62.043808,50.00824,64.239815,21.058607,29.874727,13.784273,23.24483,10.125138,16.247189,10.052917,7.4384794,10.171747,8.871021,7.780624,6.4075446,8.177472,7.3948216,7.2818856,3.0163872,7.9664803,1.4878421,6.407523,2.9757109,6.2700014,1.8600913,6.2205896,0.5432621,6.8172693,-0.3301238,6.542362,0.8136625,6.3328013,1.2980131,6.3254714,1.1867973,6.6929207,0.86054564,7.590363,0.09585127,8.063965,0.5785066,0.40591487,0.35519433,0.32312474,0.41065213,0.40948364,0.45907062,0.45565343,0.41991895,0.51727974,0.5831739,0.62762177,3168.3771358678678,791.5148850162831,3341.5360777099304,288.53325049009646,7555.42098006966,1300.3243228805447,22.242738722881683,14.990770181816453,17.899954683778503,17.000192956001655,17.310778654144144,16.59472678298799,14.80063734659376,0.1003391513883514,0.05975121796205029,0.20798877,0.0852514,129.19921875
genres_original\pop\pop.00083.wav,pop,-104.47532,45.6757,86.85541,22.556292,28.76275,18.750906,26.635527,16.74128,8.927457,15.404426,5.6745653,12.39587,7.7592797,9.851664,0.46634582,9.821133,6.6300635,8.800314,6.5633125,9.934541,0.37748337,9.304468,2.1488523,8.152048,-0.019938089,8.534921,-0.36272928,8.253351,1.3109479,8.458962,1.3177943,7.566121,1.9381652,8.226731,1.2264539,8.884522,-0.12414589,9.492927,0.84053755,8.244192,0.3337252,0.29103196,0.24712574,0.43192482,0.2792841,0.28227365,0.198275,0.34563553,0.31663287,0.23180524,0.36624768,0.25329903,2489.577623717522,742.5360475560685,2941.99075457532,455.07810233348806,5977.07219079552,1743.2647838148318,21.301003690699634,17.409081601602345,21.306601973288252,21.26326556210509,19.41009850951609,17.5119483129854,15.301762645556247,0.08429578657120743,0.04035524591315496,0.14298287,0.04445537,123.046875
genres_original\pop\pop.00084.wav,pop,-112.395996,70.89735,59.759735,48.264946,14.483949,30.28754,19.190071,16.226229,15.127423,17.717081,-3.2115033,15.875929,6.109609,14.147208,-6.668194,12.59938,1.463722,12.687444,-1.187687,11.764972,-1.233045,11.532205,-0.75874156,10.017479,1.884327,10.269611,-0.69078666,8.744263,-2.29969,9.071557,-3.4926953,8.646559,-3.891752,8.016236,-3.3886578,8.920117,-2.4311671,9.718836,-2.089299,9.320379,0.4584203,0.42762658,0.54555196,0.36471382,0.32673672,0.269285,0.33912766,0.4413154,0.41015804,0.5241225,0.40912667,0.39404267,3262.336283566903,1613.3248762755131,3046.9965393068346,688.4888386778695,6827.983712116631,2868.488688603094,21.295826338745393,18.551134946082882,21.561256500555388,20.045642390429453,19.50230849868978,18.586083269022662,16.27133925691682,0.13586614744582043,0.11821614924974304,0.17935272,0.097115465,99.38401442307692
genres_original\pop\pop.00085.wav,pop,-81.77599,84.58857,78.609276,41.179413,-17.260933,33.06412,24.511774,17.362541,8.410555,16.45652,2.1446183,14.083282,5.5200152,14.917074,1.9346675,10.743087,8.799278,11.123784,-0.12229679,9.958933,0.49543995,8.384026,4.6422744,8.022702,2.3893166,8.812605,5.5083528,9.5941725,0.6174306,9.127861,-1.808122,9.115398,2.3056874,9.556821,7.846462,12.2245865,5.0109644,10.188215,-3.3342338,9.620091,0.359207,0.39588463,0.5567908,0.3690751,0.40388182,0.37990677,0.4661452,0.58626896,0.49190265,0.55832446,0.38577157,0.37272474,2516.4589514571976,1023.4275279600389,2465.640306694536,626.4819245306977,5087.48590333543,2122.5874366180988,19.66691737327924,15.609702177482538,18.94310409636513,18.845293370996703,19.667964229912428,19.04898565497778,16.431865372910824,0.1220960115131579,0.07674440495887433,0.19525385,0.06699531,117.45383522727273
genres_original\pop\pop.00086.wav,pop,-50.449287,41.683662,56.41648,18.90541,12.563282,13.112893,11.288339,13.073722,-2.739751,9.411331,1.362813,10.787101,4.5399694,8.833917,-0.96321344,8.716078,2.2894216,8.468237,2.7384725,8.214362,-1.9891648,7.383576,2.5949512,7.300402,-4.0203376,7.002166,0.683096,6.6824565,-1.396714,6.248144,3.325117,7.259326,3.028759,7.7653937,2.6311061,8.2573395,2.0771775,8.013749,1.3595716,7.5576816,0.2464332,0.33226955,0.4221935,0.29745126,0.41530284,0.29503813,0.47763515,0.532326,0.40382862,0.522878,0.3409347,0.36604464,3594.167118271268,722.3497338115999,3170.8583483099096,252.09226320047748,7634.353836106811,1066.9004072330738,20.537559304986758,15.17531512429918,18.38431535909869,18.562613611838337,18.07471707694305,17.733452329972895,15.331888317126598,0.18523244001547987,0.07679396298969991,0.1324763,0.038686164,129.19921875
genres_original\pop\pop.00087.wav,pop,-47.05376,43.489635,55.781746,26.670452,27.617126,20.826622,19.193428,15.309708,15.186063,10.529547,3.1757607,12.735675,5.6275535,9.428787,1.6121148,9.980811,4.148368,9.339195,1.6211523,7.7716517,-1.5870059,8.656077,-3.0055182,6.780392,-7.6369953,8.341306,-3.841529,7.2004986,-8.113685,7.3687286,-3.369737,7.5569882,-2.2721324,7.438697,4.5030904,7.5485554,1.4371147,7.982476,-0.38336545,6.44115,0.25362492,0.3207982,0.5682752,0.36775693,0.30661222,0.25805637,0.3546332,0.5719424,0.3579817,0.34455422,0.26324332,0.2602547,3587.4721810924966,972.5589751764932,3336.2277931206263,331.3178763572155,7947.001945566467,1286.110940691189,23.61657686623934,17.416374335950476,19.144211068728964,19.586467882924314,18.684323347618534,16.66208119987817,15.333863007681094,0.1464783281733746,0.08836463346109234,0.19091529,0.046747196,103.359375
genres_original\pop\pop.00088.wav,pop,-42.68938,89.41025,54.882027,33.37064,17.06182,21.087587,19.76454,18.309032,6.85284,13.992019,2.7781906,16.06058,11.820236,12.533037,1.2058558,11.107811,7.9387155,9.697848,1.138253,9.847017,-4.0712814,8.409517,0.13736184,7.93417,-4.236571,8.378363,-4.4564805,8.322556,-2.5122685,7.6065392,-2.891116,7.1144013,0.61872774,8.391413,0.89942306,7.7581625,2.3103714,8.755998,1.9261038,8.545776,0.36629298,0.43760118,0.5712836,0.44460994,0.4162508,0.402395,0.42824882,0.42743373,0.38598645,0.51196206,0.40563673,0.38040397,3510.9284752203253,1150.70622700234,3148.809837219885,419.0641888904073,7257.397782175164,1946.9433567510525,15.705036798621274,14.487787672063748,18.246376481866864,18.364735685271267,18.56157399867149,18.222798626520145,15.340470433562063,0.17203410712558048,0.1055784682183664,0.23498306,0.13003686,99.38401442307692
genres_original\pop\pop.00089.wav,pop,-47.681934,89.361404,55.53719,34.97943,19.178862,25.197613,24.482962,18.01071,4.0398774,12.876844,1.5440774,16.720034,6.9665008,12.4499035,-1.0461181,11.182172,3.0828686,10.994795,1.7952809,9.158175,-3.0351193,9.958021,1.9345393,9.155626,-4.6785507,9.051362,-2.5212111,8.870328,-0.8627603,9.037879,-2.286899,10.154676,-1.691514,8.559494,-3.232456,7.9192395,2.6129022,9.657627,1.893048,12.305382,0.36995575,0.43096682,0.6150974,0.44911483,0.45393243,0.45747212,0.52362776,0.41709268,0.3586639,0.4569342,0.3673881,0.3452455,3401.2336884828965,1119.578897286797,3070.3590067421464,464.2775865087791,7052.665686828802,1969.8202219663171,18.235581546741802,14.923746734040213,18.259684476332417,18.573926899767926,18.461769297843173,18.699854458835542,16.29482254235014,0.16573822682856038,0.09891643065449823,0.22054978,0.10774679,99.38401442307692
genres_original\pop\pop.00090.wav,pop,-44.723248,43.749863,55.059227,26.195845,27.137182,20.935965,19.50298,15.078904,14.696994,10.796006,3.2040474,12.818872,5.509529,9.480421,1.4237081,9.945263,4.4969788,9.272296,1.3679073,7.711553,-1.6663117,8.648558,-3.5344167,6.737419,-7.9148335,8.311955,-3.532205,7.2088356,-8.198315,7.3733525,-3.3926835,7.287013,-2.6661003,7.4195538,4.2834873,7.5482106,1.3531154,7.8869,-0.16799039,6.4317126,0.2539153,0.32017305,0.56927884,0.36994123,0.30717462,0.2588756,0.35432395,0.57432616,0.3607598,0.3452637,0.26347795,0.26026145,3603.429553551326,967.9418147157721,3334.0083043535483,332.59599416439727,7959.451870283475,1265.7865114742262,25.695111322699326,17.510516945077665,19.52793287279553,19.75674780819917,18.548014373218418,16.320419752221806,15.428249948182224,0.14755995428599072,0.08846918969243606,0.19408727,0.04728341,103.359375
genres_original\pop\pop.00091.wav,pop,-8.406137,55.24053,42.004875,21.486536,8.2976465,24.45601,17.972023,18.168732,14.039091,14.95522,7.345697,15.054895,5.725321,12.853076,-1.8997344,10.243962,4.6036773,10.02886,2.0709262,8.30354,-1.0726748,8.096948,-0.66318256,8.040437,-2.4345152,7.295743,-1.4743019,6.3219237,-3.7601752,7.490646,-1.6542797,7.438698,-2.3765326,8.6748,0.052155107,9.044478,-0.99298966,9.442,-2.6045353,8.120266,0.43278915,0.49211475,0.39425516,0.42924628,0.35764283,0.40607584,0.518855,0.4180603,0.42854634,0.36398208,0.43477523,0.41788736,3696.287748409418,877.7518842986608,3246.71775600717,348.7008362691968,7871.152404218266,1240.9513568123614,20.42269510325654,17.289003191314432,18.699419077927477,17.75119492812749,17.336914435164974,15.455557157644353,14.778438506779858,0.1668300569611068,0.09941433929321998,0.2653083,0.09270406,117.45383522727273
genres_original\pop\pop.00092.wav,pop,-25.935339,56.464516,60.872036,27.549793,6.071953,26.09339,17.717197,15.169332,5.13251,13.3742075,10.431291,11.371493,2.4501173,10.693187,4.9244223,10.019925,8.108929,9.873549,3.8508592,10.2955,-0.18614738,8.754677,7.2528105,7.930067,4.94684,9.27628,0.9169612,8.130527,-2.2947693,7.0346556,1.5526828,6.9558787,0.21936408,8.108069,1.9272803,8.586077,2.3685062,8.139163,5.4341993,8.304424,0.56655896,0.46895176,0.45387915,0.36338863,0.3966712,0.43671525,0.4895079,0.5609152,0.5134157,0.50467795,0.52471626,0.5686625,3271.2458605975758,931.6883723681627,2989.851208660016,473.3480780089569,6883.5083763665825,1696.0407364480402,23.61215688675702,14.694844567047305,16.958744008378325,16.95722609846833,17.95943632151135,16.43326060940254,15.583376296068996,0.14535890939434984,0.07793121615609189,0.22711194,0.091210596,107.666015625
genres_original\pop\pop.00093.wav,pop,-20.228376,35.745377,57.77345,19.209364,16.777649,18.44625,18.249578,11.943985,8.958152,10.375332,14.899964,11.6717615,2.6696353,8.9608555,3.7526221,8.824469,1.1145035,8.549851,1.8456721,7.4320083,-5.9808383,6.9966726,-3.6137545,6.8437643,-3.6554596,7.0848165,0.9081742,8.956872,-0.4759976,8.026016,-0.40367442,7.1846194,-4.619457,7.582656,1.9671378,9.083013,1.5699369,9.391449,0.54384726,8.398264,0.6423624,0.445095,0.4636531,0.41968727,0.32550353,0.38213,0.32457402,0.47023562,0.3596733,0.31916672,0.37937164,0.45136717,3258.8665238179296,626.4220436445214,3144.2281341811336,262.24368591320643,7268.872712787829,975.6342949947621,24.516348941683663,15.169607528209479,19.259742683821855,18.81562847037934,17.264919851009136,16.021831427814536,15.859025710672116,0.1316624691611842,0.05899813120011993,0.24578635,0.08660694,135.99917763157896
genres_original\pop\pop.00094.wav,pop,-42.268806,52.3748,82.17975,29.91365,-2.2469733,19.677118,19.916231,13.866059,13.862176,10.965287,0.8657801,13.30779,7.92098,10.476832,-0.7182551,9.502274,6.8773565,8.06405,-1.9071585,9.043772,-4.6875606,7.8336167,-3.164194,7.9021883,-2.94167,8.13754,3.6025867,9.109435,-0.07809382,7.800751,1.5862794,5.9880238,0.8490444,9.079991,-1.2324394,11.505567,2.5389123,9.47196,0.78024226,7.4140654,0.4003363,0.2611794,0.28420252,0.37108594,0.22010088,0.33733374,0.20660365,0.36284006,0.40698993,0.31776276,0.5383338,0.29041165,2806.432725529733,899.7542289646402,2857.788083353668,527.9872570848191,6102.421432825803,2024.3275756096361,19.360517693894053,18.238178213063534,20.67522800041527,20.68169768370818,19.86157985962698,19.87829683685215,16.369454283370665,0.12854835344910992,0.059247529474173964,0.19856702,0.083767265,151.99908088235293
genres_original\pop\pop.00095.wav,pop,-36.629185,56.409737,73.09261,29.320135,39.12304,22.160992,20.328524,18.22974,12.4935465,13.007394,2.151913,13.456992,11.737693,11.030019,-2.4324148,11.196684,6.6467233,11.270935,3.182791,8.7911825,-5.380571,9.318605,-3.149369,8.800878,-5.77508,8.362704,-7.682376,8.092366,-7.6059957,7.076313,-6.8437,7.8302827,-6.105222,8.469802,-1.5670519,8.53661,2.1235182,8.708997,-1.5718985,9.01524,0.42566073,0.33311906,0.43078575,0.34950224,0.37253097,0.38702944,0.30696934,0.44093814,0.3673668,0.36404258,0.28442648,0.32608882,3046.1865869262933,985.8321226983294,3306.415151404711,443.1230695477843,7384.438680642898,1879.17640534721,22.83755424556484,17.364243203952253,19.356031204020287,20.073744732317202,18.533634887420984,17.03784558239067,15.919804291612463,0.10639353654702012,0.06583206529646518,0.3037274,0.09865164,103.359375
genres_original\pop\pop.00096.wav,pop,-59.09869,58.972076,60.998295,30.391306,27.75064,24.983076,23.867935,18.907248,12.298356,13.260621,7.3722224,12.960728,12.321168,10.157805,7.1516924,11.357309,13.415489,9.142634,2.4857318,8.392098,-1.9674118,8.795139,-2.4141188,8.036196,-4.519556,10.012954,3.4697351,11.367634,2.0349872,10.514123,3.7280085,13.137636,2.4979272,10.982613,1.2848573,10.351434,3.1396012,11.297686,1.6590124,10.528422,0.28882125,0.2758774,0.32053766,0.32809716,0.3240714,0.4438685,0.39125642,0.34348777,0.26368707,0.35071477,0.45917434,0.29045478,3126.3938966039664,1137.9887592829612,3162.6817626437364,447.0133938087716,6931.116421820579,1956.061194968397,24.62628114282098,19.052887528480753,21.775400474444975,21.419044819165915,19.482750193123124,17.69574729324727,15.514836612988075,0.10534554590750773,0.06440893787505508,0.25115368,0.06999668,92.28515625
genres_original\pop\pop.00097.wav,pop,-125.53952,73.49762,51.196957,34.00556,38.517105,33.58128,14.491696,22.16994,16.232538,16.51214,4.642958,14.833392,12.308261,14.79433,1.1730317,13.25966,1.7245497,9.407231,9.770825,10.808727,-2.822416,9.272698,2.07893,9.1399555,0.85300976,8.270905,-0.50384986,7.4203005,1.3426533,7.490239,-0.8620617,8.206216,0.48488247,8.383101,4.129414,8.512763,1.749743,8.644495,8.2345915,10.85382,0.44630596,0.424164,0.49133787,0.42175874,0.44022325,0.42211607,0.40637434,0.50624096,0.54250497,0.59320766,0.47701782,0.43239185,3510.042356894514,1511.7661482951257,3310.2784279907473,421.3931230130348,7587.437453137094,2068.593969900478,20.575548354553444,16.024681321521655,18.10434335648782,17.637210243958204,17.67559219292495,17.72539892299327,14.903832944928991,0.13724822525638544,0.14166575104819387,0.20417361,0.1400683,99.38401442307692
genres_original\pop\pop.00098.wav,pop,-26.93658,66.547066,46.71037,24.287046,8.7081785,23.492336,8.604124,19.003365,6.086184,11.044224,12.42523,12.229628,6.958877,12.219382,2.506842,11.645808,1.159301,11.426617,7.25731,9.012418,-3.1307194,10.2274,1.2537664,9.494127,3.838255,10.754309,4.690354,10.054538,1.7137886,11.105569,-0.9803975,9.591424,-1.3044108,9.627749,-2.6919029,8.944666,-1.2717874,8.816817,-2.4849613,10.111669,0.48647088,0.3653307,0.42045724,0.3942782,0.42743275,0.27212825,0.30018485,0.4170265,0.3885239,0.46039793,0.382242,0.477619,3634.106563927481,820.1911985984315,3134.284751630451,312.9876737331477,7534.996103576093,1169.8543386347537,20.439133726590484,15.538885415317964,18.365774172722258,18.54165794796001,19.05926988795395,18.022538895522107,15.947825565463141,0.18310584667666407,0.088114889256061,0.21293947,0.07502681,117.45383522727273
genres_original\pop\pop.00099.wav,pop,-119.34646,67.55061,85.94366,26.239353,33.886932,21.38457,9.992517,13.475892,17.70141,11.026413,0.51905257,14.622502,9.565489,11.424295,-5.299009,13.402918,4.170094,9.898433,8.122251,9.893081,-7.9776335,10.140719,1.5659164,8.330488,-2.933183,7.619242,-1.6069088,7.475666,-0.19922556,8.197813,-2.4307656,7.3709865,1.2062727,8.336176,5.8464403,11.328529,1.6082752,11.168813,7.58336,10.936997,0.35514557,0.38676244,0.28128922,0.30975726,0.41917926,0.29303566,0.3584456,0.3345261,0.4340888,0.3701817,0.33766863,0.44631302,2765.6481348893653,916.7970203860294,3222.6973193873114,417.43249967127633,6873.341771175987,1970.7459690396138,20.30673343338253,17.097161096260923,20.457194603684176,19.643019186051028,20.150963247249987,20.104811385409185,15.884108840893894,0.09601491449787151,0.06038996347141779,0.13814604,0.0503288,78.30255681818181
genres_original\reggae\reggae.00000.wav,reggae,-159.4762,57.44624,104.848114,19.543415,-10.300141,22.167006,34.656025,16.802273,-4.9666266,12.636354,26.805262,11.366102,-21.953398,11.649114,23.45208,10.26709,-14.029752,9.367115,19.586172,10.263371,-8.298798,9.917136,9.717497,10.637546,-10.065848,9.811887,1.4203504,7.86909,-6.50298,8.79731,1.0738481,8.2,-9.21135,9.433476,3.2851348,8.684373,-0.76430553,9.3047285,3.762076,10.20959,0.25256783,0.44534543,0.32408687,0.24812546,0.4122527,0.37136188,0.42026606,0.2714696,0.30114,0.38419053,0.2658873,0.24984694,2133.437132679841,525.8420492003531,2289.9243153801012,361.77071633604334,4801.820964045569,1383.3045555775163,25.981174969659666,15.983244089408382,20.83274872528163,19.799485173057718,21.02864447823158,19.52626981329364,40.65548545245508,0.09781082200561146,0.03579468036068824,0.09414241,0.042095684,123.046875
genres_original\reggae\reggae.00001.wav,reggae,-190.91765,54.289444,127.40976,27.926025,-3.7634394,20.739235,26.71416,11.38434,-12.804948,11.202205,23.93683,8.805427,-8.225953,9.735061,9.973004,10.677637,-12.2330675,8.942632,13.443713,8.892957,-7.079032,8.735717,1.6518703,7.9871516,-14.517787,7.533698,-3.2188597,8.514991,-10.451735,7.6619253,-3.4889703,6.9878397,-9.745509,7.213806,-3.9056628,7.761217,-7.6496854,7.926372,-3.5429673,7.448299,0.3915726,0.5065359,0.2514881,0.18526821,0.22217198,0.4464698,0.39248183,0.39863616,0.579461,0.30946037,0.27299473,0.23159617,1638.9674121345956,639.8554885028834,1995.4037341423593,462.44350015398885,3575.111715121904,1645.9205779754832,29.541610334305467,17.343161299430626,17.224988205770575,18.480587722923698,19.121922770959504,17.58401769859105,36.00016632881407,0.06396144241002322,0.036835097891346,0.08202816,0.040169694,151.99908088235293
genres_original\reggae\reggae.00002.wav,reggae,-189.03758,79.614685,110.847466,26.81653,2.9524722,25.145855,48.38527,17.913008,-6.4148865,13.849787,20.739729,15.606926,-12.550731,12.989926,15.891012,11.889963,-13.612208,11.420591,9.429014,11.249466,-8.036865,9.365616,8.099243,9.451798,-10.633535,10.105441,-2.542347,10.415137,-4.712573,7.871559,-1.0250477,7.7536407,-3.2118282,9.389412,2.6939583,9.6439495,-3.9863687,7.537565,2.8767805,8.480173,0.3842525,0.37568328,0.44579747,0.3491108,0.4444307,0.39800218,0.4717327,0.36463192,0.24933991,0.2322988,0.3047311,0.52214444,1797.298466871339,653.6927354423229,2103.079588509662,390.800709900762,3926.451257286426,1600.9165890978068,26.066836601250728,14.127849443858953,18.75852247147404,17.43696301277117,18.81754745313769,17.515215589789296,38.235209963898946,0.07512652984713622,0.04207189472459372,0.092480436,0.04284489,103.359375
genres_original\reggae\reggae.00003.wav,reggae,-201.14635,73.91918,104.14866,33.57895,-15.473289,27.634638,30.804382,17.736382,14.2523155,17.306147,31.42222,14.770944,-7.8675566,15.0063505,17.963144,13.770473,-4.0559983,10.724529,16.943935,10.016441,-11.217154,10.195489,12.121105,9.701809,-5.287185,9.615592,-0.686693,10.532212,-1.3800302,8.903572,3.932362,8.876927,-5.861718,8.215485,1.0428141,8.233598,-2.9809184,8.817557,-1.3651696,9.784993,0.31082872,0.46444693,0.42066714,0.3622034,0.5141998,0.42493564,0.38030303,0.2760726,0.3403653,0.47971663,0.36656287,0.35581887,1924.062787400072,830.2872676958028,2107.849824229109,551.6628291881524,4154.89154260594,1950.3443833361296,26.267283329902703,16.67672129502222,19.927265965710966,19.172285463182366,21.679776637008914,20.132632721582258,37.776392847795606,0.08493448263351393,0.06347003014835992,0.094160885,0.04642554,143.5546875
genres_original\reggae\reggae.00004.wav,reggae,-175.64171,83.98261,104.896675,29.60338,-15.691055,23.650698,27.549057,19.392006,-8.112591,15.620262,24.010681,14.10279,-10.335524,16.009117,18.850737,13.67945,-8.387437,13.580803,11.847504,12.62014,-7.5933056,11.604511,12.554909,11.233837,-6.044676,9.770432,2.4995797,10.774712,1.9082942,9.204861,7.1437817,9.169251,-3.3788843,9.32724,12.449428,9.661757,-3.339354,8.417544,0.75244975,9.460772,0.3542006,0.48608196,0.33200237,0.2905468,0.41023117,0.36805707,0.4159714,0.37930292,0.48801297,0.5612694,0.3910944,0.34562388,2009.3766964303297,701.20913309226,2140.9098581701205,423.96814801342236,4303.540643745163,1550.683676887082,25.42465869848882,16.33425591585666,20.264318846525132,18.857329217782567,19.578173173889226,18.323391129644904,37.74133388729343,0.08446849905669504,0.04918898307252047,0.10106945,0.05232611,123.046875
genres_original\reggae\reggae.00005.wav,reggae,-176.69528,73.52381,116.83858,28.4603,-21.32323,23.116747,38.76649,15.649288,-5.471619,18.877062,26.622395,13.599817,-8.185519,13.675996,15.780884,10.237658,-10.489778,10.568616,11.041742,10.87732,-10.061267,9.14453,9.915605,9.204191,-3.2601383,9.336797,2.8171873,8.703682,-2.5358472,8.798265,-1.4068649,9.319803,-9.888324,9.417654,3.077434,9.827905,-0.2820032,9.507109,1.9877512,9.039915,0.46707,0.37545758,0.40642837,0.48739576,0.38573667,0.3436494,0.35308677,0.48682198,0.25760946,0.20953095,0.28239504,0.320168,1798.6538836861723,628.4963341266171,1964.025053822455,398.68183415231505,3797.0103733310757,1407.3667864724493,28.22596507762652,15.7076804404118,19.615398303082006,18.4694929114159,18.046702063886148,18.28237355704011,37.358025149799985,0.07305095660797213,0.04155342918074895,0.1003339,0.050014418,161.4990234375
genres_original\reggae\reggae.00006.wav,reggae,-207.34694,71.95504,134.66907,33.263268,-9.072054,26.917807,38.461567,20.662737,6.2944055,19.95485,22.612717,13.584485,-8.297777,17.714527,16.307375,12.317659,-8.460724,11.017837,4.1607494,11.835188,-4.351009,10.534742,6.347874,9.60855,-6.9025645,9.364231,0.95777595,7.95147,-0.9435607,8.211398,-2.5334957,8.081419,-6.108428,8.100027,2.4835787,8.07879,-6.1686316,8.56516,-4.584958,6.497325,0.33880392,0.50477105,0.43150437,0.3243925,0.37427485,0.25296962,0.268519,0.22439793,0.3561894,0.41326475,0.28877696,0.33133084,1418.2807056387026,739.0556343102762,1704.9426029358353,496.7370659972816,2881.0659119219235,1614.9481744841119,29.405469707667002,16.809703588826263,20.292862719301976,19.542672949783714,18.697251841026787,17.65551352909963,34.87202548885361,0.060822383538119196,0.05101173401405865,0.10510129,0.050817244,75.99954044117646
genres_original\reggae\reggae.00007.wav,reggae,-192.26953,70.8992,116.49671,25.799955,-10.948332,26.942112,29.89508,20.428066,-0.6437028,18.551744,21.415997,11.947806,-11.890398,20.070549,18.631174,12.477192,-13.072374,12.627946,14.453672,12.103233,-7.3830023,11.798382,4.8242874,10.385796,-2.8118994,10.729826,3.11156,9.265068,-1.6245098,8.539777,-2.3962562,9.837371,-6.515826,9.4031,-1.4116211,7.6268897,-5.53472,8.385783,-2.54705,9.274637,0.41210306,0.35843426,0.4703191,0.41286817,0.35298914,0.47796696,0.3472671,0.30343965,0.28608268,0.34972605,0.4808791,0.3799239,1754.296876028464,676.2418969658652,2026.1579061758764,459.2464262862944,3769.0188759251646,1710.6166830488605,26.09845908251366,15.854357837773989,20.76534488121395,19.50877444179288,19.893826955641938,18.506934254929593,37.71965814451727,0.07391149562209752,0.044730506407744765,0.09057761,0.03905056,151.99908088235293
genres_original\reggae\reggae.00008.wav,reggae,-194.59451,76.894936,118.551735,33.72074,-6.4070854,24.331434,40.793236,22.474861,-3.289793,17.969364,25.464678,12.3280115,-9.305264,15.336753,11.397985,12.792352,-6.1488485,14.186338,15.341208,11.301659,-5.1579056,10.27188,5.756854,9.137056,-6.2863235,10.233524,5.865663,10.3036375,-2.8015068,11.422194,2.5843728,8.7031355,-4.748822,8.968411,4.527494,9.431663,-3.1933517,9.305865,-0.320506,10.168597,0.35976568,0.41646776,0.5447911,0.4196763,0.28389025,0.29313758,0.33239505,0.42939612,0.2903607,0.3550527,0.38071,0.31922588,1691.9918927541441,706.5910589523847,1963.687005967221,459.80222002039625,3657.736215502854,1639.8896023080738,27.73407059934125,16.699118383426036,20.625180985536222,19.10327451450868,20.41387530776897,19.795545605488723,36.05858638783639,0.06947274695239938,0.045968972309658976,0.10185106,0.047887698,95.703125
genres_original\reggae\reggae.00009.wav,reggae,-232.59302,80.03519,131.23955,36.609077,2.662842,24.731565,18.392391,17.375713,11.315527,17.56961,22.94038,15.980234,-10.487954,16.42072,16.763712,12.78523,-15.250354,13.114861,15.54302,11.66689,-8.380157,11.534479,8.023414,9.968343,-3.7811055,9.918809,3.1112142,9.221435,-1.4120816,8.3072405,3.2603438,8.41052,-4.1057906,8.296211,2.9342403,7.256981,0.3832841,7.8313947,0.012208401,7.938723,0.5171132,0.44506547,0.35605878,0.41752923,0.30412406,0.27895752,0.2392707,0.38553667,0.48202014,0.4087477,0.3855474,0.37587804,1609.7558037303513,1026.2325671602312,1990.2806356947428,617.337981307374,3270.7802220394738,2218.0958591574217,24.25569780836381,15.878092865088252,20.283419210502185,18.434792134604656,20.363866250290947,18.58570525253484,36.39314437776816,0.06057597535313467,0.04951183818621845,0.08663683,0.04325848,161.4990234375
genres_original\reggae\reggae.00010.wav,reggae,-233.61296,70.68214,87.49833,30.409542,-22.208412,20.11359,52.046257,18.57143,-8.596837,20.34332,24.979408,10.129725,-18.240002,18.138481,1.8987337,10.66179,-9.137019,10.457409,-0.22734651,9.238912,-17.065609,10.102763,-3.0177414,9.281795,-9.790682,9.307133,-8.786684,7.946996,-7.723598,8.075295,-2.1792305,8.341578,-13.649117,10.587912,-6.4862905,6.874307,-9.148553,8.663534,-12.729436,7.944562,0.31722537,0.28681484,0.38844216,0.2770606,0.23624828,0.17646787,0.20828618,0.3868187,0.30192757,0.327307,0.26467645,0.36803833,2149.774868195447,836.3917055027447,2037.0132045310895,361.3772558910382,4427.873225256385,1373.1194756449731,28.898049764666336,20.645641987838555,24.866593052162226,22.31858629471025,22.856363334576837,21.212043230428893,36.717977887518906,0.10279038373161764,0.07014406672519193,0.061662752,0.041984536,117.45383522727273
genres_original\reggae\reggae.00011.wav,reggae,-198.6328,69.82245,102.41358,22.857037,-10.031449,25.073044,30.802383,17.655514,-3.3106058,15.686373,20.276924,12.100144,-5.6373734,12.116553,28.09563,10.646369,-11.512123,9.615289,18.202066,9.288545,-7.3657823,8.801789,12.278468,8.849417,-4.3605094,8.292119,11.4029665,8.187193,-3.4694695,8.434873,2.0161314,7.5353317,-6.987337,8.530016,1.1139208,8.004199,-1.4947574,8.802957,1.9552053,8.18856,0.47123292,0.4066967,0.53403884,0.4532313,0.4799987,0.32311094,0.36767313,0.37951893,0.33306867,0.3859037,0.39720446,0.49033633,1995.6005146508553,545.0741464630041,2295.4662396097137,361.2645079523056,4557.697440227119,1409.7378812637944,22.09190984994488,16.002733631415374,19.443462435246207,18.893499251150583,17.882209966507908,17.50127754461824,38.07030407017601,0.07032270401993033,0.03830244686763856,0.07841224,0.042676162,123.046875
genres_original\reggae\reggae.00012.wav,reggae,-191.17174,72.85303,96.340126,31.431581,-17.656992,26.020908,24.872456,21.617496,-0.87806803,19.009548,26.34468,15.704109,-12.918912,16.971542,19.642458,14.812453,-9.785497,11.563431,16.977057,10.326155,-8.600344,10.645118,11.42141,9.67559,-8.215002,9.649078,5.9677954,10.006848,-1.8638287,7.762859,5.9602714,7.668952,-8.060111,7.967424,3.3991616,8.731896,-2.631839,8.714776,-0.79887515,7.6260138,0.44543472,0.38561106,0.34838328,0.3616072,0.49306837,0.39485258,0.36603767,0.49756005,0.5014932,0.5755547,0.38978195,0.36901003,2300.052918757483,952.2549798855358,2303.614904048929,485.2967169538616,4920.020249310662,1835.9682508703388,24.437100547872088,14.8120596517777,18.307709851349262,17.97621526265701,18.4859024257597,17.89172075704878,38.636290907361676,0.1137952302631579,0.08840022252356414,0.075578645,0.042568274,129.19921875
genres_original\reggae\reggae.00013.wav,reggae,-206.49236,80.26114,122.64486,30.435024,-0.6156089,29.32755,29.371662,16.715025,10.252774,18.063194,28.223461,13.845477,-9.921397,15.647547,13.379462,12.387285,-8.442613,12.137276,11.284243,14.031379,-7.2747073,11.35216,7.0825186,10.277169,-10.333574,10.783051,1.9441689,9.503107,-6.532225,11.2057085,-0.21489081,9.943156,-7.5406556,9.848377,0.41365632,8.994432,-1.6585842,9.685995,-0.16716003,11.036978,0.31521323,0.3862232,0.5013997,0.38106316,0.4076849,0.38614914,0.44240355,0.3153112,0.28300396,0.30716938,0.28019932,0.34028995,1606.560170615499,794.6074196601013,1974.1980410601207,551.7224944586821,3432.80424230239,1942.4049622345265,26.445977698898034,15.835349527488155,19.44019286586316,19.03597856151574,20.27538161342032,19.14318848105377,37.36563338348974,0.07054114563177244,0.05929702345633586,0.11165976,0.051021628,123.046875
genres_original\reggae\reggae.00014.wav,reggae,-209.72826,81.99923,105.235115,36.137238,2.5971053,28.509645,34.90691,20.103964,15.330765,18.70345,25.211895,13.570322,-6.0549407,17.106848,18.222582,14.683523,-5.076517,14.453991,8.924583,11.243632,-0.99670994,11.157993,8.245265,9.520322,-4.022234,9.8440485,4.729955,8.65688,-1.0536169,9.71095,3.0564935,8.130743,-4.5925846,8.522699,4.248057,7.9490824,-2.1156552,7.1281157,-3.6582186,9.4763775,0.41001472,0.33515373,0.35355267,0.34619784,0.42625356,0.32851255,0.3048579,0.3908162,0.46842593,0.59312975,0.41216248,0.3708028,1716.1117225999903,959.423985220608,2062.7631931396586,598.78673806332,3791.193741836784,2176.192733961067,18.221634223185063,17.69677997796833,20.53359483733023,19.478416070731498,19.859170984522518,18.599786499612275,36.38126289238671,0.06411563648897059,0.05822072335346724,0.11409616,0.06342325,129.19921875
genres_original\reggae\reggae.00015.wav,reggae,-157.72598,62.134895,109.83527,29.063192,8.463048,22.807375,41.79172,16.599201,5.113608,14.19953,25.760815,13.9196415,-12.964588,13.700434,22.066961,11.061133,-15.514671,11.176078,14.372681,11.576603,-11.921099,8.917394,11.602116,9.246172,-10.626172,8.549434,4.125749,8.464656,-4.051512,8.969308,3.4704802,8.237582,-8.407583,7.6351185,1.7806472,7.404099,-5.242628,7.4892926,-1.4668233,8.932632,0.32888266,0.3455565,0.44720683,0.41850606,0.32901996,0.4148731,0.3091355,0.32116085,0.28525388,0.30162573,0.44830143,0.35412067,1923.7123234958624,814.6537902095738,2314.4489640605225,521.7021200089058,4493.747826921682,1965.473761478321,18.809108135682393,16.55148876594921,19.533937101266513,18.83704392361417,18.623898583096878,17.755161864645746,40.58906519330713,0.06821916420762383,0.04309297372704605,0.13193196,0.05458763,129.19921875
genres_original\reggae\reggae.00016.wav,reggae,-76.048325,61.589226,101.127174,17.499205,-11.631933,20.722204,46.232918,11.669187,-11.2169285,8.7923,31.394114,8.702267,-9.462058,9.219526,22.460752,7.420934,-16.815596,7.500181,15.975832,7.8716745,-9.508244,7.3312573,11.812327,7.2296576,-7.8450184,6.808554,9.720803,6.1020994,-7.2474904,6.2457104,6.17486,6.437391,-8.610062,7.5374117,8.070505,8.113803,-5.5852027,7.6883593,3.7330098,6.930441,0.4721775,0.48104623,0.51015204,0.38702202,0.4097581,0.36335036,0.41980773,0.28892523,0.32970348,0.37497473,0.39419928,0.6031355,2118.326028871005,474.55916233784166,2302.856387031626,286.5471522513662,4852.278992266109,1043.0519668200411,20.834522290665255,15.955142120129562,18.42696547796931,18.543255186291848,18.650751681228527,17.75982145802978,42.04420957796353,0.07927087364551083,0.03588569373134594,0.18559653,0.0487323,143.5546875
genres_original\reggae\reggae.00017.wav,reggae,-154.8781,68.32787,110.041916,37.387165,-18.444855,24.625887,36.64433,18.527454,0.5231586,20.655127,31.586283,13.735362,-10.428807,17.954874,18.81091,11.66264,-7.1827836,14.965903,13.130121,11.595825,-5.251168,11.365355,8.890394,9.416307,-6.718359,10.993164,6.009432,9.908146,-2.8002794,9.112642,3.6374125,8.007191,-2.2208931,9.957944,5.30364,7.989599,-6.5800447,7.906758,-2.9349852,8.207758,0.41193458,0.4435758,0.36654556,0.30407196,0.41278914,0.35661164,0.4717172,0.41038725,0.46190688,0.51204735,0.46254185,0.49729726,1803.5661063308744,812.0345431879219,1972.8008640329194,449.034179883965,3777.985488371952,1621.5186030809757,18.899943671254896,15.589995622450983,20.031956374312358,19.002347096270988,21.102980046029607,18.309359152911526,38.71650352010311,0.07796513702109133,0.05959570950443023,0.13965924,0.059971727,129.19921875
genres_original\reggae\reggae.00018.wav,reggae,-170.9219,71.68163,107.74946,31.161776,-1.7545521,23.32674,46.44016,15.133688,-0.19604662,18.565159,24.946035,13.678575,-10.681297,14.136491,18.073284,10.936794,-10.796638,12.872545,11.152105,10.599049,-7.252452,10.825948,6.2031083,9.590996,-6.4640956,9.920986,2.0463724,9.224736,-2.440874,7.908178,2.5579057,7.5837445,-4.042342,6.9654193,0.79381174,7.1847563,-3.7560382,7.7473087,-1.6679436,6.3233614,0.4150967,0.36234686,0.41755283,0.394912,0.44175074,0.41198537,0.31761545,0.31300646,0.33285895,0.52951485,0.42128554,0.3771117,1907.381884489025,868.3066543658438,2124.3866543657846,503.6021794928056,4220.232814162878,1906.129904808793,17.53235374615977,14.907016304348351,18.58960637115295,16.473974211013783,17.691109252203837,16.808345007966924,38.61785955068216,0.07739862495162539,0.05845871678912975,0.10636914,0.05186345,151.99908088235293
genres_original\reggae\reggae.00019.wav,reggae,-184.51595,92.13808,106.18037,34.65552,4.0202484,28.459991,38.737698,16.612595,8.408315,23.556368,30.45933,12.368804,-3.3555884,19.47851,20.299545,11.401657,-1.5513799,12.894393,15.922177,9.799732,-6.5210133,10.174272,13.197271,9.387107,-1.7158338,10.346053,6.852844,11.469981,-3.2387495,8.633396,1.8637657,8.227417,-6.049035,8.422943,3.5135026,7.6266365,-7.414122,9.127479,-1.7434583,7.735954,0.44407317,0.486808,0.38907337,0.283821,0.29641455,0.38433474,0.3290444,0.31055343,0.3935071,0.4124048,0.49296272,0.5036236,1754.5284525268162,955.9632528965838,2068.6260106561263,582.5606632886586,3841.8934352626743,2114.444714340454,18.839564239202165,17.059418857034007,20.147005720191974,20.377272747867803,20.955889925573096,18.57545850487547,38.56273404969472,0.07129926651993033,0.06445115865730949,0.13875468,0.06816056,143.5546875
genres_original\reggae\reggae.00020.wav,reggae,-177.68387,77.68805,113.61754,28.768337,2.3168924,22.29452,35.842815,18.348347,1.5947573,16.169128,34.69798,12.357512,-8.75585,16.221733,16.296055,12.963264,-9.33526,13.417856,14.175699,11.198152,-2.0734396,12.284769,13.142423,11.467374,-7.2475615,11.327326,3.5860155,9.513617,-0.5792335,8.685482,4.835953,8.926634,-3.5922883,10.25983,3.772936,7.4741383,-4.3120465,9.468852,-1.1142004,7.9155083,0.33245614,0.33443984,0.5401888,0.43443978,0.4175759,0.3307755,0.3442007,0.3941504,0.31446606,0.31715515,0.30380443,0.3875524,1637.9263684990153,758.2777098388543,2045.935705112621,457.30523408220114,3596.253253948578,1820.6050719682084,20.137751373784972,16.513079369344382,21.637776930329153,20.101804447409894,20.2235104462299,17.897922628043823,38.336624901831755,0.05678045786571207,0.04789884175603162,0.13927479,0.05313525,129.19921875
genres_original\reggae\reggae.00021.wav,reggae,-88.0909,38.995277,109.416725,21.043737,-25.173023,17.716433,40.403038,12.394756,-8.781224,11.6407585,24.709513,12.198535,-11.537566,12.172414,18.499166,8.76751,-8.2953205,8.941944,17.03021,7.984633,-8.444006,8.625374,9.80278,7.086171,-12.90077,7.3440804,1.572021,7.404782,-10.528803,6.804419,-0.43553224,6.695705,-7.793019,6.8537045,3.4446898,6.540631,-4.9788017,8.376791,0.058966953,7.479845,0.38086513,0.35730362,0.46532437,0.3827891,0.40719047,0.39690492,0.4395722,0.4995943,0.36837265,0.35740736,0.28410387,0.34102714,2007.3726579716613,524.614917419342,2120.535241338683,317.8556514908786,4324.615516308291,1137.4100521402834,15.632467648497514,15.372052333591093,17.262254496764747,17.55953146108891,17.503115809084097,17.590929426713313,40.530770572147624,0.09286754123935759,0.039902825540715704,0.15503213,0.06251937,151.99908088235293
genres_original\reggae\reggae.00022.wav,reggae,-91.33977,55.248653,98.830605,21.692743,-23.198654,18.170856,46.879734,15.179002,-6.857409,10.567939,29.266338,11.150141,-9.967306,10.721276,25.659388,8.621003,-10.211893,8.462172,19.611229,9.588784,-8.21838,8.55943,13.407227,7.1445894,-6.499761,8.15105,14.019779,6.615779,0.4112348,8.342882,12.5813265,5.8194566,0.3452066,7.235408,10.107013,6.1499805,-0.43188742,6.9262815,1.2852144,7.8263817,0.45943525,0.53488064,0.46977645,0.41539395,0.45319274,0.40312567,0.3855864,0.37312555,0.45663357,0.55504924,0.4712409,0.48768848,2059.358899258583,493.25667142180623,2227.0664146910763,312.8717576755523,4552.972468798374,1119.4960579600322,19.81113053381213,15.425523409633247,18.470230625344218,17.896231645367084,18.044246773215885,17.08436346098138,41.524014558142824,0.0723423441128096,0.03569558494854113,0.18218318,0.046521153,151.99908088235293
genres_original\reggae\reggae.00023.wav,reggae,-161.81602,70.07312,78.712814,30.722244,-19.275562,19.571104,55.11339,16.013895,13.201412,14.476844,30.957823,12.2300005,-7.0246754,13.301794,24.269943,9.997947,-12.833858,11.920069,21.512705,11.15553,-13.528581,8.951412,12.772056,7.8756657,-7.4467325,8.223127,12.766994,8.015345,-3.334874,7.5500755,9.13467,7.4812202,-7.752736,7.376274,0.64107597,7.87036,-4.0955224,8.142917,0.50137204,10.491752,0.31991747,0.36487305,0.4150711,0.499159,0.35873052,0.37993667,0.45269427,0.40035048,0.45421073,0.5083177,0.56262165,0.42584828,2354.2710703063417,859.5887613581738,2335.8578871015516,366.99467137526784,5048.41113961518,1601.6671620048176,18.709546261640703,14.709525586047231,18.00901603048049,18.593527925837343,18.297662541585343,18.539180425674697,40.57819101036522,0.1202902779121517,0.09112250223852493,0.1078041,0.0524487,129.19921875
genres_original\reggae\reggae.00024.wav,reggae,-169.24367,76.76116,110.447716,34.8729,-8.553957,22.23799,43.898693,18.108244,0.26645383,15.674194,26.646511,11.998334,-14.365674,16.124859,13.026835,11.390905,-11.142897,12.906303,8.144701,10.958412,-7.6902556,10.152738,10.90997,8.84172,-8.172387,9.602098,2.804638,9.550879,-6.414233,8.581098,1.1023636,8.543813,-4.2614355,10.386978,4.327076,10.810783,-3.4582474,9.219695,1.2084929,9.4353695,0.4121893,0.33338818,0.38963577,0.370349,0.30893686,0.38676307,0.28832594,0.32933503,0.24285884,0.2975169,0.42281416,0.4019454,1811.3582154873113,810.1451025407117,2019.252686033872,442.3234252502807,3854.901689936871,1697.9631337259036,19.96587006671645,17.05283596764842,21.116835174757767,19.30740723035748,20.557111804339808,18.603701227327768,38.321538003326104,0.0721775680872678,0.05171073026795023,0.12365177,0.053080305,135.99917763157896
genres_original\reggae\reggae.00025.wav,reggae,-177.34091,90.30092,110.98353,31.679882,-15.655527,31.575394,36.77763,17.347267,0.06121845,19.04671,24.468962,13.633293,-3.7678869,16.28672,18.426622,13.589874,-3.3727522,14.338096,13.775833,10.3158245,-2.107058,9.607918,8.59365,9.754894,-5.94512,10.273202,2.9016984,8.799196,-5.276313,9.325435,-3.0622096,9.626973,-6.2044888,8.985134,2.0515823,9.178565,-0.9910093,7.879323,2.3013546,9.874729,0.3645667,0.29946345,0.41703564,0.36632818,0.44431904,0.3818957,0.32423514,0.42624024,0.3665162,0.33390412,0.27150863,0.35385776,1709.035434254376,774.6447834637474,1899.219994351967,521.5661805778602,3582.7866687125097,1760.6668154924982,20.63473916094894,17.651567949713062,21.069426102135978,19.98077606048744,20.40948956891656,18.67207355844673,37.14229443046339,0.07374974300986842,0.051299621555574666,0.1267832,0.05457451,123.046875
genres_original\reggae\reggae.00026.wav,reggae,-171.67456,85.864944,99.35704,30.394485,-8.266292,25.436394,49.604023,19.854372,1.0877643,19.57678,31.122862,13.568796,-7.1348906,14.917634,15.888202,11.706417,-1.36541,13.5219755,12.733199,12.246623,-5.1999,11.084176,11.8099785,10.322798,-5.3254657,10.080655,3.1670113,10.08505,-6.69428,8.792194,0.026681682,8.443331,-7.726803,11.482387,6.69701,10.955788,-3.7591057,9.52088,-1.7928301,9.999058,0.39167637,0.38565725,0.41640243,0.37030053,0.47363675,0.42309335,0.46514627,0.40625322,0.29695114,0.3133181,0.361783,0.528366,1840.8054757537864,771.2713640112637,2054.3627295419165,479.4984609387298,4007.0841030439724,1725.73879656926,19.604322335612693,15.965519729986793,20.352433183177688,20.018998350779587,20.812171016077013,19.395993192753192,38.18089394182376,0.07455850607101393,0.047762171574204,0.13427873,0.059198074,135.99917763157896
genres_original\reggae\reggae.00027.wav,reggae,-177.61339,83.23368,89.9523,31.85312,4.605283,27.255379,40.16279,23.16176,0.16708148,17.69731,23.182535,13.971967,-9.905035,15.250513,12.762709,12.197412,-7.308214,11.940358,18.732483,11.527488,-5.735256,11.320279,6.114346,10.835125,-9.921317,10.134181,0.27476907,10.117082,-8.231639,9.369089,3.866412,9.08038,-6.866093,8.988583,2.1783082,7.333332,-2.3552928,9.110043,1.8247569,7.8503776,0.47791818,0.39064008,0.35972,0.3308041,0.45201048,0.45793563,0.38987914,0.46297917,0.3791353,0.34752733,0.35001558,0.446243,2086.531502835946,911.3283014863946,2317.960538492454,492.29894748521076,4678.97170689822,1889.7224982340838,18.811068849908,15.833284262438976,19.73396267515801,18.702380291285273,18.80012168186101,17.679704626443282,38.795379402305024,0.08737815644349846,0.07514190382036555,0.12768055,0.071653925,135.99917763157896
genres_original\reggae\reggae.00028.wav,reggae,-256.31827,95.21336,104.26258,34.32309,-7.273195,31.356794,56.246433,16.11991,11.097317,26.19011,27.300398,13.6820345,5.819084,13.378209,17.783636,9.835362,-1.2736737,10.444872,14.663482,9.394567,-3.4646602,8.645387,10.868228,7.240448,-2.461492,8.176449,1.5637313,6.7492995,-3.7310221,7.491674,-1.3596017,6.3408504,-4.2055964,6.2504706,1.3962828,6.600667,-0.2764057,6.8295517,-1.6045073,6.9166903,0.43347102,0.5000921,0.45309657,0.50502557,0.4726716,0.46932322,0.47347105,0.51659346,0.6500257,0.51534516,0.46347168,0.39506763,1640.0485302065747,891.7748577963979,1906.2950902164441,470.143785140082,3494.9705330580014,1770.003232535659,27.90865016142164,16.298171667980913,17.188031122369427,16.79585864367319,16.560227573632226,17.83253829192805,33.87124782621917,0.06783783620356038,0.06378219731575013,0.07285961,0.041966025,78.30255681818181
genres_original\reggae\reggae.00029.wav,reggae,-202.0222,77.646416,111.094864,20.075878,8.876879,31.031076,51.82644,11.55515,1.2931867,14.108054,30.043192,10.029158,-4.50889,10.216959,22.452715,9.813291,-7.1464868,8.5129,11.500771,9.718663,-4.760858,7.732482,10.600747,7.853679,-2.6392035,7.1199837,9.013607,6.955421,-4.359338,5.465834,-0.04145135,6.4447136,-4.3263583,5.9337935,0.65347505,5.9567823,-3.7452366,5.450929,-6.1954627,5.811089,0.6393972,0.46119425,0.34296605,0.3237362,0.38663027,0.5532275,0.5321329,0.463109,0.31643298,0.27756995,0.37270904,0.4778057,1585.6012938810547,543.0890547964225,2126.964856371861,365.8383221735486,3736.244074109907,1495.7397545632973,29.421007924021605,15.395210783964195,16.469642389816272,15.70865159779699,16.41837671725995,15.789904237242226,37.18526746873143,0.04367887420181889,0.02332330172149772,0.103837006,0.04281005,151.99908088235293
genres_original\reggae\reggae.00030.wav,reggae,-239.17885,88.48331,98.96217,34.772663,19.201752,30.97385,50.7939,18.19523,2.8389912,21.696297,32.244686,11.189357,-1.5015264,15.047699,16.732338,8.713419,-7.452125,9.375302,16.71691,10.343148,1.4970632,7.503563,16.056482,9.456325,2.8027046,8.548118,5.937705,7.0859265,-6.308285,6.941287,-1.0379016,9.094997,-6.3440433,6.1196647,2.1457453,6.4688816,-6.6404233,5.8389034,-5.261345,6.3520412,0.40747198,0.55076236,0.6696822,0.6248345,0.5564591,0.3999469,0.37596804,0.41683874,0.47267213,0.55376357,0.42804852,0.3952418,1814.1990009125695,945.0558363952013,2187.883147011965,538.816652478847,4068.258733129354,2164.7082631074854,28.22083765879919,16.01952904998656,15.683901858137299,16.723783132665314,17.07210991061395,15.736339452341896,35.8998340932353,0.07047840980553406,0.06953823215658099,0.080515176,0.036926456,75.99954044117646
genres_original\reggae\reggae.00031.wav,reggae,-226.41882,92.42017,103.35993,25.57426,0.16650221,31.469831,43.973858,18.803572,10.65059,22.813442,35.21007,16.58739,8.444858,14.035424,21.145638,10.041272,-3.2926626,12.015164,15.537871,9.791697,-3.010857,9.389944,11.102893,9.521606,1.777282,8.013422,10.621122,7.110881,-5.7564626,8.298754,-0.9837618,8.595012,-4.13233,7.068051,0.659414,7.0940514,-3.7918532,6.399663,-0.5790857,5.9647946,0.64867353,0.52103925,0.54309565,0.39716634,0.4156482,0.39669564,0.5039319,0.60185176,0.4401103,0.38495794,0.39853585,0.6333243,1578.9797524821934,722.6497866961328,2022.4438370808307,508.3853515711098,3540.945255055147,1815.7771116188135,27.5919139765215,17.390298977411653,18.862354159369914,18.021842374491598,18.65537249126984,17.34624747791661,35.505891803612236,0.05862247242647059,0.040125812220501475,0.0919936,0.043216787,161.4990234375
genres_original\reggae\reggae.00032.wav,reggae,-243.80943,69.2743,123.347595,27.691038,-15.57089,30.912788,38.883972,22.293615,6.487192,17.810701,25.511738,12.782254,3.0363429,11.747682,17.175442,9.254646,-0.21269453,9.32501,8.983332,9.08253,-2.4875262,7.47193,6.7616143,7.735802,-3.4531975,7.073691,3.2560692,6.5986648,-3.4338758,6.006366,-0.47975537,6.4712596,-2.5348237,5.5789037,-1.862335,5.840139,-4.9655204,5.039828,-2.7182348,5.2371464,0.43029606,0.43727607,0.6469226,0.47675124,0.49253166,0.52235985,0.41901967,0.42570406,0.48956445,0.61109775,0.500653,0.39137125,1510.806650097002,576.6243240770474,1850.300559898857,471.4963282095523,3319.1299296754064,1434.6679138476113,27.624102280475952,16.023610493532953,15.971708800876648,15.499976774411493,17.566462554168872,17.52475506870661,32.978460971081944,0.0658639252370356,0.03831987556988722,0.063896276,0.039923437,151.99908088235293
genres_original\reggae\reggae.00033.wav,reggae,-249.42773,80.369484,111.49365,28.54596,11.282426,37.62648,41.328266,17.40452,-2.88513,17.240587,34.554276,15.127076,0.4236459,14.445397,22.346,10.366449,-9.966396,9.940526,10.2083845,11.559433,-2.8217611,7.9503202,8.728782,8.437295,-1.4477805,6.5830126,2.2692573,6.8145976,-3.8882215,6.158067,-1.8549621,5.935076,-0.84235734,6.11758,-0.9373944,6.4658422,-3.1697903,7.616796,-4.3267784,5.8681703,0.42623815,0.4204838,0.4954076,0.63151056,0.5036258,0.43656284,0.3274913,0.42303643,0.420108,0.37616798,0.48258865,0.41744334,1615.9036118108688,807.475374744207,2062.8677397297074,441.9344399577133,3560.1451389560757,1944.7814165514724,28.823308202398444,15.180970036638943,16.895858554934897,16.027419485737255,16.995827853848727,17.049906748662774,36.32859786498705,0.059147790489551086,0.06101540799930658,0.074202016,0.036538325,89.10290948275862
genres_original\reggae\reggae.00034.wav,reggae,-238.86949,76.68229,132.32365,28.236423,-0.12489059,24.079166,41.233845,15.476981,2.4230204,15.841841,19.0934,15.503856,7.968853,14.050263,19.944677,9.692868,-0.6315844,10.102893,11.098161,11.15766,-1.7195421,8.681995,9.940314,8.5447855,3.0247061,8.118111,2.2102933,9.569472,-7.8496413,8.711505,-3.9856925,6.845986,-4.9199595,6.0645285,-2.1506598,6.651785,-2.4111886,7.0120816,0.05068018,7.125147,0.54764986,0.45998758,0.5593906,0.5438821,0.4765089,0.4976814,0.46996215,0.5399275,0.46369863,0.34928706,0.3242446,0.41480276,1291.4824551695665,688.3276389315114,1746.2980689654746,537.6385024443406,2827.566235427148,1726.74021722914,28.060873670738975,16.22698093229954,17.652443074017892,17.82800430101932,17.833935939041268,17.956009609310456,33.06200651075491,0.04461386476876935,0.028460355880413568,0.082489036,0.04310359,184.5703125
genres_original\reggae\reggae.00035.wav,reggae,-223.36678,80.136375,114.212555,26.575893,-4.4246492,24.224794,40.187866,17.52337,-5.098538,17.616837,24.676882,15.854102,0.7235718,14.4754715,17.049505,11.430976,-2.3657622,10.409415,11.154623,8.699994,-3.0846279,8.819904,6.1297007,7.6062145,-5.6871758,7.188629,3.5125518,7.2198305,-5.4818797,7.2276692,0.031668413,6.140456,-4.8445797,6.239458,-0.70038456,5.900439,-3.639368,5.7193284,-2.805782,6.0794125,0.49243617,0.55166775,0.72567284,0.46037066,0.38313773,0.45912534,0.45822272,0.44796658,0.34098265,0.3941035,0.37726763,0.4115269,1699.8353933233093,743.4388835774619,2030.7174837332313,459.99900362581883,3787.3354318341235,1689.037225002736,27.618626095800767,15.269301054433482,16.324886154516612,16.24344025960016,16.976712097866937,16.204299787380865,34.52532020322693,0.061317467468072755,0.04246129247250051,0.073211916,0.043467525,107.666015625
genres_original\reggae\reggae.00036.wav,reggae,-236.62389,74.17494,91.68299,26.556822,1.8581237,24.623232,45.465084,13.96093,1.2693517,16.27918,32.259148,15.106914,9.054458,17.199646,19.607552,14.079791,-5.0637455,10.576328,10.95754,12.6149645,-4.0131874,9.438798,7.5379105,10.103775,-0.33258387,10.598706,5.808463,8.753441,-1.8194476,8.803161,5.3802843,8.361919,0.2831557,9.086634,5.020354,7.561346,-0.33738157,8.612578,-0.8484341,7.968731,0.47720093,0.51985157,0.38769588,0.3120039,0.3487093,0.43234187,0.6965046,0.49922848,0.34707522,0.4236699,0.33120272,0.43902758,1811.5147924120354,809.0012247005089,2166.3124683929723,427.14144364203133,4119.283424590025,1694.7782495897256,27.47827577611743,18.486970907636785,19.834625497834907,17.73384358326766,17.857649847454795,17.55962816696564,36.38402660190621,0.05923924874226006,0.044961716386086814,0.07998149,0.05635073,86.1328125
genres_original\reggae\reggae.00037.wav,reggae,-242.5513,102.44208,98.308784,24.342144,-3.8207767,28.193108,46.032425,17.300875,3.286847,21.580236,29.200768,13.7168,8.863108,13.698133,26.982607,13.510059,4.7228484,11.067315,13.119675,11.121558,-0.6375585,9.8871155,12.055011,9.59783,3.00419,8.922967,10.169963,8.581913,-3.2666876,6.5205736,2.036473,8.030517,-3.5446403,6.0637145,0.9496666,6.931613,-6.313107,6.217571,-2.8599465,6.4095902,0.5244975,0.5157552,0.57826775,0.53384775,0.5179999,0.42752615,0.42910734,0.46869323,0.5621073,0.58049273,0.5396137,0.5349423,1709.7144563893244,724.1798019919922,2068.0062617750295,437.30257177261774,3837.6684608105165,1664.4157454699014,26.41450454280452,15.288414410363966,15.903711207747817,15.972613591814127,17.113994890303616,16.41690181769052,34.29648313487634,0.06328759916795666,0.05206298795170147,0.08624027,0.052455164,151.99908088235293
genres_original\reggae\reggae.00038.wav,reggae,-240.0093,91.01214,108.755516,25.639717,-8.202256,34.218033,32.197624,15.578716,-8.81615,15.058053,18.640667,15.542858,-4.7014017,14.515226,15.518407,14.206274,-3.7182035,12.333477,14.536973,14.071292,-4.792446,12.9931135,6.403633,14.155663,-2.9500248,11.204139,2.4401069,11.068054,-7.1109586,9.639165,-0.15518783,9.1451845,-3.1421595,7.923819,-1.5445279,7.8051133,-3.7374158,8.4934,-0.81486213,9.978936,0.24536388,0.26084256,0.26724213,0.3540264,0.47562703,0.4491956,0.5275341,0.5043574,0.49264124,0.34415454,0.26201007,0.3030793,1701.103192532159,723.5883288630971,2000.4313412268457,468.76568929187056,3693.844330495356,1680.5257678198918,30.23427714845525,16.688138449491767,18.765206219515292,18.894720970220163,18.775655272850894,18.807576590250928,35.55664825758877,0.0655547812258127,0.05124306271332017,0.07575375,0.03767506,95.703125
genres_original\reggae\reggae.00039.wav,reggae,-300.35504,109.077415,99.25266,32.981728,52.999855,47.119385,43.226738,22.405552,18.883024,18.406088,24.848497,14.081855,-7.955613,13.692717,22.175869,10.473596,1.7826729,8.437957,24.79426,9.288201,8.393651,8.915882,20.713451,8.947892,2.804007,7.8489313,9.560833,6.44918,1.1138259,8.628003,5.903201,7.175166,1.1138865,7.159869,4.1829386,5.2964134,-2.2141101,7.2235684,-2.0283017,7.097449,0.5469626,0.5941519,0.50608444,0.49199334,0.46770927,0.48070392,0.52702093,0.52214265,0.4872996,0.51722157,0.4557554,0.49193317,1312.7373064527953,735.3694856041109,2137.4601402385942,474.0482874604043,2649.925642928841,2260.614056421187,25.78036151014988,17.15988239094502,20.76642689062313,18.306301434492056,17.739285586551564,16.74920627795495,35.48626132330478,0.02594957853618421,0.018791419961418688,0.10385959,0.061126765,151.99908088235293
genres_original\reggae\reggae.00040.wav,reggae,-296.08078,118.71296,93.19381,39.598248,-31.427439,25.023003,29.488937,30.047882,-18.94015,18.865278,1.9491984,18.82931,-19.49847,17.294268,-6.245117,14.427742,-24.019806,11.912537,-7.0987687,10.766698,-14.191153,14.556263,3.2708817,14.205062,-10.612779,15.198711,-2.7966268,10.117289,-10.806494,9.467872,-6.70871,9.418843,-8.496008,7.064542,-3.1317625,7.7902718,-7.0599756,9.037762,-4.760056,8.523571,0.19716002,0.27879456,0.35517034,0.366253,0.33794728,0.32203248,0.39786512,0.3970671,0.19400193,0.27143955,0.2564218,0.25723293,2031.8882309842427,919.5724806449037,1850.2019356993098,366.38116716275675,3837.843459752322,1397.650131930698,22.713585890661264,18.35175331270264,20.229384915482107,18.699960136295044,18.364375242263353,18.711735175123373,32.28459005010973,0.10104549632352941,0.08690607634035401,0.03906876,0.029960416,92.28515625
genres_original\reggae\reggae.00041.wav,reggae,-177.2906,69.70996,89.63707,32.119114,9.614038,27.026808,65.46783,17.415165,-1.0167571,18.086842,15.514672,14.93431,8.010461,11.450206,16.342636,9.776667,0.26795158,9.452104,2.6445181,10.638876,2.8961604,9.59983,0.64221567,8.142792,2.5766914,8.252396,2.810242,8.785578,-0.45532733,7.206414,2.526275,7.0226364,-1.407092,9.03168,-1.6532326,7.2827334,1.2065383,7.539168,-1.8943056,7.3726087,0.39324662,0.32587704,0.35230953,0.29909924,0.31550184,0.41393816,0.2834185,0.25941813,0.30959252,0.44870672,0.6393034,0.44285542,1931.4896901504014,766.9669636171722,2205.638614424234,393.6866259310053,4123.183401007402,1454.3131645091848,25.265304414399054,17.938096197278742,21.156641490903507,19.337573307617024,18.70214348626313,17.89647670267037,17.821616794408182,0.05904763992356811,0.03767263328559756,0.11992645,0.031211628,143.5546875
genres_original\reggae\reggae.00042.wav,reggae,-174.81073,62.619766,79.29305,24.764475,-24.333021,27.943687,17.978056,18.905468,24.470284,16.146294,15.726947,11.245224,7.472576,12.697012,4.2259116,9.882995,3.917073,9.603582,4.8066626,9.632735,2.7606575,9.25653,1.7235028,8.194047,-2.3440123,8.956592,-1.6011022,8.340904,-4.455369,8.072948,-0.37273797,8.949203,-2.4354048,8.825006,1.4890796,7.623417,-0.32870978,6.3867726,-3.6642163,7.334182,0.460869,0.46764117,0.48440033,0.41102496,0.4280317,0.31342128,0.43816552,0.46306282,0.41529828,0.5072863,0.40025732,0.4114653,2480.8459326909738,827.9204018190551,2521.7094790983374,546.065723734881,5049.419466851296,1926.1644558793141,20.754870066063038,15.806873871168444,18.928241337844398,19.136260731206416,19.476541666877864,18.677238696720664,15.350763179972638,0.10571062306501548,0.057513855159720136,0.071250305,0.038430676,123.046875
genres_original\reggae\reggae.00043.wav,reggae,-164.68896,58.33505,142.69797,19.435026,-41.473988,18.000677,41.23485,10.126468,16.18847,15.657766,-5.5709586,11.502953,7.642461,8.071735,5.6203566,8.529514,0.80288523,7.383438,-10.477526,8.744705,-2.348063,8.731524,-0.4949835,7.4210596,-3.0664115,7.166476,-0.61336815,7.23027,1.1345507,7.4841437,0.72807527,7.275974,1.0431116,6.9490414,1.9845235,7.1965117,3.4986024,7.336376,5.307884,7.6899676,0.6158995,0.24773201,0.22496691,0.26721182,0.49285802,0.4310546,0.32673207,0.48537463,0.22725354,0.22255066,0.14151211,0.33419326,1484.7434261821936,338.49129449046075,1644.3137702371994,226.47729099244583,2775.2082186955786,461.93803709493073,24.187019378527456,15.973550822177781,20.066393841867743,19.527063707752472,19.414003923017077,21.784442915001456,15.399846840046642,0.07602637323432662,0.033675190594016,0.11061871,0.04219457,151.99908088235293
genres_original\reggae\reggae.00044.wav,reggae,-104.24897,61.88536,83.94451,27.667141,18.881548,22.206293,28.945412,16.801437,10.63566,12.980586,9.320364,12.766409,9.311715,12.641864,6.5240045,11.353672,3.008459,10.211038,2.4963021,10.212903,2.7950141,7.783045,-0.20271984,7.5172462,3.1010103,6.3528028,-2.213516,6.0880218,-1.7472101,6.7477236,-1.5308084,6.4052176,-0.26908633,5.438585,-0.9262979,5.736519,-0.93775654,6.310458,-3.5272477,5.6750007,0.4204695,0.3963427,0.50572515,0.6582041,0.4694826,0.3827836,0.34146786,0.5063304,0.4656171,0.3820445,0.47939685,0.3834516,2454.215349177034,942.1222606043639,2820.883466207411,462.86390832265306,5582.274578082673,1960.4603223860345,23.08345953786697,15.082392008587622,17.549193378672125,17.223176799123795,17.420873980425633,17.191424987013548,15.337471298139324,0.08757694586880804,0.050584796549271165,0.15244086,0.058071367,172.265625
genres_original\reggae\reggae.00045.wav,reggae,-120.324814,78.2461,16.383318,29.566416,25.04658,32.311775,37.25922,21.324816,9.280131,15.00761,13.014446,11.561944,3.2297337,13.807508,5.9678516,10.017647,4.083349,10.192134,1.6961598,9.558192,1.889663,9.931258,2.6729696,8.124802,2.0346596,7.915016,-1.7154503,8.160695,2.1032035,7.1774707,3.2449558,7.9888744,-2.0760071,7.5087223,2.7732615,7.2139854,1.609771,6.4356256,-4.050147,7.934664,0.48492423,0.44780824,0.4730064,0.45791376,0.51177263,0.51722753,0.37676573,0.40047085,0.3490615,0.47398588,0.54541355,0.45253274,4283.044762530106,992.0255488050609,3112.0550806340652,377.3497590696028,7926.302070735778,1353.3694583892132,19.682240351082168,15.368807041449655,19.262195028546156,17.7633569188417,18.294780909138986,17.138364977594712,15.907241298194947,0.22392041469136997,0.09241312543894102,0.09121401,0.036325816,161.4990234375
genres_original\reggae\reggae.00046.wav,reggae,-169.03961,54.818996,79.50441,27.208017,15.242741,20.884249,42.74113,18.204912,7.6879196,13.303885,17.028828,10.061048,-5.9826927,10.685722,0.54102665,8.3449135,0.063199684,8.627484,-0.9479884,9.398122,0.8362159,8.889159,-1.5890546,7.4387126,-2.8922868,7.805775,-4.030863,7.3404946,-5.7745085,7.168777,-2.5853257,7.0133185,-6.522957,6.725267,-6.593555,7.6841903,-2.8414476,7.5727115,-1.2010623,7.8800073,0.41273847,0.36190793,0.31934685,0.38009837,0.2803706,0.28547654,0.320397,0.24224532,0.26313514,0.23725173,0.36434045,0.4243009,2322.2929756125877,873.7506339390666,2592.9071385788216,474.2057306806459,5228.026720171004,1749.0417561396391,24.8160733479735,16.914085736129326,20.067277788831888,17.944894833717797,18.416094203305864,17.631747165262883,16.581741067451173,0.08097759046052631,0.051526130824463875,0.09348249,0.03347087,172.265625
genres_original\reggae\reggae.00047.wav,reggae,-140.31783,64.26833,69.632965,33.09168,-9.986164,25.195995,52.16775,20.65354,3.2691405,17.876879,4.5593033,12.253495,-3.4938633,13.562668,2.9231503,12.522597,-6.571258,12.080331,-2.642122,11.444184,-1.7314113,10.011027,-6.9437375,9.80457,-5.8254113,9.234517,-2.6929157,8.765442,2.5455923,7.3052535,-1.8138262,6.7740345,-2.1630096,7.097251,-2.9328244,7.0957313,-1.7962036,6.8043013,-2.711276,7.0565853,0.40922877,0.32146388,0.37061006,0.30479106,0.31706455,0.3892232,0.34912133,0.46898848,0.3486988,0.2940268,0.24524197,0.2912623,2477.9298991117516,789.0163851093765,2309.8552804001843,291.3016753758852,4759.787884880515,1126.815615005446,21.645238243854386,17.28966663107887,21.31387545214318,19.101900887125403,19.367610008665967,18.60572285035167,17.087039121562373,0.1149788965750774,0.07017387461748197,0.10929273,0.04615178,143.5546875
genres_original\reggae\reggae.00048.wav,reggae,-123.733696,62.23849,66.19565,31.925577,8.181811,21.790556,49.759678,17.158693,8.53877,15.0798855,25.88335,13.91038,-5.392044,12.888941,12.895175,9.827478,-2.5414345,8.520544,6.7968063,8.954377,-3.5781755,8.634356,7.636994,8.098737,-2.0558965,7.373307,4.918354,7.6642995,3.664884,7.075094,4.112981,7.1186275,-2.0491462,7.140778,6.7759333,6.5788445,-2.8278131,6.6623044,-2.379036,6.6129894,0.31399575,0.3176134,0.43781298,0.30903062,0.26651174,0.3908261,0.43066874,0.572003,0.4737417,0.3517881,0.46498883,0.35287744,2673.271677146015,912.6953540190198,2550.062750195988,348.95118860308736,5607.916089698626,1422.5273068185502,21.532211015914474,16.394400353042947,21.5740334413932,19.16323541267781,19.304017439997867,17.645317422710008,20.857922537444786,0.11121021188080496,0.07094721929625661,0.12016339,0.03935106,89.10290948275862
genres_original\reggae\reggae.00049.wav,reggae,-121.49299,64.129906,89.57814,27.194067,23.786144,20.839725,32.76793,18.303186,8.857056,11.800645,-2.6159663,10.666744,6.6278014,9.014761,1.7668996,7.4137354,-2.9514718,7.43082,-3.0993512,7.562357,-0.6974906,6.6733875,-5.429426,6.47157,-6.5477986,6.6182694,-4.704497,6.210622,-3.2821004,6.745444,-6.4664598,6.3616166,-6.659792,6.2804737,-4.4151874,5.804745,-3.1623807,5.620449,-3.9799309,6.2521515,0.49948323,0.48454383,0.3945569,0.5199472,0.38334423,0.31018057,0.25226906,0.3262603,0.38506016,0.24721228,0.29251486,0.3399688,2322.9386798777355,746.5233836361524,2804.1799088004796,517.9613520315517,5452.1336983601,1851.0908838488283,24.6323159095633,16.513871212884407,19.017609986876284,19.065403299294115,17.647648316412088,18.14458897970395,16.19331868062197,0.08073911873548761,0.04923545480842872,0.13286576,0.047211315,95.703125
genres_original\reggae\reggae.00050.wav,reggae,-104.88102,73.28288,66.38382,43.846355,-2.3053358,20.875908,24.606274,18.174288,8.4148655,13.672072,6.770361,14.103067,1.6772854,13.200768,5.1811647,12.57532,1.0552062,11.907763,2.1988103,10.041573,2.9562771,9.014445,4.5823026,8.004523,4.208452,9.372615,3.097735,7.8179927,-1.4157376,7.6972914,0.22688992,7.244021,1.0962346,8.688736,-2.3245964,7.642179,-2.8943222,6.666082,-2.1844988,6.5670357,0.43752438,0.47728872,0.45192602,0.5553909,0.46564817,0.38294336,0.46167144,0.3856171,0.39136773,0.3450089,0.5314111,0.63840574,2955.9154393104704,1356.7761757197497,2690.613294287067,530.6025152402734,5871.231164135062,2296.343907897219,22.551428925020723,16.43777632181126,19.151122396791457,18.042204790661724,17.481159398753235,17.461749747905696,15.251111404148178,0.12710883078560373,0.09335015184822179,0.13106836,0.063469715,95.703125
genres_original\reggae\reggae.00051.wav,reggae,-154.96252,77.94848,-1.5391538,50.22166,22.38873,27.648071,30.425213,19.941593,2.1195714,13.601005,28.596123,10.161698,16.995514,11.417682,13.418903,11.946738,8.493891,8.282159,6.4839716,9.607428,9.772991,7.7303433,10.905425,7.62407,2.1743824,8.084913,1.638151,7.6812515,6.3485465,9.094312,6.9075937,7.9414315,-7.8031516,9.657295,4.694933,7.105477,3.4125054,8.278692,0.66997004,7.2327795,0.55862314,0.5016448,0.5311568,0.60049736,0.60992265,0.53808904,0.5308556,0.5064061,0.5416738,0.5197794,0.6214149,0.77516216,4276.113111170075,1580.180665764398,2877.5263742277384,448.8261290596052,7677.036911341428,1869.1369317782467,16.90445671829471,11.888994659419012,13.90939845126369,14.804475312782683,15.563742999919732,15.897791277102678,16.103877849406416,0.27482940390383126,0.16938005266985642,0.117365755,0.057277128,86.1328125
genres_original\reggae\reggae.00052.wav,reggae,-85.30075,57.457306,60.9427,34.30243,34.79015,24.395254,19.804203,20.475882,16.715721,18.26256,7.9753337,14.211281,9.312554,11.454481,11.364072,10.874026,1.3941993,11.635338,-0.087947786,9.4893875,6.407763,9.611568,3.6292884,8.540584,5.6768217,9.0666895,7.2175837,8.374389,-0.8390437,7.8968,3.2431822,7.9420342,-2.689191,6.833637,0.36227474,7.8244157,4.752417,7.794857,0.33321753,6.5518327,0.44599965,0.57542133,0.4888409,0.49576187,0.6396531,0.6644131,0.6325746,0.5150801,0.43690968,0.3883915,0.3474462,0.39612553,3288.43329145076,1228.7946357598498,3252.779178641027,469.0820899317838,7285.10594796101,1967.1382721745351,15.878427443242876,14.346652793382669,17.817427847977424,17.358004440773104,16.965168017306418,16.53524696912586,14.861431939871625,0.13413826673761609,0.09848473106054367,0.1900278,0.091506794,99.38401442307692
genres_original\reggae\reggae.00053.wav,reggae,-251.39256,87.3303,105.855774,34.71241,2.2200246,34.75595,32.484394,16.87996,16.563274,15.786506,8.290815,12.091307,10.365557,11.815542,5.5049367,9.684642,0.86996204,10.015471,8.355298,8.55193,-0.63177377,9.398956,9.898768,8.339197,-1.8497396,7.9727416,4.4185476,6.53509,1.8289825,6.703006,4.246808,6.0675917,-0.20060064,5.685572,2.2507565,5.268227,0.93455493,5.718712,1.2882609,6.1479344,0.441813,0.46777797,0.5611629,0.5125572,0.52864075,0.47612232,0.3866195,0.41421992,0.41832787,0.5005191,0.44377315,0.4813873,2004.3538474526456,1230.9242909614672,2298.145721741871,719.2932603916348,4159.908178937693,2577.824634108125,21.28875347811264,12.796428366609693,16.28217826180559,15.865595958634673,16.676184898732608,19.552433393963575,21.43424219384908,0.08977950246710527,0.08659562758269188,0.063052826,0.04292454,75.99954044117646
genres_original\reggae\reggae.00054.wav,reggae,-182.1939,78.96482,83.517006,40.335495,4.8448935,30.635729,12.6912,20.405436,30.071642,15.354625,17.201649,13.066758,6.1039777,11.945294,7.693451,11.0224085,7.147,9.518832,8.883384,8.522916,-2.1501875,9.987061,5.713592,7.965064,1.4522558,8.550964,-4.9398346,8.990058,2.9155705,8.133906,2.189585,7.6859274,-3.2314157,7.960428,0.75919974,8.431273,-1.6967705,8.4258795,-0.6337946,9.204639,0.3221215,0.47416228,0.4260703,0.37589663,0.5229134,0.4270932,0.3784406,0.27790752,0.34829456,0.47731,0.36744502,0.35780537,2541.9768822749897,1291.991361218305,2725.503663441282,732.7400670392922,5475.575223279073,2714.4117242127268,19.35179921537205,16.49326380763074,19.53634675737583,18.622031989573447,21.806647965824816,21.067691261444022,15.822490129971282,0.10153566720684984,0.08207393234680609,0.09687516,0.046674952,151.99908088235293
genres_original\reggae\reggae.00055.wav,reggae,-130.3925,65.20665,84.28538,33.731922,29.355722,26.391695,23.844406,17.80909,8.28788,11.994012,13.861768,8.627634,2.2291074,7.964846,2.9254556,7.809135,2.5764942,6.843747,0.098322146,7.498174,2.3406696,6.7807984,2.7464368,5.6271243,3.756128,6.258176,3.7823875,5.933459,2.1226056,7.3859353,3.1364772,6.959481,0.16150407,6.797342,2.3938253,6.9844193,-4.115126,7.043591,-1.766931,6.765212,0.5476727,0.40563652,0.48235083,0.41131517,0.40960023,0.33010453,0.3675389,0.50160813,0.45238498,0.49151304,0.50410086,0.6398261,2525.883148548213,1008.803455082772,2840.031024653128,502.5576237603724,5595.957828675261,2225.1505523043993,20.396118724106522,15.2531502378552,18.194839553625187,16.855539489695115,16.84260316990771,16.942930751246482,15.540729377462903,0.0822270160119969,0.05415496678426754,0.112905614,0.025733143,129.19921875
genres_original\reggae\reggae.00056.wav,reggae,-162.50883,77.97104,98.486626,32.55354,-1.6052877,23.719175,20.811714,19.06647,12.058052,17.829891,11.743512,13.711369,6.0935826,11.797195,4.958358,10.141061,1.7059443,10.737955,3.0551608,9.18683,-0.85991335,8.531679,4.1205864,8.228408,3.42566,8.2273855,-1.3976501,7.8798723,2.2798967,8.176083,-3.710869,8.9296465,-6.500756,9.155529,2.585176,9.746755,1.4101468,9.369459,2.229942,8.750268,0.4738843,0.38110864,0.41245687,0.4963428,0.39433306,0.3481482,0.35503438,0.48838642,0.26386142,0.21586241,0.28708425,0.32664588,2174.1042292536513,955.4035219583218,2460.904693392289,598.9087575066715,4659.646823753144,2163.150740171886,18.87602417180874,15.355344361427427,19.201044402815263,18.10113090427938,18.034308182219668,19.175895272133374,16.173451055651157,0.08318468217879257,0.055350395491732526,0.10052799,0.049716722,161.4990234375
genres_original\reggae\reggae.00057.wav,reggae,-177.29272,81.369644,98.28518,40.313915,14.708466,26.045649,21.133085,22.208174,14.941088,16.013132,10.18818,11.621785,4.97314,12.387262,0.8437904,11.077927,4.83046,11.601029,6.869421,10.524568,3.5429003,8.362067,-0.35623598,8.913838,0.57787687,9.183346,1.3758777,9.636817,2.0128925,10.399594,-0.30699244,8.532332,-1.3682138,8.238018,2.8996344,9.18192,-0.97946554,8.996107,-0.5216541,10.1048565,0.36423975,0.41637278,0.54600585,0.43165094,0.29331034,0.29987067,0.33140305,0.43203127,0.29533038,0.3548044,0.38410938,0.32578954,2170.729333695411,1036.9216703806096,2577.52397771507,657.290812307356,4776.804448650349,2414.3777260214806,19.149482035118314,16.217543438794298,20.199548352847227,18.579019923015196,20.28547642850838,20.917725852479517,15.415384858636118,0.07889861588138544,0.05717966768115937,0.10334067,0.04792136,95.703125
genres_original\reggae\reggae.00058.wav,reggae,-169.34058,83.31695,83.9091,32.506203,11.2032795,27.889046,12.134803,17.272425,21.077204,17.841951,9.533383,13.5424385,0.93636584,13.44435,2.1945176,11.064079,0.8756654,10.504451,1.6430135,11.866734,-0.4176584,10.184904,0.74323595,9.029536,-4.7871585,9.727768,-1.7297721,8.385354,-2.093574,10.380361,-1.4278102,8.620975,-4.669387,8.742928,-0.21244703,7.9295087,1.9530637,8.85843,-1.2630274,9.883224,0.31664014,0.37452286,0.48501256,0.39529037,0.4148742,0.37319747,0.46178755,0.3250815,0.28620505,0.32583162,0.31486598,0.38903898,2631.8490363841825,1149.8445902999651,2827.839241374862,576.7271238002429,5700.073865766496,2400.1987295586196,18.237040433536386,15.237135834962675,18.60145483755203,18.32699674769478,19.137098793222872,19.08236235776576,16.452481491460304,0.11201028262867647,0.08852550926515093,0.09115262,0.039449923,123.046875
genres_original\reggae\reggae.00059.wav,reggae,-93.51581,62.417587,80.181656,27.46268,-0.3042792,19.964529,15.263566,18.62596,4.3483276,16.604939,9.056693,11.50356,1.6918386,17.825815,2.5480187,10.833462,-4.297323,10.927572,1.0002482,11.185739,-1.696375,9.380239,-2.9968734,8.472546,2.2530196,8.704728,-2.094012,7.7473984,0.32576278,6.8647943,-4.3774824,7.8272257,-4.0438805,7.9181995,-3.1599917,6.6135836,-5.4167256,7.0258536,-2.1435902,7.9204073,0.41456926,0.34850124,0.48982367,0.3628347,0.34259483,0.46584338,0.30253908,0.2927263,0.26683664,0.38611957,0.4993156,0.34003043,2671.9431591250614,907.5180857804231,2716.8459265601514,451.13505268409637,5700.315530971846,1785.9372832447661,18.49108761029214,15.574532573602333,19.752754798799568,18.566631668217212,18.802083740439645,17.71560737968135,16.203115079049923,0.11742559379837461,0.06140480231984907,0.12639175,0.044365726,151.99908088235293
genres_original\reggae\reggae.00060.wav,reggae,-301.43967,74.49874,77.22314,33.777786,-13.575449,22.93035,39.304367,21.074532,1.6029992,15.992161,16.892714,9.518397,-7.2503476,14.805238,-3.6011548,8.696405,1.1691408,8.978077,-3.2648888,8.044342,-8.437727,8.791793,-3.6016147,7.651643,-2.6015775,9.793348,-7.2349606,8.002386,-2.4424508,7.723899,0.76654166,7.5904074,-8.960346,9.895927,-2.651947,6.65449,-5.49749,8.224546,-8.402103,8.250293,0.31651455,0.29717276,0.3843981,0.24243213,0.23836137,0.17080365,0.2434558,0.39593855,0.29514033,0.34624973,0.26913372,0.38978094,2395.785250668999,927.1074778655345,2301.0001364932536,387.7751850169587,4792.521020281057,1487.2734395827815,21.19677848845212,19.999661297709697,24.076002010167052,21.72542383872578,22.715612919631276,21.212210893560194,19.755050363445466,0.11853254099748452,0.07775228450303662,0.025837054,0.018483683,112.34714673913044
genres_original\reggae\reggae.00061.wav,reggae,-74.0531,55.23531,58.0152,32.273502,9.140951,26.763113,29.258945,18.820683,12.535322,16.174353,-0.18953325,12.417434,0.16529681,13.17715,1.3719068,11.696271,-5.0915,14.047222,1.3520699,11.35643,2.8511603,10.663228,-1.560881,9.030465,0.8852588,9.057451,1.0400748,9.883011,-4.3360424,8.494282,-3.7478487,8.49607,-3.6638267,9.135699,-1.0602559,9.341767,-4.1141434,8.9797945,-4.137697,9.89506,0.4422152,0.5114749,0.411639,0.43586156,0.42791674,0.43307558,0.35307902,0.38559857,0.44144866,0.31829256,0.2876514,0.29609114,3122.9386087150997,1105.9568797098402,2918.2212026844577,552.8157170438438,6473.494188999613,2098.859323269055,25.951597791168567,15.835963281705846,20.321574394130852,19.500024535956662,19.423273530838383,18.35849564834956,16.039765189816396,0.1335615506482198,0.08103398711275576,0.18103953,0.05409057,92.28515625
genres_original\reggae\reggae.00062.wav,reggae,-265.695,86.59229,80.61592,33.865356,9.722023,25.859879,36.657085,19.218048,27.836796,13.905712,12.086828,12.777512,15.014478,11.624736,15.116937,11.063265,6.558819,8.647855,6.284592,8.4820595,7.486023,9.877029,5.6445103,8.350437,4.349679,7.33529,3.08505,7.892747,2.4041407,7.745907,2.1855628,7.4889083,2.4785864,6.9010644,1.2730665,6.704587,-0.21760568,7.0658336,0.8088296,6.4333615,0.3787033,0.36790636,0.3168239,0.31936845,0.41634306,0.50011015,0.68469775,0.5935482,0.45689112,0.43796957,0.4123547,0.4532327,2113.391953819571,1065.2363548385804,2595.2174679502996,660.1353100635134,4785.929393473055,2454.7869226617227,19.56456540182443,16.01304828819553,19.291634906515036,18.464433370673124,18.55315536432276,17.63536246610472,14.781081664765017,0.06088285180437306,0.05410309808913386,0.057322286,0.030636976,151.99908088235293
genres_original\reggae\reggae.00063.wav,reggae,-168.56569,64.00985,109.54735,28.596224,-20.666073,25.452816,38.956314,17.982817,7.960121,15.262267,0.33540142,11.325749,6.036591,10.198161,4.0865717,8.820962,-1.3609743,9.230946,0.11973303,9.188338,0.2429877,7.884264,0.35119832,8.23405,5.3024573,8.269314,3.684615,7.4537964,2.8488915,6.743155,4.4759326,6.557464,0.80968964,6.6319885,3.0071368,6.584082,1.5235856,6.3465266,2.4545724,6.7023616,0.47911072,0.5033379,0.5894612,0.44552046,0.36183685,0.40351665,0.33207765,0.3573565,0.35050568,0.46152306,0.3942591,0.3117474,1910.6006441535096,710.2863491427696,2114.9895233091474,583.3747948898374,3939.834509693063,1653.0866914391431,17.27485812305308,15.543164791163171,19.836115298994667,19.34608326212619,20.299801226326043,21.04735437168592,16.034970115073428,0.0833796923374613,0.04718642927251708,0.097581275,0.047118206,184.5703125
genres_original\reggae\reggae.00064.wav,reggae,-70.11165,56.056164,54.362183,28.537622,15.596424,27.37278,19.821365,16.503761,27.00525,14.246822,13.251235,13.072865,0.7004848,13.7952,10.07565,11.03918,6.6888304,10.607632,-0.30473042,10.934977,2.978181,11.024291,6.0232983,8.172842,1.0923578,9.155534,3.1697547,8.801957,0.24927004,8.798316,3.0365624,7.0634756,-5.600442,7.5496006,-1.3141887,7.4065285,-1.9566276,8.37386,-8.710367,8.013265,0.44471985,0.4701685,0.38882747,0.41838858,0.49547273,0.4214271,0.3761814,0.33292997,0.37924355,0.40154627,0.3786768,0.49407807,3094.02220916496,1026.489573313231,3135.97809929496,445.32601033819606,6973.949496148171,1845.4228989813428,28.03091060102188,18.22472575785202,20.82383175427439,18.612804498345,20.007454375401988,18.462327934953077,16.857730081755534,0.10088072029798761,0.08721834163536085,0.26777142,0.08550898,172.265625
genres_original\reggae\reggae.00065.wav,reggae,-66.18777,83.5472,97.88822,42.47426,-18.8181,23.8552,26.937904,17.510685,14.0201845,15.799302,6.0293303,15.482123,9.445992,13.050878,10.570344,10.29235,-0.136587,11.359923,8.126069,10.214679,10.5418215,12.126108,8.009013,10.456458,3.8083315,8.03232,4.0128603,7.8658767,2.7131298,7.1757126,0.4244293,7.08465,-4.2018785,6.7192783,0.10073725,6.640334,0.1490149,6.633603,-3.1472929,6.146305,0.46852005,0.34471008,0.24674512,0.2875829,0.38394472,0.5552346,0.4159452,0.3730113,0.31793022,0.29697344,0.459645,0.3595437,2080.8998101028196,939.3417917752264,2264.8255954836695,663.0220849192943,4366.306930872678,2063.296160027724,18.95009974261099,16.913720917189014,19.49645131560201,18.376403297501323,17.87597029299201,19.259428292311018,16.003722258802203,0.08281998294794891,0.052548488565404936,0.29808503,0.120830074,89.10290948275862
genres_original\reggae\reggae.00066.wav,reggae,-147.0893,59.45663,120.0933,30.879852,-21.591429,20.737587,39.64055,18.379612,6.94915,13.317411,15.087431,12.927783,-1.0081933,13.963143,15.945317,11.027427,2.5432343,11.265531,4.5108314,10.873715,0.02295203,10.461572,4.332127,9.792041,4.638779,8.269281,4.006375,6.930829,3.0547178,7.9565725,0.54259837,7.497501,-6.1399174,6.985118,-1.653744,7.927904,-0.73003,6.9749227,0.19702499,6.542477,0.29727292,0.29159093,0.4161925,0.43297708,0.5896719,0.43945596,0.33319116,0.39053813,0.34637603,0.431636,0.33217335,0.3693338,1629.3916759342683,579.1095879329065,1886.700233620657,384.73252455981594,3259.1219592020607,1194.8726277188155,24.077958994032684,16.8268271429049,20.011178743486607,19.280584858398356,18.969040691792774,18.126585188631914,21.537241022223824,0.06711183908184984,0.035780370271778335,0.12912783,0.051514022,161.4990234375
genres_original\reggae\reggae.00067.wav,reggae,-132.95238,49.549793,117.09168,23.696508,-2.7986,17.959541,22.529333,14.393726,25.91985,13.454772,0.29016033,11.338648,13.511026,10.358613,3.3958857,9.331887,4.522271,7.7526345,0.54295677,8.402735,-0.07208132,7.8011956,5.0957727,6.815548,-0.15914738,6.9624166,1.27157,6.2091117,3.0685508,6.4087524,1.3972648,6.794153,-0.548808,6.299357,0.1397994,6.0284586,-1.0481825,6.2056055,-0.0400116,6.6119604,0.3372363,0.34489772,0.4656519,0.3855407,0.41949704,0.4126453,0.3907136,0.4315503,0.44363374,0.4960349,0.31708312,0.3087164,1729.221510067004,521.1995233847096,2362.468419705552,442.44143196635605,3520.153714112084,1390.2550690212354,18.030136091985078,16.28390274998647,19.35854977504491,17.66654274675102,19.480842792311265,18.99014554758444,15.575730265154052,0.06049774453366873,0.03252700210273019,0.14007322,0.04437385,83.35433467741936
genres_original\reggae\reggae.00068.wav,reggae,-194.80711,77.967415,83.02939,37.41594,-0.7573576,22.23023,32.3753,19.393307,2.8250601,14.729713,23.16773,12.132976,2.9668243,17.076899,14.221725,9.951496,8.545363,10.51664,10.447763,12.526095,7.0688815,10.528954,8.804686,9.016931,1.4087901,7.964676,5.4087796,7.1972804,2.7515855,7.6265306,5.2473264,7.4496675,1.642781,9.350289,0.5076165,8.37377,1.1411836,8.768425,-1.5598168,8.301704,0.3108933,0.33997026,0.4981838,0.4084915,0.40304822,0.3267961,0.30051515,0.41964513,0.3136613,0.34162396,0.29040587,0.35047057,2104.9458967015426,947.5952432720669,2311.3974771349967,443.4436558070954,4381.623504922117,1784.6317691931458,21.035813517142945,18.180277275266395,22.315353827510748,21.478308295939783,20.278332581900994,17.714837756761984,18.0250219421466,0.07786158511513158,0.055757234590360166,0.095324196,0.042288855,135.99917763157896
genres_original\reggae\reggae.00069.wav,reggae,-142.78154,66.79782,83.62423,31.516659,21.906212,25.07736,33.849457,17.221075,4.624049,17.082495,4.1626973,13.684197,1.9368715,11.101944,21.812685,9.10397,-5.9423456,9.14398,0.50014144,9.785607,17.423235,9.157663,-11.433122,8.294672,10.545723,8.48316,2.2018428,8.9124775,1.4132795,7.246795,1.7545952,6.7335715,-1.397631,8.870795,2.0162969,7.065738,-1.8893013,7.4363365,0.63754696,7.398955,0.3645625,0.30169263,0.32589206,0.2700801,0.3228139,0.48737162,0.32273918,0.2686524,0.29819858,0.40387002,0.59220624,0.3924535,2461.457562285525,974.3750798078858,2683.171027864963,423.18716167072694,5288.368021962075,1757.59063817827,23.32265011946026,16.816197464742142,20.71082112263711,19.879873551672073,18.7523386633129,18.48000213656315,16.623329143008036,0.08041447973103716,0.05618300810164227,0.12575796,0.038681094,143.5546875
genres_original\reggae\reggae.00070.wav,reggae,-136.78912,70.87399,75.59191,27.323767,-5.33347,22.307325,23.440128,20.347176,0.7612741,14.814383,12.292592,11.1572275,4.4802775,12.920982,5.1578503,10.875118,-0.07490856,9.118036,9.033966,10.376559,4.902392,10.765122,2.3301923,9.6784725,5.4751735,9.657008,0.6624333,10.832977,1.474683,9.667467,3.8372912,9.01516,-1.5902513,8.909756,-1.7209573,8.437762,-4.4434395,8.514478,-9.697896,9.232108,0.31622824,0.38769716,0.5715263,0.38705882,0.2865407,0.27715,0.36779463,0.4563027,0.365399,0.38386267,0.43254334,0.3345408,2288.9314176081257,754.8974927584633,2534.0413134160685,457.8789736446686,5006.536392826045,1585.0363512191448,29.183631962585945,17.12979743733494,19.981171710953028,19.359420938019507,18.275216652966225,18.23896401048664,16.51313077033075,0.06099963114357585,0.03435669048469414,0.14901283,0.042362005,172.265625
genres_original\reggae\reggae.00071.wav,reggae,-141.76732,92.36203,44.179897,46.616985,21.717089,24.44577,43.29201,19.967266,21.74255,19.589748,11.178962,16.082706,3.543304,14.373454,15.015563,10.350808,-1.7441003,10.798503,6.4359937,9.959319,6.9099855,11.267164,0.70325834,10.618481,3.9693093,9.896942,1.4794365,9.569884,4.678296,9.221862,0.90257126,6.9464645,2.2230742,6.7799673,3.3757136,8.193705,-2.6652098,7.3494024,0.5095784,7.2455893,0.51322544,0.42891857,0.41905424,0.36489353,0.38334975,0.37804124,0.36190185,0.42941105,0.38788122,0.43403018,0.39848286,0.4078219,3109.580608719877,1347.4707836295997,2852.420966793385,518.2577602367081,6392.311346567822,2188.513019281678,26.890613969108973,16.938973010943023,20.63250333346279,19.65098358446656,18.920544227201294,17.747348699146983,16.295928419102705,0.12166630889609133,0.10428591542679047,0.15084101,0.06998157,143.5546875
genres_original\reggae\reggae.00072.wav,reggae,-94.140526,79.14728,68.22994,32.725433,3.97548,27.26726,7.6313868,22.513487,12.791034,19.832634,-3.185735,14.465553,-3.9074442,13.754461,3.8176005,11.900471,-6.1216516,12.859802,-0.35184234,11.267133,0.3375633,12.432518,-4.6744213,9.34151,-3.0098026,9.721796,-2.9692576,8.955882,-3.1980948,9.277881,-4.9229474,10.320736,-5.001903,8.650838,1.3904978,8.693597,-2.0881765,9.1038885,-2.0886397,7.505503,0.36775035,0.46307948,0.48164988,0.419139,0.47144493,0.4466011,0.5133134,0.40430114,0.3930134,0.48327735,0.37040034,0.37864867,3086.1860008884605,1138.4575068713755,2974.065400197414,521.2406104313634,6572.1602590460525,2157.3218815760597,25.99807509920521,15.129825933298893,17.74818580020449,17.765485085564112,17.405047939999303,16.60057843159827,15.206338129076737,0.13607514089106038,0.08655133705950373,0.14293236,0.06894711,112.34714673913044
genres_original\reggae\reggae.00073.wav,reggae,-105.88102,44.447174,87.996155,27.46799,19.372705,22.061836,30.624931,15.706683,10.024096,14.578687,18.020147,10.167636,3.6549273,9.494031,8.923997,8.640728,5.8252344,8.386857,8.8736725,8.660793,5.6649575,7.326793,10.555123,6.1130714,5.901164,6.9801307,6.1043887,6.228588,7.049708,6.4397264,5.0997863,5.8373895,4.457999,5.842811,2.1786814,5.575962,1.3961858,5.8533764,-1.2673674,6.01749,0.52646667,0.42427605,0.3722451,0.3334418,0.36696297,0.39819455,0.3482054,0.37860432,0.4196706,0.55891013,0.67603546,0.59057975,2153.2951509096097,811.5503293373595,2667.525534673681,514.5754856373042,5073.910985421101,1829.6877231751612,24.8988467169273,15.05901320359053,19.48172524785079,17.925213158741343,16.714412074069603,15.561437296930603,16.215586984488542,0.05106696255804954,0.029544396890259724,0.19222166,0.03613924,83.35433467741936
genres_original\reggae\reggae.00074.wav,reggae,-105.86871,44.450336,88.181656,27.382296,19.302423,22.010256,30.579697,15.737412,9.9836855,14.636906,17.954727,10.181326,3.6897562,9.5539875,8.922591,8.658771,5.854974,8.402525,8.851583,8.683584,5.623592,7.3510203,10.514843,6.0872307,5.916853,6.9916396,6.103881,6.215754,7.0478773,6.4442563,5.0836625,5.835011,4.441309,5.857749,2.1635664,5.58072,1.4177475,5.8783236,-1.23278,6.035557,0.4883217,0.39988965,0.35541636,0.34264335,0.40043646,0.37331396,0.35737684,0.39804143,0.47629416,0.6485804,0.65921605,0.5562593,2148.603575494345,808.7054637724887,2665.358067100445,513.3101120674922,5064.42770943184,1824.3968116846872,24.881745454867776,15.064880723526649,19.368720265913133,17.908722016920944,16.70644894475707,15.53484248595647,16.214346344287055,0.051022745138351394,0.02961135106819544,0.19221866,0.03615637,172.265625
genres_original\reggae\reggae.00075.wav,reggae,-63.8221,52.627064,88.25405,26.497435,-27.603098,23.933403,18.600967,16.068907,-3.5774837,20.27778,5.1981163,11.147817,0.9838291,10.859056,8.05298,11.153793,-4.396183,9.426428,2.2758758,8.607773,4.1544557,9.718111,-2.2084978,7.5335674,10.266527,8.421232,1.8743328,8.718996,6.291246,8.613334,4.695101,7.33301,-7.7507067,7.141762,4.5987053,7.870029,-1.5900236,6.8354554,0.6310115,7.627633,0.42140117,0.39174134,0.48697644,0.37680128,0.32070974,0.35645887,0.33121234,0.39641076,0.3191622,0.45857963,0.4075687,0.40941194,2481.191325890234,658.5147966571161,2323.8040355304543,427.68803382305555,4846.387361225329,1416.4053976517218,20.383832618421803,13.501517528121973,18.004185318330695,18.827053800944054,18.748313884206357,19.75392165888749,17.727320760764616,0.13506002987132354,0.054856134932716225,0.17095791,0.08145701,143.5546875
genres_original\reggae\reggae.00076.wav,reggae,-105.70985,95.27084,76.10178,42.59452,19.510614,27.13072,36.709297,17.243353,3.7498503,15.446477,11.684268,13.637657,0.075893484,11.05178,7.092368,10.932847,7.6598434,11.770544,10.457497,11.226961,0.99036324,11.076533,-2.1993623,8.651796,-1.5104167,9.372976,2.6376312,8.345966,2.1172302,8.031898,1.4288856,7.2882385,3.8492973,7.13844,5.6981025,6.406594,-0.13352454,6.9937205,-1.5506123,7.1185327,0.3588648,0.26509896,0.26124936,0.34725323,0.5596397,0.39820892,0.39351416,0.4687298,0.5488633,0.7327664,0.5044283,0.4464968,2456.1544092561144,1216.724431819346,2559.7410978450016,560.0449994075443,5054.527769295424,2315.552418722907,20.515214323094987,16.55676518655695,19.260531265774457,18.69369462401319,17.876946392319976,16.727841468574276,16.78153548271989,0.08827233093072756,0.07635196516638545,0.21068911,0.081474684,161.4990234375
genres_original\reggae\reggae.00077.wav,reggae,-151.77394,51.680405,105.12452,27.392248,-6.166163,22.302313,47.9461,14.039178,11.344109,15.201232,15.087999,9.992402,11.635067,10.618482,6.6077847,10.350971,6.8175387,7.721703,2.3976097,7.584708,-1.0347644,6.874795,-0.2205722,6.5124063,-0.64231867,6.7461634,-4.031569,7.3593063,-1.7196908,7.0840297,-0.66756886,6.082269,-6.97883,7.4681873,-2.4290376,5.3541026,-1.1788956,5.245415,-3.809996,5.982359,0.49007773,0.37335584,0.35111496,0.32970184,0.37832335,0.29763013,0.33106455,0.37199408,0.37276924,0.4742069,0.45061013,0.5250283,1778.3264606974715,574.7001125485367,2174.118858547304,389.4103869744014,3821.9518891798084,1201.3301594965185,20.29648008506447,16.352153034006815,17.306663205969446,16.323719507576328,16.453339320798975,18.95165771943295,16.05060896214609,0.06091951069078947,0.03629368485464639,0.11652951,0.038973723,143.5546875
genres_original\reggae\reggae.00078.wav,reggae,-175.48697,83.08338,78.02302,40.396748,-2.5604966,34.67095,52.86769,20.702509,15.8424015,15.7643795,24.755295,12.59529,5.29587,10.311878,8.655302,10.951724,6.6522336,9.4145,9.806406,10.476708,-3.3547556,12.307449,4.118611,9.646785,2.3579514,8.869937,-3.3535118,7.910312,0.7974127,7.830601,-0.26391485,7.681044,-6.3318634,7.0954337,-6.457859,6.871422,-1.2566739,6.9522734,-6.4551945,8.061776,0.50112176,0.4935998,0.53496164,0.4773943,0.4032252,0.3766974,0.38120502,0.5248658,0.42370605,0.39861268,0.49949992,0.4189407,2317.475828683245,1022.8497317534643,2334.6857563992066,604.2562977548163,4680.663363335671,2040.24237025902,18.842001013902532,17.417822645086847,19.29656435806474,19.450180395979743,20.306073669831175,19.841170610270147,17.784877838670536,0.09380782277960527,0.052912457238999254,0.09433407,0.031337388,161.4990234375
genres_original\reggae\reggae.00079.wav,reggae,-155.67242,67.46909,57.027367,43.88159,-35.247707,28.023764,33.286343,14.990452,-14.187575,12.548246,25.281809,15.576859,2.5339673,12.880059,4.2479243,8.33042,8.487785,9.029988,4.567988,7.3283305,2.8205197,7.40088,2.5739942,8.4452095,2.8225186,7.826561,3.6183274,5.449557,-2.8702095,5.6454277,-7.497378,5.58435,0.19377783,5.119167,-1.4596338,5.1916943,-2.1718602,4.979572,-0.059627283,4.6430674,0.5323645,0.7018124,0.51973087,0.58758736,0.53191036,0.41922176,0.40638247,0.41733444,0.4557612,0.38722056,0.37544602,0.3814895,3003.0228526329006,1042.456900164503,2214.713375068283,319.56835455478677,5294.126320475764,1223.6861960762806,22.742467120178226,12.835504975030442,15.074652638288589,14.56656489367287,15.590967495518209,18.29059585676677,18.65761696716272,0.18643386888061145,0.11089932004705305,0.08061355,0.051384825,151.99908088235293
genres_original\reggae\reggae.00080.wav,reggae,-103.10473,76.34895,67.23044,29.17632,2.239865,26.8265,28.497494,16.898632,4.176846,14.821677,11.877421,15.034126,14.268192,15.694615,14.302058,11.016231,3.2598321,10.354397,15.845577,12.062635,8.033733,11.283023,4.4579153,7.177511,8.679057,7.6628766,8.057954,7.3119454,7.979672,8.415718,5.031801,7.930737,3.738449,6.6515775,-0.32675496,6.5418463,-0.938553,8.1814375,-1.0842904,8.767568,0.52742565,0.47339925,0.3935223,0.33319345,0.326706,0.37013638,0.4277951,0.41461134,0.51664156,0.56989527,0.67501134,0.69624275,2538.8183244874817,936.359439579804,2644.457246211116,407.9218410142465,5260.409857687935,1670.4713287254988,19.45784022827899,14.785502439608107,18.327084699548085,18.21727642575318,17.729166111243586,17.768362852738644,15.907171028079228,0.09431537828947369,0.07066754984854563,0.19575419,0.10297495,99.38401442307692
genres_original\reggae\reggae.00081.wav,reggae,-115.72032,78.96916,67.04471,31.10226,1.920735,29.652546,29.123379,17.837837,4.0074277,16.000916,12.044658,16.077953,13.988451,16.308693,14.918452,11.4266815,2.299447,10.662606,17.055819,12.934041,7.56818,11.205811,4.992762,7.4018497,8.547549,7.829174,8.288142,7.480552,7.8985267,8.479237,5.850145,7.9849453,3.1114364,6.716273,0.05498644,6.5589147,-1.545289,8.485638,-1.2790091,8.76374,0.57379746,0.48842752,0.4237274,0.3416715,0.32291695,0.3358714,0.4150069,0.40563616,0.46886384,0.5623523,0.62295413,0.72107196,2567.6720453746466,990.2586995401847,2630.235731297356,465.8323870284688,5315.526191073674,1771.1465755266702,20.057244000432284,14.843461771458736,18.432640255386,18.406825544523077,17.79023004320676,18.214213990482982,16.49638159523325,0.0994389300744969,0.07508152885551328,0.17930914,0.099637896,99.38401442307692
genres_original\reggae\reggae.00082.wav,reggae,-115.72032,78.96916,67.04471,31.10226,1.920735,29.652546,29.123379,17.837837,4.0074277,16.000916,12.044658,16.077953,13.988451,16.308693,14.918452,11.4266815,2.299447,10.662606,17.055819,12.934041,7.56818,11.205811,4.992762,7.4018497,8.547549,7.829174,8.288142,7.480552,7.8985267,8.479237,5.850145,7.9849453,3.1114364,6.716273,0.05498644,6.5589147,-1.545289,8.485638,-1.2790091,8.76374,0.57379746,0.48842752,0.4237274,0.3416715,0.32291695,0.3358714,0.4150069,0.40563616,0.46886384,0.5623523,0.62295413,0.72107196,2567.6720453746466,990.2586995401847,2630.235731297356,465.8323870284688,5315.526191073674,1771.1465755266702,20.057244000432284,14.843461771458736,18.432640255386,18.406825544523077,17.79023004320676,18.214213990482982,16.49638159523325,0.0994389300744969,0.07508152885551328,0.17930914,0.099637896,99.38401442307692
genres_original\reggae\reggae.00083.wav,reggae,-285.9736,87.07784,138.68747,37.685467,19.947643,31.634892,35.24512,20.93256,-7.9940906,18.378223,7.078869,12.522882,5.40513,16.139818,-3.2063923,9.054814,-1.1585747,10.082586,3.2082622,10.238617,1.4964437,11.267142,-4.0358186,10.993001,-6.3341928,12.197221,-0.928938,10.970854,-4.363625,11.636232,2.8833332,8.721757,1.2566572,11.612024,1.9725599,11.868454,0.7886767,10.449625,-4.2886114,13.331366,0.4314304,0.3116672,0.37194157,0.22281559,0.31665742,0.38884103,0.23525743,0.31769815,0.30970204,0.4517646,0.30100742,0.26237983,1366.429347381977,684.9165947290661,1737.328608890746,430.8544969933774,2562.884502588042,1613.2904586728703,21.351008305895967,17.538810129570155,23.072960858526784,24.33213366654949,21.913780431223216,21.920212976365367,17.521540512730564,0.07119609254063468,0.052428499629134706,0.0567255,0.032753885,129.19921875
genres_original\reggae\reggae.00084.wav,reggae,-150.91211,64.87862,111.76167,28.973194,2.915668,21.465712,42.73335,14.279202,-3.5954196,15.8682165,15.153263,9.888249,3.4516783,11.195345,0.18917769,9.715523,-4.718382,9.574633,3.858657,9.560627,-0.88960326,8.213764,-5.3516603,7.790121,0.68947554,8.301336,-1.2251097,7.488361,-5.0513124,7.5957723,-5.0716324,7.2197757,-8.564148,7.7192464,-7.982334,7.137033,-5.302202,7.360947,-1.4553043,8.20834,0.48807508,0.6970651,0.37202358,0.27145505,0.23244561,0.32221776,0.19557832,0.21285582,0.30849794,0.25804985,0.2355136,0.23498979,1788.5445972751872,653.3943960702352,2121.0282353750026,374.45799875431834,3820.201899761755,1299.6626002847536,17.32351639751377,16.312708863840793,20.096461747382175,19.057641078685958,20.072902242902185,20.082070663444544,17.756117252359022,0.07602221604102168,0.03889219076157057,0.1142016,0.036047895,198.76802884615384
genres_original\reggae\reggae.00085.wav,reggae,-175.16914,90.00171,116.62998,27.58228,-55.129204,26.053871,59.90558,15.830106,1.9614096,18.552286,1.0681366,14.536878,14.602345,12.255494,-3.231406,11.948846,2.7899191,10.082608,5.709691,10.441856,-1.8400207,10.138488,7.8743434,9.321045,0.40650472,8.368386,0.044501197,8.501281,-1.159,7.6831183,-4.5109925,6.9936557,-2.9495673,6.2844605,-3.683358,6.3307424,-2.5156965,6.129291,-7.0522876,6.2822185,0.38753697,0.31912062,0.4245424,0.4109213,0.5092261,0.46302754,0.41420853,0.4855077,0.38925162,0.32936713,0.28209206,0.33508435,1797.4051726737525,526.7886466561417,1649.7447379348403,213.62599111112007,3440.079198311726,670.3471728506538,23.525524508093884,16.104445248004822,18.406046964800932,17.4442138867159,17.409349426235714,24.11123520749155,17.081080482676718,0.09941020764802631,0.06202163933407184,0.11948926,0.05977037,86.1328125
genres_original\reggae\reggae.00086.wav,reggae,42.112865,121.22608,37.42417,63.49255,-7.9223094,25.490635,4.4919896,15.43057,8.947957,18.650677,3.5308406,9.144105,3.0852084,10.959046,1.6274316,7.011907,6.2675347,7.8396454,1.8218068,7.9416924,-0.5613663,4.8785477,-0.3943432,4.320407,1.6282496,4.8868566,2.90749,3.7625837,0.38150212,3.1204214,-2.3099115,3.0340571,-4.141039,3.8724186,-2.1888423,4.250217,-3.3363507,3.6582448,-1.861262,2.8066747,0.61550665,0.6404769,0.7292854,0.60432696,0.6755865,0.7030096,0.59996855,0.64275885,0.5856026,0.63676965,0.73247534,0.7967298,4434.948742523192,1742.272545660003,2844.427231290672,698.0186106932296,7624.545562082769,2942.9597453326232,12.871419965462033,10.63291817881179,11.629248876223786,14.009265527475238,15.70567478017419,16.353422266924145,13.258908131450925,0.2602225383368808,0.11250027306805091,0.35094303,0.12005413,129.19921875
genres_original\reggae\reggae.00087.wav,reggae,-110.20218,78.93011,48.547993,39.1341,29.644615,21.262703,18.442467,20.736185,-0.4723488,14.538484,4.6547112,14.684129,-2.267071,13.023008,-6.588416,12.75811,-2.1527016,11.944552,-0.15998103,11.572064,-0.6845915,10.363197,0.54417455,11.711841,1.9038584,10.591595,-1.0631888,10.364756,1.7236896,8.246721,0.8197152,8.087818,-1.6870393,8.82597,2.6605754,8.354876,3.1008935,9.794207,3.7421093,9.228386,0.44413525,0.3737591,0.41002458,0.38679475,0.44323552,0.26491052,0.27719152,0.40472713,0.36604202,0.41544902,0.39495587,0.4715284,3296.209659000533,1454.3656806760134,3064.6375918381927,468.64186456367526,6908.908222777187,2223.547018863295,22.747065013998096,18.412518625150703,21.609598631633297,20.685295085081627,20.191702489204015,17.467724099831425,15.599731201322841,0.1218802153879644,0.10951695867506624,0.20783828,0.11355698,83.35433467741936
genres_original\reggae\reggae.00088.wav,reggae,-75.2325,50.30556,44.853004,22.408484,10.078607,17.940153,1.1481962,18.014626,1.1562961,13.642661,-3.1406856,14.330922,0.1397599,13.073815,0.07932737,10.442974,-3.4337423,10.340977,0.11067809,9.925556,-1.9280567,9.072168,-2.314652,8.746159,-0.07721777,8.465383,-3.4861436,8.152873,-0.37647754,8.971481,-2.729149,8.975976,2.5087376,10.463151,-0.99313956,9.618682,3.6319659,9.774433,-2.5960572,11.057086,0.37101173,0.4404715,0.33494473,0.3802913,0.34795526,0.43556705,0.354166,0.3219178,0.47324634,0.3725055,0.39180097,0.2845193,3881.383875119963,697.3446439636266,3361.8478582878743,239.8250147140509,8250.366777827496,867.1177674427735,24.868302229760925,15.668059563609983,19.099172248145205,18.787362186673402,18.786698219307613,16.857580886141356,15.722995015637647,0.18931631554760062,0.08509864811734172,0.12002136,0.041697733,107.666015625
genres_original\reggae\reggae.00089.wav,reggae,-194.45694,90.6578,157.13971,38.931145,-14.128242,27.869734,44.053368,20.877127,3.4784238,13.530459,17.465809,9.188941,2.9772441,9.900578,5.833764,6.8388653,3.0153089,7.6851354,1.075528,6.862889,2.5912235,7.4554276,0.79981035,5.4817853,0.649177,5.639333,-2.4909732,5.6967897,0.8378124,7.046076,1.3831848,6.5147433,-4.2748632,6.1423306,-0.533515,7.6528163,-1.9673729,7.559969,-1.341783,6.6870875,0.30769253,0.33822197,0.3811329,0.5731136,0.37751594,0.32100856,0.30224308,0.4234318,0.5318668,0.3849744,0.2851246,0.20762323,1052.002100832133,544.2246559586815,1401.116765374739,363.51934466783234,2054.704242151219,1155.1983500770039,17.10500102549582,16.38033621224169,19.060064458676703,18.99962963426284,18.136601614733888,18.22095061729263,18.653217510484467,0.03803831874032508,0.026561536380940772,0.15138194,0.06290868,151.99908088235293
genres_original\reggae\reggae.00090.wav,reggae,-127.36403,70.34578,65.991806,35.888405,4.458125,29.460207,30.058987,16.31705,16.647373,13.674473,16.524984,12.916443,-6.399657,12.095494,15.28876,9.977581,4.6200223,10.138856,5.1040297,10.471912,5.5857096,8.815265,-0.76974225,7.553414,6.062219,7.7536936,3.7929256,8.150156,-2.1860957,9.198092,2.0060635,8.337758,-5.5619044,9.505278,7.7648034,11.114129,-1.5139074,9.818739,5.000389,8.216226,0.45637834,0.42547688,0.5823561,0.40804195,0.41352406,0.41979715,0.5417264,0.6070968,0.45585912,0.46607283,0.39981055,0.46390867,2867.992801312542,1163.7989274357194,2676.037975462006,474.95445735603687,5796.573282247727,1889.9865909640835,22.97773382411831,15.89381910011455,18.545844793006488,18.171514289648147,18.417830024169312,17.723440956009313,17.687778891245692,0.13065151533475233,0.09885469574750745,0.1442626,0.09096025,151.99908088235293
genres_original\reggae\reggae.00091.wav,reggae,-159.94081,51.319637,92.81088,25.125452,-28.709526,23.41667,31.46426,16.363096,-6.6107225,19.241505,12.638019,11.1701,0.8522681,11.099042,10.961095,10.802773,-2.074935,9.776486,3.66625,8.641048,3.579506,9.483722,0.3230552,7.4345336,8.548466,8.669531,2.839417,8.987263,6.749161,8.847895,4.869925,7.516227,-7.0079427,7.1742105,3.97035,8.063899,-0.75895715,6.880641,-0.32640776,7.636222,0.42887798,0.38624588,0.47761688,0.37831324,0.34019318,0.38051876,0.3520676,0.39808422,0.32609946,0.45935658,0.4190179,0.42954144,2314.4949684089943,559.4413706520235,2180.528443145433,366.3653226881863,4561.047419970249,1119.7028209690557,19.579288509615026,13.71196604013708,17.795922492943625,18.529055448750967,18.991060279054775,19.766232640271674,18.628995546443576,0.12388965146091331,0.04818122652856555,0.0688135,0.030584881,143.5546875
genres_original\reggae\reggae.00092.wav,reggae,-138.14389,51.243484,101.46947,24.60836,-35.31705,22.71766,36.162956,16.1284,-9.493778,18.849255,14.762183,11.532178,-0.23332852,11.895935,11.528228,10.80779,-2.106009,10.215713,3.4052167,8.98479,4.2047963,9.781469,0.13827944,7.6956887,9.009115,9.174852,2.7621336,8.949763,6.2368755,9.356986,5.7381325,7.900402,-7.9380713,7.599218,5.2025204,8.434472,-1.4864929,7.4706264,0.45219177,7.805603,0.42344898,0.39148,0.4849684,0.35996056,0.3491307,0.3758503,0.35510296,0.3995307,0.33075112,0.47882724,0.40713227,0.4315076,2170.7030022441018,497.12240245617045,2054.8194306433775,333.7586057676533,4306.940623185952,1030.5460893281731,15.843787014056673,13.730883119992239,17.847604826590015,18.68932570393938,18.73996733429844,20.097299647218435,20.783703711883714,0.12004009046052631,0.046923070042571915,0.0921382,0.04132403,143.5546875
genres_original\reggae\reggae.00093.wav,reggae,-147.45053,74.54612,113.27776,27.703632,-6.2796283,26.711952,9.0886135,17.42611,24.541443,21.023966,-9.80251,16.459454,13.136196,14.745209,-1.99092,13.444755,-2.7045507,11.979972,12.230323,12.097565,-4.1125245,9.792986,-1.0004733,9.969696,1.969945,8.337809,1.4699806,8.89115,0.0039844336,8.933536,-3.0055423,9.508817,-3.5841718,7.537683,-3.887594,7.850327,-0.5127023,8.622749,-3.0621505,9.040276,0.3414141,0.31133205,0.4563488,0.317015,0.33373323,0.26009125,0.38055396,0.56091166,0.39782915,0.3928106,0.30323,0.39490402,2109.63621278955,836.4351489312521,2528.0994364888293,702.913897002118,4606.555478122581,2543.0312583465056,20.661669670575833,15.570140513761453,20.28925430649577,19.36957100795594,19.989476914716352,26.174784431212345,15.924087012440385,0.08934072961010062,0.04462972391776663,0.107127175,0.04196894,89.10290948275862
genres_original\reggae\reggae.00094.wav,reggae,-97.762924,45.20421,108.83715,28.81127,-24.923462,18.419271,21.31974,13.741153,12.549697,10.576103,7.7659984,10.00229,-3.3035848,9.593777,3.5284224,8.465319,0.6894372,8.509578,4.1955223,7.286217,-9.684725,7.3610053,4.2615576,6.508817,2.456917,6.8595586,-6.625021,6.0860453,-3.161061,6.150565,-1.1035149,6.9342265,-4.836193,6.422332,-0.11613144,6.737755,-7.434683,6.5401573,-7.7060375,5.8465266,0.28079242,0.280237,0.4561777,0.50946444,0.29155806,0.24903895,0.27464953,0.36772445,0.44760278,0.38568795,0.47940695,0.36506566,2022.437501264683,738.8769098957176,2129.4475446132888,429.3062459627638,3834.176815257353,1546.7318773668508,28.171428282229698,16.09946042318847,17.993013628175813,18.093292229762177,20.12770282789285,18.9174378362017,16.995299920765547,0.09566646611358359,0.05108440476826419,0.13470538,0.036216013,129.19921875
genres_original\reggae\reggae.00095.wav,reggae,-69.031685,52.687885,79.13812,16.910406,13.089321,22.857466,29.371021,11.680779,0.2655617,10.276487,4.15653,8.534005,-0.4426138,10.931842,0.18855521,8.961525,2.8111448,7.816736,0.5979991,8.878719,-2.7980497,5.969211,-0.51655084,6.4612627,-3.1858015,6.757849,-7.214459,5.823697,-4.4119577,6.2517543,-6.804215,6.377077,-9.37836,5.397889,-2.347947,5.6429367,-5.9510307,5.4449105,-7.3565593,5.7457066,0.658993,0.4136091,0.3295867,0.33563614,0.48205888,0.45837128,0.41326967,0.48889482,0.38429978,0.40171364,0.32381758,0.4047624,2617.582608076272,713.5715515017517,2787.620433735666,395.13942658545307,5720.398742864744,1351.469264871593,21.43699950861072,15.566390234878371,17.004960364004486,17.456852847692108,17.606016707244944,17.98149235372741,16.14736601252419,0.10321517330205109,0.05123071935770796,0.16228151,0.064256966,123.046875
genres_original\reggae\reggae.00096.wav,reggae,-167.0121,82.87827,116.64277,27.341562,-44.190365,30.052279,70.50381,15.164269,2.3206954,19.791355,16.017593,11.445685,12.503347,12.545661,4.1003556,10.984815,5.3281403,9.99722,4.525841,9.174728,7.307662,8.434727,7.587458,7.940422,2.906153,7.638187,1.4778135,7.590812,1.1352507,6.873097,-3.127623,6.4540486,-1.9610994,6.079139,-1.0093393,6.2755094,-4.6560035,5.659551,-4.9569874,6.002256,0.38067245,0.32076773,0.39419526,0.41313866,0.5369634,0.5150275,0.5473414,0.52100074,0.37126338,0.3118936,0.29390854,0.3890488,1629.473422777735,715.1470857036228,1578.5745901784658,291.8583217667415,3183.1557518926566,1194.6451536105915,18.236299103047912,16.424035491605462,17.746755798944818,17.06487466866674,17.49700418829635,21.181629332777984,21.934063553113404,0.07962990397639319,0.06443671932503761,0.16214606,0.07133423,89.10290948275862
genres_original\reggae\reggae.00097.wav,reggae,-142.7909,63.743015,103.117455,20.322475,-15.232358,23.125162,38.268044,17.670084,-12.985988,11.950964,2.7495263,12.519441,-1.675033,13.996947,-3.4322703,9.265415,-4.448259,9.387142,-9.285493,9.292593,-10.124065,8.248271,-2.116807,8.215597,-4.4709153,7.627882,-7.905639,8.451205,-3.747282,6.6002493,0.5096163,7.8838162,-5.032232,7.2584753,0.30626726,8.6118965,1.5896962,10.90366,1.2246901,10.544792,0.41541505,0.24095544,0.22183582,0.2027217,0.29228106,0.36334327,0.19190554,0.23002899,0.25689626,0.38656634,0.24952027,0.21313028,2007.1841367892719,552.7055685878354,2111.065943270962,344.47460314137084,4137.408314991292,1045.048756634248,15.767379549533922,19.09934819100717,20.62482744344697,19.419295706619938,21.30413928437162,21.026924459326825,17.532969842977593,0.09403079951141641,0.04153411097945919,0.110719286,0.051044982,161.4990234375
genres_original\reggae\reggae.00098.wav,reggae,-134.68275,71.07861,93.56442,22.706259,8.52157,17.790953,34.86943,14.475591,3.2855153,9.978087,15.515956,10.640052,4.9638395,10.026114,8.545496,7.774124,-1.2880833,10.114012,2.734835,8.955799,5.0694065,9.789734,11.86001,8.250658,4.4103737,6.436811,2.0628667,7.138733,1.3174813,7.49628,0.2947642,6.8175287,-2.326158,6.330128,0.3839458,7.1349583,0.9154463,6.7142305,-0.44093442,8.8924265,0.5696136,0.44795835,0.5165777,0.5206901,0.4264378,0.3607323,0.34307808,0.4693626,0.3076239,0.25402257,0.27124807,0.4332445,2025.3801449478724,757.8166806914471,2397.7380593665207,394.042712148256,4461.0230248040825,1745.3119635720893,20.7394807726058,14.903752507441324,17.670946407055517,17.801759093904575,18.797825806056775,18.308566882376113,17.673910235438882,0.06482538276412539,0.04142857278995524,0.13910417,0.046858415,123.046875
genres_original\reggae\reggae.00099.wav,reggae,-67.13854,53.120506,80.72981,30.958967,-43.87338,17.563623,57.724434,8.306716,-12.790913,8.203134,33.593773,8.387038,-7.733453,7.427806,14.1250515,7.362527,-1.2325958,8.309574,7.4195833,6.8235736,-2.0364301,6.4632573,6.1105623,6.9121175,-6.631474,6.588035,-1.0051322,5.556233,-4.763684,5.0821133,1.052848,5.7808,3.491624,6.5541353,4.5339885,6.3499694,-1.2926301,5.060893,-3.1491413,5.004514,0.4061829,0.42151082,0.40875655,0.489027,0.5997871,0.545586,0.37311348,0.35859278,0.34529907,0.65411764,0.3075565,0.26522276,2466.3392174966807,673.5117468926255,2006.314276490286,175.97260275248354,4722.8464415937015,799.3202925070041,27.486672728565352,14.441396582231622,18.92720738450305,18.127658107000574,19.832256334350877,18.439880525009297,30.19849272830195,0.13958721338041796,0.06456079525441209,0.18010452,0.038568363,117.45383522727273
genres_original\rock\rock.00000.wav,rock,-116.63067,76.48398,109.278175,22.023754,-23.151485,19.208176,40.68846,12.692881,-11.896858,13.991223,23.155596,11.283404,-15.398657,11.411636,15.127643,7.982919,-13.522637,10.575397,12.695952,7.6960273,-10.886425,8.777678,8.505531,7.3922176,-11.578761,6.2538466,2.1894636,7.7293296,-6.196372,8.494597,2.0095913,8.459683,-7.949274,5.9650846,2.0847383,5.7469454,-2.386689,5.512411,-1.5323056,7.603111,0.37515476,0.48952368,0.49552426,0.4170993,0.47670546,0.33138135,0.2834652,0.32564148,0.38808584,0.50386626,0.2875724,0.27481368,1995.8245086755824,503.2479518265533,2096.9118028235716,310.04778845038726,4226.8911072344235,1127.2372989612477,18.746500614850373,16.97525175924044,18.788798225623918,17.523662252086186,18.785107672594656,17.93649449298082,40.57927797010566,0.09019522179760062,0.04045990416296029,0.12913728,0.071991,123.046875
genres_original\rock\rock.00001.wav,rock,-111.17635,56.11677,134.16852,27.307257,-24.66732,17.84808,41.557487,14.262846,-3.073013,11.459232,28.49442,8.553893,-10.584973,12.10433,14.932527,7.324203,-14.398836,10.905067,8.850728,7.04013,-4.5540066,8.448205,9.94825,7.877291,-4.6702332,7.349253,3.6337464,5.8960886,-5.548107,7.027742,3.369797,5.310662,-4.9497495,6.185684,-1.4712833,6.166237,0.09478977,5.6296425,-5.328055,6.0989156,0.29505676,0.31933457,0.33850864,0.39400008,0.47900763,0.3134172,0.27690053,0.30851236,0.4132935,0.49731746,0.39401582,0.35675818,1529.3175590522958,476.45212716599093,1845.2562029091944,343.79022256978675,3271.6468834655575,1167.2510682961654,26.11567976872033,17.492674388579367,19.3926591984323,17.600756044473247,19.154693260087463,18.449178270550142,38.430864414013904,0.054981526944659444,0.029165058446442287,0.1804532,0.0701067,151.99908088235293
genres_original\rock\rock.00002.wav,rock,-120.49428,89.97153,117.59749,29.263115,-27.599688,23.406284,42.82584,13.932437,-6.756322,17.219053,21.662518,12.474016,-12.098573,10.677992,17.943407,7.722168,-10.448061,10.8514805,12.274321,7.817482,-6.567336,9.615035,13.528419,6.6857986,-2.413079,8.072876,6.703759,6.8616357,-3.1467266,8.58637,5.470716,5.734105,-2.2395399,6.7831078,1.0572804,6.940523,-1.6519227,5.696566,-0.042325426,5.5865664,0.5072118,0.4841595,0.73007333,0.3970712,0.28901187,0.27557203,0.29284593,0.29484883,0.42659095,0.61534274,0.4519976,0.47728053,1874.829786811176,685.1540593805545,1984.0571930092751,410.3759017628688,3929.9762359713623,1428.9818656808743,20.068447209393465,16.559610688558582,17.709955754971585,16.30034513547841,16.413354069959396,16.87053600178488,38.57804838215298,0.0767569054760062,0.047500401201067785,0.14855237,0.08097607,107.666015625
genres_original\rock\rock.00003.wav,rock,-156.60326,73.25851,130.69366,27.101746,-1.4667766,20.154928,36.238716,12.291649,0.37273514,15.680836,31.98139,9.767736,-0.6227638,11.944807,20.141378,8.534289,-11.335083,10.297795,13.838637,7.017066,-3.776273,9.1305065,11.534398,8.371518,-3.2221894,8.297586,5.0622387,7.095619,-1.7910414,7.564516,3.5396824,5.3118553,-2.4512622,5.7424974,-0.7277508,5.7467904,-1.4179354,6.2709455,0.6315324,5.96809,0.34355897,0.25163484,0.24752384,0.3203843,0.4762217,0.48106483,0.44969022,0.48153725,0.4858509,0.44149378,0.30888712,0.273745,1421.488025497938,654.5894348003786,1902.544838210919,414.9608191978803,3042.939933091863,1592.0604233743104,20.769406032568412,16.522688785391676,18.484068446043626,17.73046003236895,17.234196307809626,16.64813998473344,37.688932191611364,0.04309724506578947,0.03065007736724035,0.15116914,0.063112296,95.703125
genres_original\rock\rock.00004.wav,rock,-127.97257,56.444782,134.44722,28.794815,1.025668,21.240263,54.43773,12.438632,-0.46697676,12.697245,35.828342,10.122142,-10.860185,11.542875,16.379753,6.60313,-10.032896,10.635014,6.6001406,9.363122,-6.6998053,8.150161,11.046619,8.206789,-8.382891,8.103343,2.1126204,7.24829,-6.3423553,6.272211,0.99546075,6.1447916,-5.329534,6.805415,-0.8412493,6.5631866,-4.6685543,5.2040653,-4.7869077,5.2585998,0.36350182,0.3675516,0.3594585,0.33117044,0.2857536,0.25748333,0.30428097,0.5337054,0.51680577,0.47150725,0.3643411,0.31727844,1345.8882551386082,690.4415037876016,1841.7380789268636,408.22634896853276,2939.2572267136707,1597.9519871609227,24.872842999942797,17.806221093861435,18.74767288544652,16.634154170890866,17.501376276600475,16.535604152348693,38.62809397208428,0.04109914679276316,0.03642771763540523,0.20868327,0.04268563,103.359375
genres_original\rock\rock.00005.wav,rock,-62.381718,39.666042,153.7731,31.235018,-55.11629,14.936363,28.017727,11.970963,-6.8514705,12.543203,17.47647,9.986398,-22.606953,13.792401,18.144703,8.863407,-12.586429,11.532647,4.494896,8.702206,-8.387155,7.866521,7.2041183,6.8836875,-2.5257893,6.909711,4.835434,5.353166,-6.2755365,5.6507525,-0.7264993,6.7104616,-2.2768297,5.2128716,-5.245155,6.4735775,-5.220955,5.370921,-6.282929,5.780564,0.6358124,0.46363315,0.44848374,0.33139968,0.40364155,0.19784743,0.23316637,0.27615172,0.31390107,0.4836355,0.32158428,0.41221836,1542.2216281068565,335.92140443788736,1591.9057963243029,357.1107665372645,2870.274310510594,799.776855035603,26.64366134697264,15.266973732094279,18.76089684664802,16.51868188085063,18.563583253666984,18.889176402236544,38.912000743540936,0.07701994243421052,0.01786228881351821,0.20368445,0.05564927,99.38401442307692
genres_original\rock\rock.00006.wav,rock,-98.379135,51.929802,136.61774,25.870733,-46.718246,18.429703,46.476067,15.98241,-17.166426,14.613173,10.52016,12.116451,-14.581245,10.815344,16.550787,10.638206,-12.337285,9.935461,3.6909735,9.262659,-12.654891,9.373975,2.9554558,8.875714,-12.512315,8.0321,0.097405635,7.885285,-0.7801605,8.498769,-5.695947,7.950256,-8.634934,8.1042795,-1.901795,7.2682347,-2.1870081,6.4132485,-3.3913445,6.7040305,0.32089934,0.4458318,0.44287023,0.51405865,0.27523115,0.22428523,0.2787034,0.32669312,0.43658602,0.32619366,0.30655593,0.23595157,1675.4999364261103,457.6768065675629,1653.1161464908175,283.60323550180885,3253.7969914014125,854.0661959525676,20.741318422714574,19.378512271274758,20.24289211183091,20.32667121624153,19.636168925101632,19.743929011411236,38.60157266528912,0.0872942567240712,0.03640515147997517,0.180115,0.05979728,112.34714673913044
genres_original\rock\rock.00007.wav,rock,-140.44441,54.192497,149.30034,23.617851,-10.059853,16.540916,38.74818,11.646423,1.5280161,12.756278,20.129011,8.460498,-11.331474,9.5030985,16.29449,8.201509,-13.257334,12.088171,10.190117,9.632685,-9.253554,9.295869,4.7002983,7.136808,-8.369613,7.1477404,2.2758238,6.7603674,-6.5116615,6.934606,-1.624957,7.096605,-6.491124,7.287672,-4.722906,7.0306244,-2.5751228,5.851808,-1.7881634,5.374442,0.40876463,0.3423311,0.3677684,0.29006475,0.51768875,0.52180403,0.33352,0.3176905,0.3559661,0.36624137,0.20831932,0.28090718,1282.2760121933156,547.6809784030427,1729.5806039581284,414.8571407209407,2675.950485560178,1274.6942982329115,25.837678941196245,18.57858369214961,19.686042581802912,18.78403011142524,19.31509399627457,18.30409797351271,37.29535882198905,0.04718867913119195,0.03225144107326819,0.15703405,0.060326744,89.10290948275862
genres_original\rock\rock.00008.wav,rock,-14.937181,24.21933,138.4251,13.92436,-41.898533,8.450453,22.075092,9.866028,-18.672731,7.56588,31.99365,6.0829597,-20.37348,6.3708825,15.692359,6.639455,-17.35271,7.1099024,14.868898,4.385247,-8.898109,5.062299,12.249725,6.0668316,-5.8230095,5.9279156,9.966224,5.4793515,-3.1668837,5.0021048,1.974074,4.6492043,-6.924239,5.1191063,3.1174815,4.472994,-2.9878943,4.346154,-6.678657,5.661728,0.36043298,0.47767067,0.40325555,0.36915687,0.3348735,0.29253528,0.37757516,0.52050453,0.47602507,0.5341757,0.3938191,0.36593086,1717.3419433944864,217.17296868198625,1842.423922778415,180.56813172923404,3362.8629985608554,658.5760817830944,28.393201558230505,14.885806267728393,17.532713221806944,15.985745436872888,18.873741580532197,16.422912203743795,41.792446440690036,0.0849809676131966,0.01758438500609017,0.26079556,0.03035895,89.10290948275862
genres_original\rock\rock.00009.wav,rock,-178.59238,68.9682,153.98979,29.770412,-4.9495,21.371632,21.926918,14.18925,-2.0618474,11.67128,23.677855,8.736836,-1.2919359,11.331212,11.558475,8.4591875,-6.0403795,10.499987,4.955241,8.274884,-2.9516737,7.9040856,5.40618,6.104922,-4.1217036,7.954728,2.9820895,7.210323,-5.323764,7.059756,-8.825106,7.5894556,-11.073638,6.3454356,-3.2127788,5.474089,3.8551214,5.7370505,3.5541477,5.7006807,0.5447265,0.3128713,0.314799,0.22596094,0.3789818,0.54786134,0.6072814,0.536385,0.29801092,0.28620142,0.14531782,0.31569034,1181.5495135430565,524.8676053405902,1607.91698724318,509.3997476457609,2367.927348133949,1443.7121118875248,28.34817674234668,18.108831168240805,19.97612938671857,20.160953612783977,19.676146109264316,16.358625169090082,33.70712933905814,0.04254093701625387,0.019729796434762095,0.12820888,0.061624885,75.99954044117646
genres_original\rock\rock.00010.wav,rock,-108.98643,51.739746,114.95591,21.439999,-5.198552,18.295876,46.20658,13.040316,-9.133127,11.195235,20.515318,11.838808,-17.025162,10.373614,24.214722,9.242599,-8.057453,8.819037,13.438205,7.996964,-18.381256,7.297346,8.588361,7.504062,-11.40596,6.9220357,1.8842732,7.0896554,-10.553585,6.7432923,-0.25984254,5.648784,-11.800165,6.750081,-6.5043535,6.2695856,-4.3081517,6.9426036,-2.740076,5.754261,0.34359473,0.41251385,0.45657718,0.2967618,0.3107102,0.26441833,0.38540116,0.46517256,0.46158773,0.54745793,0.42334825,0.41094187,1857.8624034566851,616.6346826628052,2182.3524539036453,325.8644902152539,4191.499654575029,1284.533139650013,20.290307651077047,17.45325251041689,18.712159757468516,19.76440710147779,18.737355747127978,18.36544424517191,41.12850358429967,0.07170251427051083,0.04235086299071824,0.15343888,0.05189988,161.4990234375
genres_original\rock\rock.00011.wav,rock,-169.74,53.807716,119.115036,24.859205,7.1710987,20.006655,53.430897,14.7067,4.141932,11.816132,23.13069,11.264791,-5.7138543,9.551438,24.995338,8.455161,-9.326624,8.292573,13.470993,7.762689,-14.286962,7.426737,5.954391,7.2268467,-13.598769,6.8773866,0.7701721,7.9916253,-10.468751,7.151502,0.08046678,7.487293,-4.372727,8.433172,1.1727644,9.841302,0.4874291,8.944725,-5.829122,8.702633,0.37819052,0.28492138,0.26896194,0.34165493,0.23046319,0.245456,0.24032319,0.41399655,0.6575385,0.41895136,0.34792027,0.2903081,1536.987179957137,701.2435196697232,2036.9220735430397,416.10208611819473,3415.26268170714,1542.0760064478222,20.668344351290088,19.02375073782764,20.82307031011426,20.895434871719154,19.389439693565897,18.548392153310274,38.549605369962606,0.05433413856907895,0.04011039565297944,0.12337732,0.030746937,117.45383522727273
genres_original\rock\rock.00012.wav,rock,-204.65546,76.105545,107.00343,29.648315,-10.197386,18.806679,45.559887,15.393079,3.03639,15.254057,24.009134,12.848666,-7.5013742,13.382772,20.058527,11.629501,-5.1709266,12.505663,8.742727,9.160461,-10.101094,8.901385,4.3654666,8.646595,-6.9596434,7.763425,4.693014,7.3520746,-8.222786,8.434988,-0.82612115,7.223515,-9.628689,7.5891137,-7.393809,7.4213476,-9.437464,6.2332144,-3.1371026,6.840914,0.3418801,0.41789252,0.3491663,0.29318735,0.3054497,0.27997464,0.30416068,0.27389073,0.36877254,0.41690513,0.3612557,0.35425824,1863.089813447186,901.4165685854452,2067.227436057664,456.6520536307795,3985.167568903589,1653.0687863338749,19.39073865074953,19.17716174517871,18.094950370021994,17.10159574952183,16.811807508904216,16.665330896681603,36.11608251048782,0.06819006385448917,0.05652586771788083,0.07588579,0.03612932,112.34714673913044
genres_original\rock\rock.00013.wav,rock,-211.2083,68.30925,95.768036,29.287775,40.58083,27.423893,68.30281,16.549833,5.3151,12.756938,30.973612,12.039967,-5.270473,10.825573,22.828838,10.890972,-1.6150609,12.170085,17.489037,8.923109,-11.487266,7.768587,8.734695,7.820881,-10.456018,7.3677397,5.72383,7.4210496,-7.8924255,6.917045,3.727533,6.4445553,-6.62752,9.02073,-1.2788162,9.861597,2.7943084,10.306434,6.274991,8.7839775,0.3779817,0.37123996,0.56307614,0.5793911,0.46695542,0.5063029,0.36757776,0.36213464,0.32834882,0.4238718,0.5373134,0.40097764,1596.5231665437616,839.024486043989,2237.464364196617,525.4864182611796,3824.085209613245,2132.8898684197543,19.668828620591547,18.873955960411468,22.873539505537575,20.017571459490874,18.77092775552895,18.94455114101519,38.93560543223057,0.046099872411958204,0.03847871738150854,0.13374001,0.044163357,123.046875
genres_original\rock\rock.00014.wav,rock,-256.5845,111.65917,103.170715,36.632507,-8.463653,25.540792,48.59315,19.019592,-4.1831117,20.753567,17.341555,14.502183,-6.6681957,16.790903,17.038635,13.753729,-4.5991197,13.820827,5.321588,10.498368,-10.013156,11.523849,8.242727,9.958648,-6.1991887,9.439868,3.4362082,9.440614,-3.646894,9.004762,1.6950732,7.8651986,-5.41009,7.768764,-3.2497907,6.5736084,-3.8716667,8.64379,-1.030732,7.521957,0.37801513,0.2916686,0.3035012,0.3133937,0.34859195,0.35688594,0.49946892,0.47686237,0.3838415,0.3095837,0.39841238,0.5060732,1935.4498295716771,957.9746071198672,2007.3329170232043,427.9978967887413,3982.742583567144,1638.2239409820354,17.475011230694733,17.859044210448825,18.55097861579621,17.557146212323435,18.313199032873328,18.086116399359554,34.12848126842165,0.08359435468266253,0.07475118088407692,0.053521454,0.033535693,117.45383522727273
genres_original\rock\rock.00015.wav,rock,-174.94176,59.99569,90.89378,40.53704,-18.696543,25.117477,41.621613,16.075163,-8.882181,17.56133,9.0975895,13.204436,-12.460493,14.268253,13.123887,13.022952,-9.697834,11.621984,4.3378367,10.512313,-13.489968,11.025654,6.743155,10.5409565,-10.383936,10.376206,7.1506324,7.8604355,-5.797456,9.343976,0.7992599,8.019968,-8.139413,8.787006,-5.7164297,7.879885,-3.3642786,6.8641114,-0.42180866,8.198386,0.37177107,0.37833214,0.6903765,0.3370572,0.2434031,0.24768862,0.21075517,0.31393972,0.2894879,0.34814277,0.36734074,0.32631236,2336.111675735068,1023.5346240634933,2099.3117468270693,431.44946137389894,4501.422780512287,1705.5898142971305,16.50992376240174,18.496907213004164,20.568948319591147,18.09142151741722,17.74596766870888,18.096013868522107,38.74961034277192,0.11420150142705109,0.08064180492087063,0.08229963,0.0556795,135.99917763157896
genres_original\rock\rock.00016.wav,rock,-15.687386,18.379215,100.09827,13.5986805,-37.590458,13.127217,45.971,11.228865,-20.773737,9.332349,25.637007,7.32693,-18.64387,7.0780053,26.516623,5.885648,-20.16317,7.1245756,21.12962,6.660345,-13.649135,5.9642777,10.978789,6.7137527,-15.535991,6.181832,3.681421,6.1757994,-7.7146096,6.1003036,3.9337354,5.161615,-8.12184,6.563399,6.954766,6.9255476,-2.0548265,5.789234,3.9079614,5.988873,0.37501818,0.37983772,0.46053827,0.412297,0.47898,0.5261071,0.45214313,0.57760346,0.55066437,0.5032397,0.44373778,0.37631702,2459.3807747248898,359.6951390981868,2221.3829014466087,208.8131479400935,5024.202952665441,801.6322608955717,19.51511702347856,13.045766282719928,16.02142423749165,15.750959346561439,15.786350013664675,16.524841572115683,44.778848195488656,0.1428422957381966,0.034063371145174125,0.18442486,0.032006573,143.5546875
genres_original\rock\rock.00017.wav,rock,-41.43264,32.169716,105.41607,15.662668,-43.95048,14.513352,54.109116,10.858244,-18.417746,9.195462,23.52593,7.8821735,-17.617792,7.8901277,20.664486,6.5955048,-18.462946,7.396687,17.481682,6.1657696,-15.181072,6.1937904,11.308914,5.779608,-14.158966,6.3538537,2.8332057,6.6318107,-9.479148,6.227598,3.3370886,5.9619303,-8.206202,5.977433,3.6953027,5.9184494,-3.6791856,6.451582,-0.16170008,6.6344085,0.27014968,0.46608478,0.58875436,0.38037553,0.46104497,0.3602299,0.42718118,0.4226092,0.42682207,0.5578058,0.3253252,0.3401641,2311.9417457073478,398.40704296048506,2060.772911227813,264.60626542912024,4527.939286837268,901.844782140716,19.931937833743742,14.344270788375349,17.140681411241854,17.960995258181214,17.974312402855425,18.460485726632655,42.77364221995268,0.14058758526025542,0.034043832032853064,0.16596873,0.034751005,123.046875
genres_original\rock\rock.00018.wav,rock,-67.55526,37.441563,109.12109,21.34528,-32.731327,18.685873,45.65722,13.137606,-11.699701,9.587356,27.494364,10.917429,-16.341742,9.329822,22.087679,6.95317,-15.454766,7.80399,19.404106,7.242948,-11.62111,7.8980155,11.591024,5.952298,-10.5210705,6.588112,4.4448233,5.939672,-7.010192,6.365458,5.037844,6.185956,-6.7615237,6.7609544,3.813023,6.414319,-2.6553214,6.0196686,-0.055492107,5.6820254,0.4345021,0.42426282,0.43273255,0.46114483,0.5621178,0.5100038,0.53411746,0.56045794,0.49960455,0.43722132,0.4402541,0.46642697,2209.573799429134,528.7599650433128,2142.797814244651,314.3920638883532,4594.563883967444,1123.743578346782,19.14388081501165,12.864303457900522,15.367699959389794,14.428055581715974,15.66429538359469,16.41917168207441,41.766578851634286,0.11580542218943499,0.05007797507329598,0.14070792,0.046685457,117.45383522727273
genres_original\rock\rock.00019.wav,rock,-84.21731,44.811638,102.35073,16.887432,-41.346844,15.828482,47.03288,14.055897,-16.961946,7.971724,26.242182,8.697488,-18.962618,8.361264,18.802517,8.517018,-21.695793,8.403475,11.055487,8.963008,-19.242598,7.1127324,5.239128,7.4080534,-16.765684,5.2302756,1.1029651,6.370846,-9.672752,6.316503,1.0961795,5.9373283,-7.5460687,6.1704164,3.2413175,6.124153,-4.718833,5.261759,-0.31406513,4.669349,0.34302548,0.37124407,0.35138786,0.43198857,0.56595975,0.48306176,0.45348352,0.41918316,0.59120154,0.37475237,0.35064244,0.4948945,2321.139396040278,404.409541395981,2118.8652143813893,251.7424828907095,4701.921568123549,882.4515830922137,20.868647455320087,13.262403078032838,16.617645200460917,15.19763016407345,16.511125057352842,16.963892744170266,41.37615548841842,0.12819952713815788,0.04338128100114103,0.11218207,0.03821396,117.45383522727273
genres_original\rock\rock.00020.wav,rock,-56.94345,44.92745,115.210526,22.390415,-30.444605,17.665895,37.203808,10.797608,-21.994804,11.900802,21.870764,10.312846,-19.770649,8.110653,14.999988,7.2167473,-24.074703,8.614613,17.787262,8.049272,-17.27864,7.329289,6.7524276,6.5333714,-10.744573,7.095127,0.82344145,5.5313344,-10.163564,5.804496,3.6828916,5.7229443,-8.563291,5.9785237,-0.9132154,6.6855564,-2.5268016,5.5698276,-1.9751105,5.940648,0.303364,0.31675112,0.5132278,0.7074208,0.3882829,0.34196106,0.33456203,0.37673125,0.36351153,0.35549548,0.48807895,0.28867152,2188.2645254060567,565.5632079826476,2120.224007635576,297.7443329114196,4432.373198045666,1179.2343498789655,17.653463573734903,14.063629312507121,16.476638198233488,16.11684074824186,16.80992866322284,18.00008386583845,42.33844595617068,0.11758961397058823,0.05075101006941557,0.15241936,0.045143668,99.38401442307692
genres_original\rock\rock.00021.wav,rock,-55.33061,35.372585,114.44247,20.507181,-34.06889,16.489826,37.984398,12.591362,-22.331318,13.600186,18.526556,10.64176,-18.157928,10.461074,13.806143,7.7022953,-27.803474,9.951635,18.161308,8.327142,-14.623385,7.0025196,6.5552106,7.5814486,-8.269667,7.0281487,-2.2520106,7.161993,-11.609422,6.098647,2.4999237,6.335491,-10.946987,6.6044855,0.70855635,6.773962,-0.68018126,6.2606506,-0.06256255,6.7042985,0.30433103,0.431847,0.3516535,0.42407984,0.40294304,0.5365522,0.48439705,0.3690393,0.52508193,0.3544813,0.28349164,0.24662289,2157.829899895762,499.48815540406144,2060.213563519859,248.43526911893878,4244.366001566128,960.6829340860221,16.576772928455394,13.85424489580884,17.333483657878475,17.170830038988978,17.54232531605246,19.450526374959182,42.52463705387807,0.12160357306985294,0.05365369660669163,0.16148923,0.05040263,184.5703125
genres_original\rock\rock.00022.wav,rock,-34.62348,34.249706,106.51091,22.074284,-41.07483,19.709312,33.66884,11.124125,-27.234531,9.857698,21.39769,9.485846,-21.319239,10.452266,14.007782,6.6541495,-27.776123,10.483521,16.06719,8.8671255,-18.824478,6.7214565,5.6543665,6.7655706,-14.290796,6.756304,0.82021266,7.135269,-10.535016,6.467136,4.4421945,7.305311,-7.4688573,6.3347373,2.0718632,7.601057,-2.903228,6.3884306,-0.3614607,6.1957507,0.27134416,0.2990436,0.41185787,0.6115847,0.42780516,0.35546747,0.42110232,0.47563776,0.3852913,0.38262045,0.60102266,0.3481481,2342.3353774211027,506.8892534394573,2112.8387079444346,267.91922943431166,4594.60555038216,1011.2039275873616,16.15334185610563,13.094832120694678,16.105797508524564,16.614658515272204,17.059182021912388,18.32283993397651,43.49494151565578,0.13848895849458204,0.04709141984731301,0.17382123,0.047589466,198.76802884615384
genres_original\rock\rock.00023.wav,rock,-88.292145,55.209995,105.392944,24.202717,-24.5107,12.809298,41.848503,10.724026,-22.37644,10.920527,23.734203,11.087517,-19.802425,8.870375,15.150589,11.498687,-27.119736,10.104218,13.858993,11.359042,-15.214507,7.8751774,8.941474,6.678226,-12.80437,7.1778398,-1.1132363,7.667082,-10.047708,9.038702,1.7845206,6.719448,-7.3529396,8.872137,7.1009984,7.9386315,0.5957759,7.8114696,2.513125,8.43093,0.20131469,0.16136253,0.3264275,0.39444825,0.23094031,0.40775868,0.30000573,0.3729515,0.28055954,0.24626592,0.38261372,0.22683537,2295.5657692190434,627.47804906731,2207.431900053408,346.3698215884351,4849.687341270801,1293.64750757482,19.41521887849959,17.14722270453798,19.845209961131825,18.542900066380916,19.703391895281076,19.16375869461787,42.912554378101866,0.11561872641737617,0.04864604524131928,0.13574292,0.040883273,73.828125
genres_original\rock\rock.00024.wav,rock,-52.499744,33.067734,99.70246,19.41269,-47.39475,20.838638,47.022385,13.649417,-21.031916,12.14218,22.886387,10.677321,-18.293646,6.863073,13.89262,7.374558,-23.449203,8.068573,13.509938,7.962853,-18.669529,6.79638,5.7055564,6.634801,-12.89633,6.436353,1.1990861,6.242083,-12.41732,5.6527734,0.3773558,6.1873436,-9.145068,5.451376,1.5957419,5.477199,-4.1226177,5.587803,0.3086735,5.939861,0.32637572,0.35440168,0.5402938,0.34199616,0.3809231,0.3765634,0.5847083,0.4014799,0.35674098,0.49505275,0.33336037,0.36967847,2320.555690085727,344.32012800830734,2044.9181790505932,214.26024792591917,4466.88132271309,694.989664122194,18.776358201631222,14.954422261758067,16.988215304005546,16.688296815099616,18.422896619091905,19.59506269484311,42.584285926484434,0.1434492459607198,0.044826109725764195,0.15652086,0.040173106,73.828125
genres_original\rock\rock.00025.wav,rock,-47.051174,23.961395,95.76596,16.156986,-43.925434,15.885522,52.077534,16.408073,-22.552746,11.185437,20.855412,9.2896595,-18.687845,8.57799,19.244207,7.0116634,-21.265245,7.0870934,21.887394,9.222436,-19.218746,6.0025716,9.456287,6.8850207,-12.582293,9.1615925,3.8869054,6.079024,-8.500132,6.4167504,6.272658,5.7180667,-9.128362,5.9885674,2.6871696,5.4939723,-2.4433758,5.3179436,-1.8786502,4.91719,0.35402462,0.29035586,0.3169165,0.3838551,0.4491938,0.37311968,0.360555,0.45428392,0.49779564,0.57466006,0.4909641,0.43550658,2510.3556189283613,379.87291238710117,2115.285136449239,233.22423303235797,4735.371365857198,839.1127226572656,20.076324002672038,13.600641344601149,16.731669507129354,15.911009310532123,16.342770644981517,19.091081422429088,43.45049881590998,0.15789020172213622,0.04380584486949259,0.14910567,0.039253347,103.359375
genres_original\rock\rock.00026.wav,rock,-58.96633,30.859734,106.565315,19.554565,-31.794184,13.5159645,47.919727,11.161457,-17.430265,11.110621,27.756453,9.368984,-14.035482,9.984716,22.419857,6.7819667,-20.562475,7.308908,19.568918,8.095915,-14.586194,6.4566164,10.188967,5.9186654,-10.941551,6.9456267,4.525453,5.80318,-9.733946,7.2146506,4.615808,6.5624623,-10.116572,5.4684095,1.4642454,5.60658,-3.002891,5.7621627,-0.6160972,5.6577263,0.45049644,0.3371684,0.5083206,0.26442826,0.30959097,0.49972034,0.4060892,0.49733675,0.33008638,0.3904875,0.2999885,0.30376562,2263.522165083779,480.787137749104,2150.409409887739,239.9957478481897,4603.71382863898,966.7216766964103,19.33545123635788,14.560613579016756,17.52245562045132,17.320393360157748,17.04271692043915,18.19105991237533,42.601022376454715,0.1229387879740712,0.0464061017224046,0.15269838,0.034311343,112.34714673913044
genres_original\rock\rock.00027.wav,rock,-123.34534,51.364296,74.88168,25.250029,-17.058035,16.537767,31.609985,14.159244,2.5446815,10.397204,17.32831,9.44906,-3.8152325,10.098271,9.7234535,7.8355765,-7.237524,8.123568,11.2586565,6.8540716,0.38198882,6.6373115,3.4685218,6.998904,1.663686,8.400514,-3.1594355,7.0306816,-1.0820168,6.644722,0.31572536,6.6106944,-5.9876003,7.087002,-0.31926414,8.526613,-2.3376036,8.076692,-4.321616,7.1028304,0.3187486,0.3517214,0.35739395,0.44253016,0.38809156,0.53234464,0.47069457,0.3732307,0.42527902,0.4046818,0.4468457,0.31869045,2669.3593345236,677.9194859077227,2440.4637806887617,291.41803282531595,5445.8670695868805,1169.7526510441307,17.595369174542714,15.96788049862001,17.694241771059616,17.91038164382781,17.78167790539302,18.173581101817803,20.05243856728134,0.13342209570917182,0.06750774555913243,0.07916758,0.01575516,151.99908088235293
genres_original\rock\rock.00028.wav,rock,-92.62163,51.235596,101.8119,27.469824,-33.467396,19.44442,48.702248,14.483547,12.402112,10.812858,20.80687,8.177313,8.704763,7.781615,9.274925,7.5359464,2.7675457,8.000606,5.2390556,8.608701,-9.331888,7.072439,-3.4845622,6.679788,-4.3514476,6.025344,-4.6579022,5.0783305,-3.9693062,6.2330728,-3.1256864,6.013294,-7.000376,5.524467,-0.39668337,5.274661,-1.1515987,5.9875317,-6.0074587,5.8985786,0.40686697,0.3928362,0.38605762,0.40750033,0.35050058,0.47605357,0.34098738,0.37520993,0.49480686,0.55098903,0.658735,0.4723647,2047.1451067117212,594.8831532755243,2070.5379260009317,429.8938182861487,4096.083564876403,1269.9539038155156,19.69067229874991,16.20837329054145,17.314783551266462,18.02734369755564,20.117566027886742,19.846406650741972,17.688300987554797,0.101985399937113,0.036763591749087346,0.13879743,0.029674638,135.99917763157896
genres_original\rock\rock.00029.wav,rock,-42.447617,37.03576,85.069405,23.112135,-7.393643,17.581419,40.713787,11.036642,-1.0123376,8.694835,18.935547,9.140055,-3.5306551,7.478882,5.8736205,6.367172,-5.017307,6.4874883,4.2433105,6.8469477,-3.18037,6.601867,-0.57210755,6.6732626,-0.5273755,6.523481,2.3468528,5.778382,-0.36309707,5.3891,-4.0984535,5.749507,-3.8541589,5.475753,-3.9137459,5.037844,-5.7824674,5.534584,-4.328388,5.43349,0.56374127,0.5043622,0.5165681,0.35908017,0.3441383,0.36635488,0.407795,0.47483122,0.34802443,0.3859295,0.34571558,0.40667206,2444.584086039301,610.041671138983,2433.7847632338085,332.0088213796911,5172.310390413361,1104.664731261022,20.376422539040266,14.141602503089565,17.54570116217105,17.16490937199538,17.573210105458415,16.511753651107405,18.52477196449564,0.11148874383223684,0.04764056361159109,0.18004598,0.03508329,123.046875
genres_original\rock\rock.00030.wav,rock,-131.44669,49.47248,67.71616,28.930206,32.899063,28.438843,34.58986,18.606989,-3.2580533,11.232287,21.883932,13.747324,-5.811073,10.368312,10.241139,8.260575,-7.0569263,8.368664,2.2975733,8.895695,-4.3679585,7.133886,-3.330299,6.7995334,-6.2800264,6.762929,-0.23067865,6.1939683,-1.9748887,6.4583635,-1.8929428,5.8913283,-0.87943006,5.5345726,0.95149094,5.381042,-1.5379335,5.771372,-1.1708617,5.897534,0.27193007,0.34288725,0.53297937,0.4794787,0.51787156,0.44127682,0.331437,0.26456946,0.36835256,0.41436073,0.33875528,0.38016027,2945.1945450846843,850.920929030266,2831.66679013786,329.7432636230217,6334.811694260352,1088.8366927334287,23.203241298685857,15.355055970620635,18.639436848944847,17.53932875587093,18.44373730388198,16.865103228022367,17.881589778746267,0.11496000024187307,0.06064547022684396,0.09645353,0.022310095,117.45383522727273
genres_original\rock\rock.00031.wav,rock,-89.13876,68.93703,81.39791,29.879898,-12.569812,24.978378,22.792751,13.879781,-7.059605,12.314975,-0.49249193,12.421444,2.775772,12.2851515,-3.4295094,8.981641,-7.7128286,8.756617,-0.8480601,9.269879,-4.8873973,7.962836,-2.6848652,8.782046,-5.2871976,7.941849,-4.5962753,6.9179716,-2.9684243,7.7129455,-2.2058465,6.939327,-3.5681212,6.383252,-1.0009714,7.897732,-0.501564,8.322287,-0.9720016,8.34226,0.32809287,0.31737235,0.5181569,0.29252875,0.3283593,0.35777822,0.4459722,0.54250246,0.2794011,0.31002283,0.33713683,0.3730952,2638.867641788369,779.3262337532045,2512.4599236152003,487.30462229076886,5302.2179382135255,1612.8804735582758,18.26508462997906,14.900982705995904,18.600504952358435,19.58693735654214,18.705630597751348,18.714155549953237,15.411595615645316,0.13247236600232198,0.05609912463772885,0.12612896,0.055544443,117.45383522727273
genres_original\rock\rock.00032.wav,rock,-26.406458,32.478256,85.79429,22.219326,-16.961445,15.224136,35.260883,11.316587,10.0001335,12.438284,10.668921,8.559305,1.4469969,8.004317,4.7106347,7.740864,-0.047283135,7.167149,2.070588,6.869625,0.42054674,9.106614,5.425936,6.6252975,-0.9531181,7.0069804,0.48480457,5.7189302,-1.5262778,7.2550035,-2.4637327,7.326364,-5.8784075,6.6226044,-1.5509747,6.866278,-6.817296,7.392225,-1.3808378,7.377837,0.43060973,0.34639624,0.44818267,0.33340204,0.41670483,0.36841577,0.3670396,0.36464936,0.34013498,0.46988115,0.3244756,0.3918418,2345.8857364588525,526.9358461785058,2378.3851718191527,316.5325679721639,4735.771363438467,1090.0336747913266,19.17094071697772,16.127655561594842,19.098877515217136,18.446831031605495,19.32033707958322,18.111433663351203,16.958490187125363,0.1154928768382353,0.04084295370766221,0.22213958,0.049472556,92.28515625
genres_original\rock\rock.00033.wav,rock,-119.11726,50.44957,128.928,29.468124,-17.856236,19.100319,29.175467,9.819234,2.7212582,10.891277,8.001319,9.393823,-7.058392,10.101878,3.8778896,8.418313,-1.508171,7.748664,-3.9838595,7.7082286,-7.040401,7.1442266,-2.8670533,6.1525044,-4.1777964,6.5600634,-1.8459401,7.2201,-2.9485059,7.6983824,-2.2535996,7.8504558,-0.5701703,8.0175905,-0.09753919,8.213814,-2.7966614,6.591519,-2.633016,7.001359,0.37239242,0.6060536,0.34555265,0.23532823,0.24973685,0.19768979,0.23486437,0.21490309,0.39588657,0.3999893,0.2616326,0.36821598,1673.575889634683,489.64586815697646,1947.700443030449,446.7334656410687,3430.0292590823337,1242.979789049134,20.767903132175494,14.7374440999046,19.553947899712632,19.279600837189665,20.969375688590357,17.71266494730822,16.950015125141604,0.07488654641544118,0.026566325008142818,0.12781934,0.03722968,117.45383522727273
genres_original\rock\rock.00034.wav,rock,-28.089369,25.938473,65.62969,18.482069,-7.35323,15.957072,33.593567,13.159922,11.073499,9.69899,14.760504,8.618322,2.1976209,8.841751,10.063779,6.156446,-0.32938397,6.8663526,10.1363125,7.2608995,-2.7488217,8.547419,3.1914701,6.0277743,-1.683266,6.32442,-0.15931495,5.9620366,-1.6892449,6.683584,1.850086,5.66313,-3.969614,5.758022,-1.6286495,6.178848,-6.3913164,6.120197,-3.8662076,8.071676,0.5104291,0.35109103,0.3144143,0.3058175,0.4473797,0.564236,0.47358784,0.4504987,0.44076326,0.4982244,0.328539,0.36564717,2789.7940380072873,533.5796532766595,2648.769436715528,287.5346097993186,5836.38137486697,1118.8070119284148,20.652504007813874,16.482573888090368,20.1261204822393,19.29476059193165,19.025560841782216,17.74561740575455,17.640473082854733,0.13500787599167957,0.039044679009002006,0.19107996,0.02802973,135.99917763157896
genres_original\rock\rock.00035.wav,rock,-124.00577,49.125282,109.503204,24.147633,5.883206,19.146906,32.884655,11.31201,10.982734,9.082103,11.693244,7.4418273,12.679996,7.6360216,12.969646,6.888493,1.649106,6.293084,4.5024424,5.903137,9.673786,5.8815393,3.0551999,5.652901,3.5307927,5.005482,0.7348747,5.28138,1.7676072,5.5983753,-0.6809697,4.966209,-0.039916225,5.4111156,-1.0109476,4.951255,-5.559717,5.6469884,-0.84976196,5.8742695,0.4698577,0.43277323,0.45421758,0.42379034,0.5113275,0.39766926,0.3519327,0.28515708,0.40643537,0.5120176,0.55178183,0.6898467,1867.3888525990114,631.3463584218987,2422.4150789551077,530.4798343743686,4271.2075059258905,1714.6572209646909,20.035874603795016,14.555656770053265,16.60075815146233,17.59430742074097,16.73924512199435,16.436848702120614,15.164210494383696,0.05698831753095975,0.02508938524748551,0.124116,0.021461869,129.19921875
genres_original\rock\rock.00036.wav,rock,-0.4510209,30.747269,72.64673,21.892326,-13.214343,16.142427,23.930399,9.728978,10.373189,9.695367,10.31697,8.80448,-4.9242163,8.177681,14.35838,7.3245926,-0.67119634,6.641493,9.922937,7.229174,0.70188165,6.1848006,5.2240458,6.332922,-4.06671,5.913407,0.3613387,5.414909,-0.31027022,5.7734723,-1.3569221,5.7188063,-6.1766877,5.680637,1.0102044,5.424186,-3.3962116,5.875488,1.3683,7.055935,0.4392226,0.36755177,0.47961888,0.376123,0.47040683,0.5320163,0.38834092,0.4639387,0.4424361,0.504933,0.31915894,0.35698795,2841.8971917238737,634.8924468335391,2619.2254650844693,342.65934342301057,5885.356078723636,1305.3984849177234,19.63072290978406,14.916059914683878,18.118403297728833,17.750622576323074,18.223459787304282,16.911792476719327,19.09037789692512,0.14617523098877708,0.048830456944891146,0.21663715,0.03808234,135.99917763157896
genres_original\rock\rock.00037.wav,rock,-71.16524,42.757885,79.446724,22.12244,-20.793613,18.87022,30.656105,15.250625,5.5383873,9.360224,3.697484,8.623157,4.694747,8.536076,7.2714033,6.908571,-5.4861765,8.282296,2.490972,7.3033834,0.83799785,6.529433,-0.583319,6.33207,-1.8935435,5.9278345,-4.7858295,5.3421164,-3.0449233,5.983688,-3.870822,5.888457,-6.898971,5.6864595,-3.7814965,6.3724666,-4.8044777,5.9179015,-4.8063464,5.596909,0.53847426,0.37784806,0.41948906,0.3986868,0.5362973,0.50258493,0.47094113,0.5823393,0.39839414,0.36292344,0.39461246,0.43923298,2627.053081238353,638.2031684291967,2442.793427153663,385.77302252962755,5047.994475468025,1360.3636636568333,22.966931864416182,14.834740148188969,17.447393359233704,17.301191728470755,17.670995145226705,18.941485724409414,16.453999341552006,0.14631922104779413,0.04932168046062832,0.11332251,0.03135394,129.19921875
genres_original\rock\rock.00038.wav,rock,-15.92807,33.80257,67.15309,21.139402,-20.1219,20.267475,15.576831,15.136441,4.8012633,15.060698,10.825858,13.741214,5.9594,10.584854,11.79642,9.800884,-0.3968154,9.987436,5.6550355,9.468429,0.11372397,9.137409,1.097924,9.689395,-1.7415591,8.637374,5.704884,8.8136215,-0.5941916,8.039054,1.7240587,8.342015,-1.5776427,7.4374022,1.5810982,6.8696504,0.41281515,8.520126,2.9387238,7.0646267,0.41759416,0.45080936,0.3405453,0.312789,0.29648203,0.3811031,0.49708676,0.39840224,0.4670011,0.42836815,0.4701429,0.47741273,2794.9630916287133,580.9920544757069,2633.962322090636,308.9646773249948,5862.422884064193,1252.8743645576649,18.54809807470556,13.923787613151466,17.103912496287933,18.24997330736677,18.264552227256935,17.60028650102727,17.81676390803163,0.14055017052051083,0.059517006653526716,0.21929601,0.06543529,135.99917763157896
genres_original\rock\rock.00039.wav,rock,-50.866234,35.70859,86.39504,18.710634,-14.416372,14.63641,12.843614,8.974793,21.69903,11.616735,4.23861,7.691728,1.7381626,7.204626,3.7064326,6.0511684,4.6919465,6.103254,-1.8630103,5.5866146,-1.1926677,4.627245,-0.010121396,4.664364,-4.1189137,5.409247,-5.764848,6.0448217,-1.0660442,5.1335063,2.3003082,4.248014,-1.5742458,4.1505113,-3.8516483,4.4017963,-6.1434116,4.309482,-5.3746514,4.1443796,0.39413726,0.35008812,0.45510486,0.3647708,0.56508833,0.35070056,0.43242276,0.34442657,0.41715002,0.69441336,0.44611272,0.49792972,2559.2817874296557,487.1942951752342,2731.086714396661,306.50738766850947,5447.483726477844,1361.1114912978353,29.47568592343275,14.767339033783813,15.500314835231379,18.921881999621622,19.903551487176248,17.225559337553307,15.06824836645357,0.12278761730843653,0.03719205817919847,0.14427856,0.03841627,143.5546875
genres_original\rock\rock.00040.wav,rock,-65.988464,51.64258,61.27697,21.321068,-1.9339222,18.523188,35.323074,16.365479,9.3201885,9.8484955,7.5695205,10.967492,3.4152935,10.470353,2.9780252,7.931096,4.6153226,7.8793173,2.9165235,6.8315716,1.7740641,7.348127,-0.3926039,6.6940804,-5.753547,6.272429,-3.483317,6.5874043,-3.6841912,7.487655,-5.719156,6.502764,-3.9535744,6.98463,-3.0872214,7.033941,-2.7268662,7.624674,-0.91234577,7.950149,0.39024633,0.44700786,0.5124947,0.51339316,0.45840406,0.37021586,0.3591381,0.4195841,0.4074728,0.3855949,0.34326047,0.38625172,3009.9775310236832,659.8839552879806,2777.974881715167,368.2818915096662,6130.82959437887,1337.8146949364198,32.00525629739144,14.181657004066947,16.27838335347718,17.858677137093093,18.310405105842566,18.13926947683805,15.056346175083071,0.14474440063854488,0.05888352646119437,0.14280498,0.05609977,112.34714673913044
genres_original\rock\rock.00041.wav,rock,-35.39913,37.679436,73.67545,22.266254,-20.210777,16.577291,17.162956,13.985243,14.95129,11.167903,10.214682,8.173617,7.6044693,8.690501,1.598915,7.3076534,4.177347,6.385446,0.7355448,6.30566,-0.38544577,6.5755725,-1.3131807,5.7406187,-2.0491896,5.7811036,2.5269115,6.1354065,3.6032965,7.1617084,-3.539565,5.544257,-4.7911935,4.83089,-2.5054598,5.677008,-3.9842033,6.269687,-0.8272479,6.030074,0.5825342,0.34526995,0.30184138,0.30953994,0.35092375,0.36565512,0.38078624,0.5291758,0.30910882,0.39793372,0.42170435,0.5321057,2807.30058491141,660.0424063176397,2688.503510869627,343.6555165733178,5678.490662943837,1360.7003697793093,29.11441662772307,14.50069077446434,17.531912829939436,18.516482568735952,19.162656612315942,17.938174496310786,15.055207534604705,0.14837174076044893,0.057533435997820466,0.16064365,0.045297857,117.45383522727273
genres_original\rock\rock.00042.wav,rock,-74.19892,59.778946,76.74987,26.768858,-3.8123217,22.698519,28.032583,16.224802,8.144328,13.139656,6.018873,9.137205,4.3061314,9.625392,0.5052437,7.0235567,2.8562193,8.258886,-0.94191927,6.5930223,-2.3505528,8.466217,-0.28286356,6.440122,-1.4562795,6.753217,-3.6081467,6.0418644,-1.5266334,5.6925645,-1.5142528,5.9970717,-5.0189962,5.520467,-2.3985136,5.209643,-2.9776542,5.278376,-4.94984,4.9964,0.46312606,0.3869174,0.42881936,0.40114355,0.4956719,0.41315272,0.40108016,0.4434251,0.44300562,0.5469389,0.42912784,0.480192,2794.3709144990316,781.9459030757719,2731.9420312720904,454.3686011824203,5877.406126795908,1656.2068657978568,22.752620464055074,14.798232950806367,17.03580331781378,16.38456000274596,17.518045611270285,16.89574882883829,14.838845753567218,0.13764807166698917,0.06527708792629394,0.118928455,0.04419747,161.4990234375
genres_original\rock\rock.00043.wav,rock,-62.079945,68.55649,75.84869,22.953035,-26.757467,20.615667,18.279896,14.3285885,2.452302,9.012232,5.826196,8.548082,11.583856,10.641015,0.009005804,8.453474,8.69518,9.041933,5.5144095,7.6348042,-0.25100031,6.2359633,2.3990037,7.302385,-1.7422585,7.1697016,-3.1716585,7.5490575,2.0054278,7.1894517,-1.4090078,6.3242354,-5.5262985,7.269714,-2.5283453,7.4630723,0.61924934,6.7583857,-1.4051203,7.363952,0.4710503,0.5093182,0.47780362,0.41434145,0.4129478,0.31033888,0.35123992,0.4824745,0.4195154,0.51245654,0.3374252,0.3439759,2740.1544161420566,639.0603166853733,2541.9072917634526,410.2222148401738,5327.292786589348,1409.738009142595,23.812062196544563,13.4623809909676,16.72215091898031,17.49607769872883,17.794633045342312,18.473558511828408,14.666364444028789,0.1440289854634288,0.0515362582338461,0.13984786,0.058295,89.10290948275862
genres_original\rock\rock.00044.wav,rock,-118.357124,48.916504,130.22548,31.050941,-3.0720034,21.657198,15.7343025,15.60181,3.9399164,10.889185,10.663591,7.8668113,6.834913,6.794258,3.3929508,6.3128905,0.7619886,6.770908,-2.5365586,5.759749,-3.1070428,6.9309397,-2.8583639,9.099858,-1.6224067,6.522026,-0.2053219,8.902809,0.7333941,8.542746,2.0148191,7.823746,2.0788786,7.6742477,4.1505575,7.855913,3.1571193,8.616334,2.2541373,8.029281,0.5332778,0.24440305,0.20941581,0.19077967,0.35344055,0.34746483,0.3010246,0.50346833,0.30162257,0.3484557,0.14787711,0.25554886,1652.179327113778,502.086525049569,2104.3964275714657,562.703626847171,3456.8540968762095,1543.25702006165,26.882941265474322,15.953446387536372,20.824776877589898,21.884768914219887,21.824337189652322,18.860055525086228,15.548155096580182,0.06892966633610681,0.02259931937890501,0.14432807,0.035136662,92.28515625
genres_original\rock\rock.00045.wav,rock,-172.59167,62.360207,142.76537,14.571905,-55.78309,20.03514,79.31112,10.295684,-1.8683821,11.034582,4.811142,8.178832,0.23752736,7.334657,-11.501947,6.473581,-0.27545616,5.501094,-9.37254,6.7196317,-7.673828,5.39055,-11.250281,5.224541,-5.676462,5.052568,-11.295421,4.923451,-7.6816225,4.808826,-4.2779303,5.099025,-11.279209,4.226753,-7.829242,4.47311,-7.7251334,4.5624056,-8.160577,4.625894,0.26607147,0.2501644,0.16539642,0.24744007,0.62077755,0.4047049,0.26523057,0.28846347,0.32297194,0.71413374,0.45742676,0.333413,1561.5465305371351,300.84320817330246,1568.9776889574518,105.64095984563617,3243.230388629547,531.5042839229048,28.1245152683037,16.942091676500493,19.13192029345044,19.04189529353399,19.05767983775983,24.43403962511294,17.04963814463334,0.0789651309742647,0.028514953953391715,0.096998475,0.028578226,151.99908088235293
genres_original\rock\rock.00046.wav,rock,-83.093346,50.4339,91.52498,26.684525,-13.697013,20.893991,16.139076,9.229153,10.334052,9.044961,5.5303426,8.904669,-9.448829,8.72441,-6.6147943,7.4585776,-3.031773,7.7690587,4.9391313,6.2201853,2.6464746,5.971237,1.0551013,6.6099324,-3.667946,7.1370163,-1.6078455,6.8587823,-4.42887,7.0589237,-1.859618,5.778473,2.0090718,7.2532606,-1.0240622,6.8977513,-3.1773005,6.725204,-2.29258,7.700621,0.26358277,0.35823327,0.31676552,0.2603954,0.58888465,0.28574786,0.2966183,0.44176215,0.4267143,0.5373969,0.30479014,0.25485006,2428.532242218463,665.7776045363379,2501.839158266494,466.3137880560618,5034.1112260848,1654.220004740359,26.96582538486348,14.267208927154233,18.52812615378799,20.149895581206504,20.11867520832568,17.250919052631417,15.323484457391379,0.11816519627999227,0.04095600646531712,0.12062349,0.037010446,103.359375
genres_original\rock\rock.00047.wav,rock,-58.28948,43.081856,62.493946,26.243456,-12.665307,18.303093,31.92991,16.569586,8.108557,10.359267,2.2520819,11.170449,3.90143,13.237101,1.4481049,10.250978,-2.7169504,9.427421,1.1021154,9.221745,-0.4605377,5.9470463,-2.3829656,7.0128365,1.2428722,7.2672696,-1.4979297,6.8519316,-0.4699665,7.0907283,1.0395392,8.327294,-2.0701604,7.290544,-1.5083193,7.2084427,-3.2080479,6.8259397,-5.0618963,5.9922633,0.41214174,0.48022267,0.47234172,0.36316842,0.40106,0.41009086,0.52914155,0.5932588,0.50540483,0.5164042,0.45866078,0.39468208,2998.5568440596116,738.3411673539792,2691.3861118946566,372.35947286610434,5963.355607071159,1415.9152597425953,25.35001715027988,12.66317618938129,16.45253221306594,16.94379365500495,16.922852742968043,18.135671608066225,15.699396460073297,0.15630366558630032,0.07172893017666518,0.13890298,0.044473328,107.666015625
genres_original\rock\rock.00048.wav,rock,-93.35921,36.64042,137.46544,22.711935,-45.092747,12.610166,37.819134,12.412722,-9.423071,11.9319935,12.591269,9.852721,-7.49457,7.129372,5.548374,8.06738,-3.7386365,7.9134393,-2.014053,6.156551,-2.458912,7.37338,-9.575428,6.8256755,-3.1775432,7.538285,-5.571349,7.5527377,-7.5064034,6.941308,-5.6773906,6.4475636,-2.0041282,6.958269,-3.8710015,8.303471,-6.2181416,6.4502525,-8.103474,8.151113,0.3315612,0.23280944,0.21220209,0.18636502,0.33681765,0.16999394,0.22092776,0.26446095,0.3870915,0.6787101,0.4177623,0.41966012,1646.6339142770562,343.89048063781695,1701.4113691568673,231.0494446358533,3184.305744938806,711.7131997724621,27.292932384736226,16.13463481858993,17.291421636524138,18.57402192249039,18.36870212545068,18.983993361418083,20.37159393961932,0.0852647905379257,0.027931869075814148,0.14556131,0.023994682,129.19921875
genres_original\rock\rock.00049.wav,rock,-142.48468,99.410416,116.16892,46.20861,2.2694674,21.290277,31.065384,13.738167,6.1926603,11.829242,0.110362425,9.107309,0.31725276,7.8007884,7.794024,7.51044,3.2462354,7.2684407,-3.0221734,8.619076,1.7105087,7.0657964,0.742647,6.9468956,0.14290644,6.688256,-4.416969,6.1731367,-4.4712453,7.2147193,0.51342773,5.997509,1.2327409,5.788936,-0.15891476,5.901836,-2.616297,6.0076456,-4.449161,6.4466567,0.3042679,0.53178555,0.22196876,0.2581038,0.5202375,0.43347594,0.68045515,0.3784326,0.36899504,0.35122657,0.28048116,0.4238663,2077.5446322647385,1103.1911027907297,2333.931430395513,833.7541607499047,4495.3894836614745,2579.3890277283676,17.11979113244459,15.579034428287938,18.929837633176486,20.6344901747531,18.474107303144443,17.868454863966168,16.090620367794987,0.09130519241002322,0.05402112858330844,0.10099384,0.04814723,112.34714673913044
genres_original\rock\rock.00050.wav,rock,-145.0086,71.15127,118.483894,35.83265,20.532211,18.359377,28.569769,10.864328,2.3525505,9.236897,10.085841,8.390654,11.913155,7.4666915,4.8564005,7.291449,-0.06745915,8.132623,3.293767,6.57091,3.404333,7.355389,3.653159,6.1162667,5.371289,7.7942615,2.2605515,7.817684,1.8730618,5.7734165,0.8674156,5.6966267,-1.1843064,5.079574,0.8131391,5.3525896,1.8204097,6.2885084,1.797177,5.6892743,0.417042,0.7216697,0.37615958,0.33972597,0.33402213,0.41815534,0.3495012,0.33850735,0.4553122,0.33773488,0.3454697,0.30240637,1720.5912503156892,837.2338736804387,2311.946198635383,605.4770496716815,3810.018628005273,1984.8782036571456,16.092628028143864,16.140982701368916,19.137662180412036,19.179035024924776,17.671801448225875,16.87154432513227,15.690643387034884,0.053289549269543345,0.038167198921508855,0.14123225,0.07133214,123.046875
genres_original\rock\rock.00051.wav,rock,-66.34945,48.42832,66.78922,24.045204,25.184574,18.748291,26.302906,11.532508,5.30007,11.44574,10.462487,8.765507,2.4782748,9.265798,0.7563056,8.406366,-0.37080535,8.1183195,1.7285492,8.376607,3.213731,6.821965,5.0367546,7.4838843,-1.9407184,7.243181,-3.075081,7.347289,0.384185,7.5306168,-0.77638537,6.245966,3.7200177,7.6581163,2.4019525,7.6321154,0.20658383,6.7276525,-1.6939887,6.67782,0.28029034,0.42704517,0.33739188,0.5323556,0.32971644,0.30886552,0.32598153,0.3974451,0.6419524,0.372489,0.25791392,0.21388356,3030.4355509553056,869.8103595416815,3055.3172102045473,293.6496019016413,6731.709294274865,1313.157773754636,18.029660101646595,15.178822045379226,19.692601456920542,18.142569388137698,15.932637835546183,16.157755902455815,15.264673874811601,0.12080841536861456,0.07633106990792465,0.16165073,0.046805386,172.265625
genres_original\rock\rock.00052.wav,rock,-181.25508,97.70662,103.40521,44.07139,9.393452,27.701233,19.0761,17.832855,13.7934885,14.180324,-0.49876627,16.590906,4.3651223,12.718735,-7.6066046,9.826729,-8.104534,10.535964,-0.14550003,9.549582,-5.163272,9.419827,-6.3069296,9.039324,-5.464432,7.5458374,-5.9768987,8.109641,-1.1781268,7.4625506,-2.6688554,7.227856,-5.1849394,6.8910503,-5.285638,8.334822,-5.7971735,8.038576,-3.7187386,7.5062075,0.21859758,0.19311108,0.2835476,0.4127534,0.2287393,0.2585049,0.3718807,0.4308073,0.58296746,0.4010758,0.34163332,0.36479354,2187.2085144317775,1325.9851564332307,2449.201009853284,725.5472986280631,4463.723008477651,2664.765024145503,18.89970648187961,17.151147755120913,20.422706441937915,18.57094621474894,18.246396753359274,18.549955571508356,15.47508741388543,0.08860566224845201,0.08180662200953713,0.11328633,0.07461903,129.19921875
genres_original\rock\rock.00053.wav,rock,4.066039,33.206013,52.615936,15.54981,-11.04076,11.037494,19.70849,10.401054,11.2908325,9.278272,7.0625377,7.8553815,5.0640187,7.9758782,4.561151,6.810843,0.028141128,6.8134885,5.1483927,6.4178104,3.3997617,6.561119,1.1702251,5.625359,0.5825347,5.724335,1.2787391,5.103864,0.7192795,5.0653954,-0.8079882,5.6835437,-3.00965,5.4825034,-1.706633,5.8335385,-1.6908512,5.4481354,-1.290886,6.48293,0.7868888,0.42137128,0.33246133,0.28560206,0.37976745,0.41571257,0.34589237,0.45636195,0.29676345,0.3598723,0.39288437,0.4361369,3361.7673453402167,551.7050898841036,2933.2024987219434,234.74318665701333,6920.5248191998835,1010.2083224411538,17.50460391589134,15.082866728194945,17.37949355966247,16.715217323114608,17.42348745442436,17.077819671268706,15.325712612464693,0.18757331777283281,0.0597269165876384,0.19013545,0.043481354,117.45383522727273
genres_original\rock\rock.00054.wav,rock,-156.23691,48.429756,75.612015,31.52839,-16.506855,16.570637,16.341146,15.145594,5.8195715,11.205225,6.018424,9.775796,-4.1331725,8.722572,-3.7573888,9.84371,-6.1688933,9.322464,-8.928881,9.58888,-4.102285,8.373322,-2.2225194,9.561741,-4.6504216,9.237366,-5.4141636,9.063661,-4.688722,7.337419,-7.082145,8.155972,-3.8898087,6.2360353,1.3867227,7.516082,-2.0099483,8.959529,-4.728931,6.930548,0.48824215,0.2697414,0.3218528,0.34908307,0.26852447,0.26098228,0.26127288,0.62552166,0.26060593,0.27396938,0.424494,0.3554516,2632.7402137243284,979.4561369721404,2550.5115793345662,448.30898209808936,5310.901219040247,1814.4592554573014,21.977536992868416,18.055699163425924,20.544643685578023,21.60931249873759,21.30100479705526,19.793960102320852,17.13098521684317,0.13243306162925697,0.08545430203837505,0.06547274,0.025220275,107.666015625
genres_original\rock\rock.00055.wav,rock,-91.89978,45.759483,130.00647,22.183567,1.7901886,19.259254,11.658318,14.6483,3.2286391,8.789859,-1.9668545,10.741461,-2.2121937,7.1032662,-0.8591418,7.8859706,-4.3378644,7.2806764,-3.54686,7.6045084,-1.5544236,5.72153,-0.5467613,5.6719,0.40629062,6.026992,-1.6508831,5.874387,-4.570645,5.15751,-2.974743,5.0446477,-4.2806687,5.235189,-2.6867945,5.735287,-3.5489159,5.2264957,-1.4507276,5.1877503,0.63606906,0.43505907,0.32853118,0.3129287,0.538833,0.49280825,0.34580117,0.52431977,0.38660404,0.49092838,0.31705412,0.37042743,1711.1893544921431,521.5420666469636,2248.2556163674885,457.3375006213926,3614.6198095551954,1626.0498391482784,16.762264993759512,13.321680922973723,16.03527069943092,17.753951027919545,18.124746940069592,17.2975224846143,17.45165188990077,0.06657442736551858,0.01914904382641585,0.14718625,0.04794189,129.19921875
genres_original\rock\rock.00056.wav,rock,-7.851338,39.774754,59.508636,18.448874,3.6690326,15.15261,28.985016,9.868877,4.145485,8.412137,10.275528,6.6955523,2.5448918,8.678216,7.5940056,6.2175994,-1.384974,6.2743516,2.9601321,6.616139,4.0424523,6.065399,-0.75121945,5.646233,1.054092,5.2878914,-3.0428936,4.948703,-0.99321187,6.567883,-0.68976253,5.402847,-0.6888784,5.1335864,1.5260837,4.899361,-0.46764642,5.155952,0.50320286,5.011913,0.4081641,0.3800419,0.42803624,0.5168927,0.7733639,0.5061482,0.47933224,0.438057,0.45373222,0.48613113,0.45229885,0.54002833,3303.904679679877,678.9500375661231,2914.1478022639367,277.42345181530095,6719.434368499661,1116.1816343378816,16.570687445717986,13.358373184723522,16.359442079653167,15.744704279921798,16.139154946613754,15.753582310370106,16.147366885314153,0.17756393007449692,0.06830820018954872,0.17569767,0.045361653,135.99917763157896
genres_original\rock\rock.00057.wav,rock,-58.60115,39.048885,64.89226,19.82196,15.939432,13.199121,5.4494376,12.9161215,7.535342,9.977741,9.880082,6.665735,1.5892502,7.885865,5.3452115,7.9802666,-1.2376224,6.8473663,-2.0299544,6.4225974,2.4436266,7.1989202,-0.72375244,5.914094,-0.31555256,6.349465,-1.4825039,7.368737,3.296711,6.8881087,3.6478631,6.8940077,-2.5096352,6.6447167,-1.1688025,7.7465863,-2.310104,7.9145145,-2.216286,7.7263074,0.39996612,0.2727222,0.4245151,0.3297969,0.4373835,0.44382846,0.42470208,0.4153621,0.30718672,0.47035813,0.3083034,0.44737968,3488.995725081282,748.4121335212827,3241.7483118458463,285.12317887866294,7660.57034424584,1160.364320671235,16.531065146455614,14.717636298950863,18.63831598962625,19.057544437235613,17.75816555115792,16.18178190079792,16.29105646520399,0.1751028716379644,0.06284308846736006,0.122580044,0.031727612,123.046875
genres_original\rock\rock.00058.wav,rock,-142.01543,35.793015,96.99694,29.402287,23.240543,17.987658,10.443576,12.065079,6.2821693,10.36193,4.9678793,9.007833,1.0824391,8.815393,1.0958389,7.4173617,-4.841728,8.05566,0.8765874,7.9079566,-3.455809,7.5741363,-2.011753,7.852715,-5.893535,7.382446,-6.029564,7.0106344,-2.1259286,7.616831,-6.1623487,7.7638974,-0.32294688,8.646281,5.0935416,10.39036,0.121920936,9.889481,1.6692508,9.711999,0.38794902,0.2264896,0.35213572,0.27891967,0.2076112,0.2782436,0.3309919,0.5571765,0.25246778,0.19533524,0.2676558,0.27775502,2437.580126873773,1003.1938175172565,2789.9159039702213,479.5398360059841,5497.925088132498,2049.2147591179196,18.81521245931132,16.074193888744762,21.695285392506015,22.430146672876557,20.799434699611343,18.939497551506797,16.424531049509643,0.09894309029121517,0.0652177098363773,0.08744087,0.01416918,135.99917763157896
genres_original\rock\rock.00059.wav,rock,-219.12524,46.040874,94.35542,32.822243,42.78742,20.672874,16.11604,17.037518,9.527346,11.499903,12.908823,9.7142,7.7212763,7.764005,2.3854547,7.1399302,-1.0225295,7.870883,-1.9537667,7.1683197,-1.9797302,6.813458,3.15038,7.236094,-0.8850411,5.895922,-6.862013,7.248018,-5.066963,7.254569,-4.0098577,7.3244057,-5.596728,6.6985106,-4.9922543,10.197351,-2.514644,9.90822,-4.291658,8.036783,0.31041294,0.30853593,0.51913726,0.31582075,0.38434756,0.24140503,0.3148211,0.36375743,0.27036583,0.32302737,0.26664335,0.4561042,2424.966690601346,1070.2086798496603,2927.5616529347903,573.1132779725341,5645.7575275432955,2481.6851098154307,18.61595991177642,17.782924416672586,22.252439043650067,22.08391836555278,18.858542901519982,17.033769742578432,15.932628960333988,0.0865675037490325,0.051793201001277815,0.051181402,0.013552532,117.45383522727273
genres_original\rock\rock.00060.wav,rock,-82.66664,37.553276,83.48526,22.968578,-0.57394665,15.005895,10.4842,15.26154,10.418732,8.766884,7.0719404,8.289969,5.08042,9.526453,0.08345249,8.275464,-0.20796473,7.666867,-0.93477535,6.794576,-0.09718932,6.855893,-1.6991581,6.759293,-1.0245148,6.567329,0.17488037,7.314572,2.3965554,7.598458,-0.44954684,7.0108304,0.8480216,8.199053,-1.8520992,7.953605,-4.513158,7.0958586,-3.2022777,6.4028974,0.4080009,0.2944072,0.42799354,0.37556392,0.59897673,0.3838309,0.3265706,0.4396095,0.35737336,0.54677266,0.313263,0.39346126,2797.3841277516685,792.0293846210876,2891.8717359301454,478.23314610948574,6205.454143134433,1881.0578461796083,15.962223312257276,13.789221843737591,18.62203592439056,19.06758968232547,19.527041145115703,17.088636877595018,15.386822110877421,0.13467605638061145,0.05110739182683494,0.10329776,0.024485411,89.10290948275862
genres_original\rock\rock.00061.wav,rock,-193.56299,66.6506,98.39903,29.118671,44.057728,26.122355,23.779394,14.75772,12.564506,11.900127,8.460669,9.159496,2.1713908,9.061175,-0.34650657,7.5245395,-8.192859,7.929952,-9.118401,7.1195426,-5.235873,7.9447412,-4.838527,6.8151164,-1.3708208,6.8004026,-1.264208,9.712531,3.2184038,8.917157,3.6885915,8.52244,1.3783065,9.41784,2.7119117,11.899112,1.6968778,7.9882493,-1.7956172,9.194588,0.21089824,0.17281282,0.29501042,0.2831806,0.52181935,0.29204902,0.2679176,0.27508757,0.26981342,0.531033,0.22502765,0.25252938,2072.9854708489925,894.8461709255217,2740.292600851444,488.2438006334856,4691.1049668633905,2319.3178557313745,16.733543939232103,18.260819775455502,22.89676612322745,20.037340076226155,17.192936699292357,17.47827649175517,16.430104687375295,0.06909104102167182,0.04856639905059231,0.088340685,0.02100368,80.74951171875
genres_original\rock\rock.00062.wav,rock,-212.29836,63.972137,65.75985,28.262785,45.18236,27.05022,19.730082,17.780384,11.805884,15.180515,8.061574,11.549974,4.434145,11.015752,4.215858,7.505236,-2.3181694,7.9780254,-2.189948,8.350907,-1.6369864,7.6865487,-4.6518984,5.9521303,-3.7266169,6.7891345,-6.779794,7.4545894,-3.0030587,6.540417,-6.520257,7.1651573,-10.924708,8.560358,-3.391123,9.358443,-1.2092539,10.479189,-3.1217556,10.757215,0.2898941,0.39483455,0.31175756,0.34848055,0.32195032,0.292072,0.29525074,0.3152716,0.40645695,0.27608407,0.28449357,0.3001717,2947.109224451956,1004.6541711222931,3203.0152637796077,456.0250030450211,6983.207773497968,1801.9068224402808,19.05978932562073,16.29329170302293,20.903146921196956,20.61748645561501,19.427902842341144,18.257100430112846,17.886320239872664,0.10857001620549536,0.06711174362166812,0.060440347,0.028140185,123.046875
genres_original\rock\rock.00063.wav,rock,-302.79382,88.578514,116.164375,50.49122,44.75729,26.66976,25.957436,23.055815,18.726181,17.14865,7.57291,13.424806,7.335749,12.194935,4.0423317,9.7734995,-4.186881,12.038597,0.8677527,11.593273,0.92390484,13.298081,2.8157296,9.81379,1.4195156,11.271297,-3.4723823,10.28744,-0.9045972,10.52928,0.57829535,7.9655137,-0.81601304,9.888822,-2.3739433,9.320078,0.37611803,8.677758,-1.8671849,11.206222,0.4629467,0.35682732,0.3942193,0.33593094,0.3265781,0.29368624,0.28055215,0.42239258,0.3373671,0.19847354,0.22800864,0.31855115,1711.662555940787,1238.9599689735576,2310.122655480772,830.6449208753054,3492.653880399816,2883.33068810972,21.736796015549505,21.455117308155707,24.376631215921925,22.853741061727707,20.758877541059338,18.32190702499985,15.800519599416608,0.0558345074255031,0.052965759619781186,0.05309907,0.019103916,75.99954044117646
genres_original\rock\rock.00064.wav,rock,-118.818695,55.036945,104.41145,17.428535,-29.167768,20.311495,42.108837,11.125804,-13.289315,12.465393,29.063269,11.090386,-20.876986,9.021111,21.613054,6.9992394,-24.32235,8.151519,10.711963,7.776907,-15.105817,7.4168887,5.948565,6.838212,-11.778101,6.590672,-0.9063817,6.453441,-11.019617,7.79998,-0.20106794,6.5844846,-6.916349,6.3540716,-1.2956265,6.9115486,-6.312216,5.7543297,-2.7065332,5.7623763,0.38395503,0.33479103,0.450645,0.35158575,0.34801957,0.39718425,0.38335264,0.4723472,0.34208718,0.3729959,0.33970302,0.3153823,2181.717912335607,394.41284582167907,2181.4968457518708,274.818986325903,4691.004967468073,989.7622648536926,19.869388467548763,14.904045687700359,18.567592893586063,18.636886618415815,18.605986070609863,17.36727838175549,41.26910755582884,0.10637615192047213,0.03837688856796206,0.107048035,0.040649295,151.99908088235293
genres_original\rock\rock.00065.wav,rock,-95.29631,44.523163,103.816734,20.528807,-37.02142,19.64716,52.69777,12.485389,-20.764065,12.167795,27.576885,9.586398,-17.536627,9.519109,24.813133,8.731168,-11.300561,9.680336,16.644619,9.978621,-9.249601,8.958579,10.187893,7.7289834,-8.786783,7.2518363,1.8505757,6.839646,-3.948976,6.8706923,2.1735632,5.976106,-6.692844,6.071047,5.105645,5.377418,-9.69792,5.9713826,-3.9585335,6.223965,0.4405935,0.4121654,0.33255184,0.39217383,0.3568132,0.47089097,0.334529,0.36632,0.41294158,0.43108228,0.4446332,0.3478483,2294.2915658648503,426.1436276662174,2104.1855406762215,275.39125260104703,4730.413062506047,875.8989393109678,15.30864432021311,16.12302268619188,18.86939579645761,19.52361904258308,19.196116338560365,18.412074538832123,41.377438262267006,0.12912129027186534,0.037642059507877836,0.114652164,0.03605105,123.046875
genres_original\rock\rock.00066.wav,rock,-245.18564,95.22177,95.09854,28.423815,-21.243845,24.765759,45.65592,16.815035,-3.5624685,12.475857,14.982029,15.83487,-20.670311,14.186992,19.526783,10.790546,-21.713743,14.360473,7.3274713,10.818428,-9.289678,9.457496,0.81875485,9.000736,-13.016046,7.9023275,0.06169105,9.31478,-8.23316,7.0719676,1.0623908,8.611088,-8.035914,7.706765,-0.39860067,6.6879096,-4.353721,7.3972178,-4.2199006,6.9111285,0.3197165,0.30913076,0.43665037,0.3309228,0.34853953,0.30714262,0.34606248,0.42684373,0.36548963,0.46317297,0.3155029,0.35195187,2209.342049406717,634.0096013087425,2175.09754039341,363.6542044913119,4575.447332895947,1310.8296615013392,20.907532056165202,18.12945514842027,20.98338371284395,19.582360121592732,19.0820463397013,18.213187048410703,36.02261405295422,0.10714712231520898,0.05310745450036061,0.042979974,0.028778063,75.99954044117646
genres_original\rock\rock.00067.wav,rock,-123.72794,50.721504,94.754234,27.183857,-9.566722,19.772892,53.26891,14.74994,-13.758115,11.313504,17.728083,12.188039,-19.21234,11.262808,25.298622,9.285988,-18.70441,9.891463,15.385912,8.477686,-12.513976,8.242224,9.367707,7.3992043,-11.601578,7.046102,0.6617184,8.535737,-6.994155,7.4204493,3.3594775,6.5759892,-7.141151,6.8464956,0.5074788,5.959588,-8.740343,6.604029,-1.4704784,6.104109,0.3206881,0.39530337,0.40761036,0.29601607,0.31815234,0.3376689,0.51875603,0.4103864,0.41853616,0.48578808,0.3857515,0.42022923,2414.00286655524,692.0779030536324,2338.9876968450662,327.0638439674257,5212.235148993808,1220.4945059019722,21.279748286621317,15.800083408850286,19.282395558335853,18.735048997753143,18.560621705060157,17.82010008139264,41.565380242385096,0.11991915392801858,0.06038745968815309,0.10014721,0.03924972,103.359375
genres_original\rock\rock.00068.wav,rock,-121.09557,41.12534,91.74797,20.364157,-14.709612,15.596626,52.973698,9.149489,-11.412968,8.580414,31.003344,9.572155,-17.491768,7.926514,24.202194,8.42658,-24.778625,8.707603,17.113522,7.71609,-15.88606,7.2358394,10.376739,7.048419,-8.625384,6.2198358,7.149125,6.5708084,-11.833608,6.010796,3.1751018,5.6440163,-10.365117,5.613915,1.5153414,5.79154,-10.35157,6.342735,-2.4806488,5.5761466,0.33912623,0.28882033,0.31820107,0.38061312,0.6024848,0.45830467,0.37934145,0.356789,0.39809504,0.5071051,0.3616249,0.4348754,2467.0646621546953,531.5989997223899,2398.9630032602154,211.45627053068006,5402.500665150928,888.8591761764236,18.170376197307903,16.255310099553082,18.899359488317668,18.55656058963414,18.711842471201464,18.11663129618485,42.095587910935315,0.11828008598587461,0.05049723251551037,0.09121902,0.023548199,123.046875
genres_original\rock\rock.00069.wav,rock,-203.3139,44.742733,85.381714,28.82333,-11.569647,17.243002,54.7784,12.044692,-11.609861,10.548006,20.572916,11.915827,-27.770662,11.906747,18.878086,8.234626,-31.656443,13.113952,10.709889,10.209864,-11.93277,9.100004,4.1216273,9.097188,-4.003614,10.125297,1.7300528,8.092387,-7.9092402,9.019713,4.326782,8.561654,-11.237886,7.7930765,-1.188486,7.475803,-5.031982,7.759723,-2.3650405,7.058412,0.21877357,0.20895797,0.2123776,0.1998896,0.3833543,0.23846856,0.26619902,0.37347874,0.3822306,0.5763267,0.33289713,0.3443349,2569.1052765811337,777.3511109601678,2345.280318493239,323.4101111820077,5365.809220352409,1280.3142357125828,21.12724654187848,17.345567091850057,21.963977368509656,21.18780578275483,21.052340784355096,20.640158836598328,39.95905730967182,0.13768964360003869,0.0648752849021871,0.04701054,0.016519219,172.265625
genres_original\rock\rock.00070.wav,rock,-202.22823,59.010433,75.21359,23.83288,-14.220877,23.2127,66.31179,16.025463,-8.289174,13.95739,24.374107,11.625226,-16.250933,11.944462,17.12522,9.305985,-21.291754,9.735901,3.9677858,11.516108,-19.749535,8.759419,0.48966923,8.061061,-4.5036573,8.86732,-5.36643,8.306079,-8.973073,9.775827,-0.048068777,7.4606743,-8.041708,8.65762,-0.519308,6.2507033,-6.8042564,7.491795,-8.449041,6.893773,0.29801401,0.33777195,0.37399712,0.2970498,0.3826333,0.24051452,0.3006941,0.3421028,0.4312593,0.582192,0.38504136,0.444644,2512.1443220871984,626.8833185814868,2245.287385595275,296.72000349089507,5130.4689767559985,1070.4092407587887,19.682479126667538,19.05262455687627,22.89352863403476,21.43209018339121,21.75643458316567,21.250214226950654,40.539313655322,0.13914088199013158,0.06009002255244837,0.05409812,0.025430888,172.265625
genres_original\rock\rock.00071.wav,rock,-79.849785,57.38041,109.94087,18.984386,-17.126644,15.902786,47.195335,14.917525,-11.94571,11.365935,33.335598,9.386501,-11.699733,9.49595,23.630064,7.8625426,-13.667416,9.509603,18.45372,8.246023,-6.9371977,7.98577,13.033838,6.547617,-11.583448,6.5009346,9.107576,6.541083,-5.955834,5.3245506,4.915925,6.343778,-8.709809,7.0874953,3.7020502,6.392706,-5.0979853,8.065014,2.625906,7.5768585,0.42562503,0.4474236,0.64432335,0.47449166,0.4928262,0.4911075,0.4596178,0.50534743,0.429273,0.44662654,0.30929637,0.32717934,2024.9672114930113,467.96439560951495,2215.1872549817713,267.4110797209805,4571.1473588973,1004.5359505401414,14.805273304382675,14.517220156639159,17.43603869208384,17.647118246101925,17.55999087808717,16.611797373138156,41.25565797455673,0.09080821884674922,0.0352010142285623,0.16090843,0.050112337,112.34714673913044
genres_original\rock\rock.00072.wav,rock,-95.32931,53.729477,112.443436,24.271101,-2.0780864,20.3706,47.044605,14.360487,-10.373584,10.773612,29.782087,9.214084,-15.112976,8.086819,20.185732,7.005406,-12.674205,7.2593803,16.48886,8.325762,-7.8574357,6.837964,11.875228,7.0411577,-11.181129,6.499065,8.876124,6.263529,-4.943289,6.4829783,0.9183169,6.2401433,-6.1078544,6.312707,3.2313335,6.559122,-8.072234,7.5742393,0.73191065,5.970781,0.34142023,0.30180818,0.44124696,0.3469461,0.37166536,0.3201147,0.4735986,0.48444566,0.37213406,0.5203414,0.43266565,0.43403244,1933.566634741674,650.1864692936686,2211.336364032015,310.14505300876897,4360.040302099458,1333.6819483250977,17.166282630687046,15.7284024459246,19.10779180121819,18.304598112002374,18.61175945049121,16.97290182879871,41.074761811679686,0.08172853074206657,0.051569455537382264,0.16546212,0.048510417,103.359375
genres_original\rock\rock.00073.wav,rock,-61.652554,42.71369,103.552765,18.77332,-16.907658,13.38358,49.269325,10.883233,-14.810511,8.073072,31.711088,8.329208,-17.215973,8.186102,24.628935,6.5756226,-14.4823885,7.420905,18.026224,8.256505,-11.670496,6.2056146,11.484824,6.805597,-9.816042,6.319349,8.860339,5.5928535,-8.570697,5.514128,4.405294,5.5514073,-8.278597,5.4779763,1.5993294,7.019559,-7.026587,5.6920033,-0.8208449,6.1518664,0.44503793,0.3644625,0.6024392,0.393249,0.4569876,0.49974433,0.4448428,0.6414504,0.4218763,0.4071213,0.4062327,0.42035913,2224.311094028381,540.9406435644598,2287.9866204722503,229.62657702355614,4918.4952585320725,962.5530122272136,16.290329041726103,15.34069785974734,17.511756314933287,17.537966061314027,17.720234215376355,16.483910500705896,42.84315504075966,0.11005866933533281,0.04937794393398152,0.16931798,0.04645632,95.703125
genres_original\rock\rock.00074.wav,rock,-83.337296,45.428238,103.88044,17.179989,-13.938497,13.487952,56.89741,9.687433,-14.430383,8.021065,32.19,7.176736,-14.128751,8.445126,19.159246,6.5362697,-9.344779,9.075215,13.159195,7.1442366,-11.727716,6.777645,8.406356,6.6148877,-9.399952,6.4603815,10.218948,5.7456155,-4.2199335,6.0401497,5.6187606,6.0983977,-6.3863792,6.1655474,1.8045067,5.8820944,-5.5758166,5.846123,-0.43246588,5.7886453,0.30471432,0.22778514,0.35564208,0.34231684,0.45354185,0.28544682,0.32818615,0.5742371,0.50514185,0.58099306,0.38501057,0.38982612,2140.7591092398616,449.6011699786607,2246.2626002303364,240.586124988356,4832.445778861504,804.5316160063087,18.15458028166865,16.69015366000749,19.874669660316822,18.484936070223515,18.19094624525324,16.807101394632987,41.41881428317436,0.09116309198432662,0.031947989727008116,0.15381563,0.04436295,112.34714673913044
genres_original\rock\rock.00075.wav,rock,-113.69888,60.188366,94.93524,25.091711,-4.1180053,20.04296,51.78671,12.679695,-13.773854,12.30169,34.333515,11.58194,-17.59379,10.701397,22.544245,9.549907,-12.406815,9.187728,17.202658,8.995547,-9.234709,8.999632,9.976575,8.481474,-13.472091,6.7893786,7.569344,7.3639207,-7.2697444,6.5236855,3.6390865,7.7745085,-8.464248,7.270841,0.39612666,7.5732636,-9.225722,8.270207,-0.28027257,8.868597,0.3590455,0.35108593,0.36516348,0.39162642,0.47922602,0.38706478,0.35297504,0.43120828,0.45055708,0.5270241,0.41521952,0.39217374,2301.6914792153125,641.6206486876281,2355.02500472166,276.1071574352629,5091.869210163506,1102.989556567865,16.46422918786445,15.689879173308725,18.120094275833043,18.3504221169473,18.522126860808235,16.90208536236502,41.40000108622312,0.11154543283184984,0.056584405102608856,0.12686443,0.042229928,117.45383522727273
genres_original\rock\rock.00076.wav,rock,-132.35645,47.43536,124.65598,28.554691,-9.664943,17.910662,46.45199,13.543673,-6.285326,15.189395,30.5465,12.492319,-11.1397705,11.035627,20.41103,8.4721985,-11.2132435,8.039639,9.377025,9.762585,-5.8245196,8.209831,7.8290353,8.896648,-8.728432,8.463199,5.6276045,8.394908,-4.0788155,6.9950395,-0.629749,6.829233,-8.119383,7.4780855,-0.676038,6.8902807,-7.61097,6.840254,-0.20681682,8.717855,0.37657183,0.35923588,0.3050838,0.28911215,0.41240606,0.31459337,0.28966802,0.24204394,0.32703814,0.4812073,0.37218887,0.37848783,1659.8731482944563,713.4618265229145,1953.6246941311922,337.1907163970251,3580.9033467673667,1368.763693644823,17.86570965546157,18.757452953259936,21.501488324526495,20.409717783624004,19.793349638790353,18.15344345058231,38.79570379089269,0.0712066744872291,0.05415043952152889,0.14587216,0.048076477,95.703125
genres_original\rock\rock.00077.wav,rock,-103.93918,53.917435,101.90094,18.734224,-10.340606,20.666246,43.67417,12.574423,-11.524458,11.619611,26.930704,9.183479,-9.990091,10.281856,25.02072,7.0717416,-14.218496,7.16208,19.70191,7.668059,-10.535613,6.9483685,12.671652,6.986325,-12.685294,6.7653556,6.849958,7.0976634,-6.0865602,6.064589,5.455094,7.122022,-6.235662,6.8675137,-1.4541347,7.561357,-8.232369,6.2952776,-3.2686899,5.594942,0.38839772,0.4264952,0.38770643,0.54413855,0.4788518,0.48712546,0.5555987,0.47045246,0.5307364,0.3490897,0.45380053,0.3925035,2188.176213337053,488.39828037683026,2350.7834228675147,293.8146914389806,4994.003135279605,1127.0796895663802,17.734416796108025,15.024463743580961,16.289550610422197,17.87241796464834,18.416445280720882,17.49594275446602,41.54149916371663,0.10627675720781733,0.0416932912531623,0.12869976,0.04373941,107.666015625
genres_original\rock\rock.00078.wav,rock,-130.98988,51.00266,111.01548,26.104856,-2.153921,19.012363,41.78767,14.567967,-3.1985133,13.998231,34.658478,11.186501,-17.61137,10.624725,19.87679,9.274284,-9.144963,9.152873,14.890434,9.271404,-6.8441687,8.30194,9.199766,6.944911,-6.975001,7.7068696,6.3184733,7.8159976,-9.634725,6.963566,0.51112944,7.5522137,-12.776671,5.8541527,-4.886242,7.2110395,-2.5131242,8.257667,-3.1215749,7.0776114,0.46494007,0.39546114,0.45299068,0.34812498,0.29393616,0.2658667,0.30004415,0.42261854,0.33092257,0.39639664,0.29666537,0.3278181,1878.0900592313537,721.9765427532501,2204.21561008364,368.9005777066676,4285.4407531927245,1482.9768567293215,19.562331554058602,19.65322750123016,20.288968462723837,19.538071568511615,19.592138508496213,17.012141023046446,40.24793821439177,0.07173048084365326,0.057368822141134555,0.14438899,0.04575005,99.38401442307692
genres_original\rock\rock.00079.wav,rock,-91.38539,42.18052,112.11523,19.9502,-27.342018,15.749419,47.981018,9.608962,-19.60664,9.14021,27.728474,7.8320494,-18.553402,8.55705,17.43945,6.3048625,-13.161743,8.394262,14.4296665,7.1561,-15.21798,6.798572,11.52909,6.5667377,-12.585803,5.99901,0.90807784,6.4775553,-10.44846,6.314112,-0.61977893,6.0674825,-13.491329,7.127227,3.3084354,6.91126,-3.7047021,7.539755,1.0890845,7.3639483,0.2658733,0.34136295,0.47526157,0.285941,0.36229834,0.32059565,0.5348706,0.55184716,0.2966985,0.2956575,0.25531593,0.33506116,2148.470108846472,503.8022542213434,2107.138585057225,268.7501465377601,4479.506246371904,989.634645594567,27.919565569394376,14.17603142792308,17.816941901523382,17.731149388028772,18.084682249881414,17.300945690131506,40.78262207306407,0.1091164981617647,0.039278684960719484,0.11669326,0.028076034,123.046875
genres_original\rock\rock.00080.wav,rock,-88.000725,38.619247,93.53732,17.834108,-23.228851,14.059924,48.129993,9.642489,-21.446268,9.07998,27.758793,8.056077,-20.34056,9.846715,18.754475,8.276814,-15.226568,7.746687,16.130507,7.459535,-21.412472,8.20162,10.8740835,6.029094,-12.021344,7.253146,5.1280575,8.093039,-7.2995205,6.435742,4.6578507,7.1107163,-10.173712,9.113518,5.493204,7.348751,-4.375102,8.69399,0.31258598,7.3186717,0.34705275,0.29059654,0.36281365,0.44458282,0.29735047,0.40667403,0.2755819,0.41408977,0.3445151,0.30930898,0.55757654,0.3736388,2606.2565496233246,509.20874099759226,2318.678720331894,242.78031207546982,5339.184381349168,940.0728829986887,25.87208651463528,14.776089171439015,18.37870396459444,18.855067526295578,18.5489113159684,18.60980688900791,42.58764998815816,0.1496808787248452,0.048271842059170685,0.10433086,0.029668791,117.45383522727273
genres_original\rock\rock.00081.wav,rock,-121.43798,71.72134,89.518234,26.648281,-33.493107,16.210358,41.97275,15.065058,-25.929998,12.432907,23.02586,10.897039,-20.269114,11.692571,14.3506975,10.0924835,-16.349436,10.507156,17.03437,10.2807045,-16.955423,8.238444,9.146751,8.158374,-10.111248,7.153978,4.2090273,8.283631,-9.346902,7.914694,1.6090045,7.5924067,-10.549011,8.546617,1.067575,6.739389,-1.6545653,7.956681,7.5426693,8.602952,0.33335263,0.2602574,0.39320302,0.5058611,0.30751443,0.3746078,0.31197515,0.36620042,0.3235997,0.32775137,0.29175857,0.23326659,2553.8992233935824,599.8981588214937,2219.133079512772,267.325695821935,5123.794017118566,1027.5046400676417,25.709236767933625,15.830365267631967,19.954863849625703,18.73878324378785,18.53236382284661,18.128809271635333,40.65736403015747,0.13617340182372292,0.059562194813484313,0.09363885,0.038313136,117.45383522727273
genres_original\rock\rock.00082.wav,rock,-95.476135,48.437363,78.32375,17.235727,-26.22216,17.041058,44.237446,10.742114,-22.4639,11.326253,29.737852,9.239058,-21.56705,9.575709,23.95588,8.077717,-16.578556,6.953664,20.47006,6.8746433,-19.64269,8.367709,13.886457,7.4403276,-12.624655,7.972684,6.248262,7.882541,-7.6597004,7.011889,7.405312,7.316823,-9.414199,8.108505,9.653332,9.564442,-3.7787297,7.9012313,1.0691056,8.850745,0.47177398,0.31879202,0.34022304,0.28374338,0.40136412,0.37072322,0.3276318,0.43445843,0.35425916,0.47901317,0.35847124,0.44894722,2976.0030874979825,544.4727735472793,2423.21517682221,225.91873971640769,5926.6808288385255,822.4678652755034,22.560865461988836,14.685199866546657,18.293695606297547,18.749453067658294,17.770002262654263,17.354155427657304,43.09011970541632,0.1837358504256966,0.06421168811155313,0.09327282,0.032134183,99.38401442307692
genres_original\rock\rock.00083.wav,rock,-119.17545,37.25159,107.44643,16.569736,-10.9727545,14.052079,58.55445,7.660625,-12.931377,9.034309,26.831795,7.573494,-17.640741,7.151398,19.371054,7.1138096,-15.608501,6.6131988,13.5666485,7.350726,-16.67103,6.7748055,11.872087,5.8239436,-12.187864,5.908998,5.232598,6.464177,-6.1726136,6.393835,4.2538886,6.2993555,-8.042082,6.5292206,3.5274684,5.843501,-7.6822686,7.1445518,-1.3451045,6.621121,0.29596034,0.36514935,0.41441652,0.26468378,0.4204388,0.29939812,0.3912124,0.33722898,0.35717493,0.51757437,0.38766554,0.4946127,2115.9838949624827,435.2388638065441,2245.2766737056622,248.57650049641936,4689.613309216573,907.4175652251869,25.197158641996445,15.467943324103091,19.673904663205782,19.26189171350556,18.4896318970215,17.613830493279412,40.48308644851721,0.09280102614647832,0.028483830875753166,0.10167485,0.022780668,123.046875
genres_original\rock\rock.00084.wav,rock,-94.301605,42.02248,91.881775,21.433472,-17.588514,16.430513,45.52394,9.494452,-15.698276,12.57326,32.63909,7.658392,-18.020702,9.181672,21.573336,7.4755497,-15.734346,7.951066,16.79548,6.787793,-18.303877,7.0554557,13.337474,7.218438,-15.461038,7.489989,5.2062526,6.796828,-11.223154,6.9150352,6.212513,6.402503,-7.9550314,7.0916576,7.7081137,9.059402,-4.6095533,8.890051,0.52663636,7.0216746,0.33034414,0.297562,0.43879658,0.25839633,0.3632472,0.26504624,0.3653703,0.525017,0.31976706,0.3981549,0.3234154,0.39615875,2581.809229266718,646.8777024881923,2376.3731904467913,254.46490354088576,5391.134067216525,1071.7253811000967,25.522538429637137,13.807373712463608,19.232344910677334,19.50662883973653,18.766039866692505,17.14609578094859,42.40954102154779,0.13921608939628483,0.06439714613769387,0.106816106,0.028050434,129.19921875
genres_original\rock\rock.00085.wav,rock,-185.45334,63.101337,98.932434,29.505062,-36.442432,18.180866,44.426693,15.407693,-17.758,15.177797,21.304089,13.7181015,-20.296019,12.243215,13.779587,11.124382,-15.489944,11.506515,11.040962,11.8543825,-16.792248,11.342389,2.326029,10.028802,-12.639383,9.587998,0.14767905,8.815195,-4.3978415,9.0274105,-2.4671617,9.657842,-8.983908,10.977202,6.862597,11.58083,-6.7074046,9.1589775,-1.21035,11.048505,0.44965518,0.27914646,0.35456258,0.24347647,0.30266854,0.46824518,0.27154344,0.30404714,0.24698606,0.323576,0.3115882,0.30721578,2256.0047067984315,729.6647867662215,2058.04619992289,325.2247876137635,4509.297732893528,1215.4542693836163,26.180322643258283,18.832191168709016,21.93160999984366,21.489686329436687,21.56789253513736,21.55777203488721,38.87883829825832,0.12098982016737617,0.061067716478845076,0.063018024,0.02960881,184.5703125
genres_original\rock\rock.00086.wav,rock,-160.12103,104.605286,88.731476,30.72419,-35.493244,28.532974,47.491817,19.920263,-12.622673,13.569681,17.308823,11.979572,-19.139456,11.756274,14.591329,9.512506,-20.38044,11.756354,11.096237,10.285291,-11.14557,8.833376,7.704707,8.471496,-9.86575,7.9445763,6.991698,8.835859,-10.1352005,7.25622,3.0655303,7.018823,-7.9491673,6.667052,0.7073351,8.546973,-4.9362535,6.7240505,-2.6115522,7.7309093,0.292612,0.38718078,0.4623786,0.3884279,0.48922917,0.36767545,0.38984463,0.2983937,0.35120967,0.5112594,0.3770922,0.3763707,2521.464032225323,769.0058691536237,2133.360328964294,325.4156469354019,4830.495790652815,1248.9089611908933,19.973646202371555,16.663259971302697,19.09810976861162,17.186942716728222,17.14716455888422,17.952102271210993,38.91645557063233,0.14632451202109134,0.07490004633215779,0.076273166,0.04788148,129.19921875
genres_original\rock\rock.00087.wav,rock,-42.66564,27.762672,102.98204,12.868188,-36.866947,12.8938055,44.53473,8.9918995,-11.986277,9.652199,25.571468,8.08838,-22.683826,7.1339707,28.340677,6.09065,-19.273254,5.6102242,21.487629,6.1722713,-15.2573185,5.957961,11.752053,5.62041,-11.576942,4.957325,4.7838826,5.615913,-13.031341,5.3813915,4.355795,5.5951715,-11.958512,4.9056025,0.88591564,6.7713313,-0.48164988,7.3828154,1.3000377,6.234073,0.32954472,0.3506863,0.5676522,0.39242217,0.49939474,0.28293532,0.35204697,0.6001818,0.3610641,0.30138853,0.24558137,0.43475077,2334.758795031705,336.24445770333955,2208.2732556694846,210.27496446538058,4819.854188334462,840.2978071825231,17.638495348198465,14.669545387759223,17.97584745816672,18.392233233853826,18.354516137833052,18.030701681741725,43.89276675067004,0.12858085514222137,0.028114556859898925,0.16569988,0.032079473,129.19921875
genres_original\rock\rock.00088.wav,rock,-118.014465,66.68012,84.04934,26.78389,-50.27966,18.193098,46.06395,15.176777,-17.695774,9.324575,20.860382,9.412643,-21.651596,10.4832325,16.678535,8.177882,-12.957173,9.156465,12.82873,8.217333,-13.105274,8.2106495,11.298574,7.196241,-12.607103,8.289961,4.3842344,6.7467093,-12.077613,7.2307615,0.6666766,7.006367,-6.7942424,8.26536,4.46434,9.461799,0.2372788,9.745395,0.43376458,10.301115,0.44186056,0.4186307,0.5348346,0.4304288,0.41798246,0.3928768,0.32854313,0.3909407,0.39871812,0.47665775,0.31035265,0.35925493,2591.1167911589937,553.1394618171473,2078.6516769704244,277.7621546100876,4889.828765207769,974.0797099718552,20.05679679742396,15.451040547158064,18.194334468123095,17.78371183855063,17.361769140199442,17.278179762240857,40.01929272801605,0.16178095672890866,0.060391827901674064,0.089476675,0.03840714,92.28515625
genres_original\rock\rock.00089.wav,rock,-156.26839,53.776417,130.76775,26.04612,-25.24617,14.536309,43.496662,13.502261,-12.144104,11.425936,25.410446,9.5232525,-7.947459,10.652188,17.6216,8.116185,-8.632112,9.667451,9.573707,8.06571,-8.363633,7.8877215,5.7764125,7.218526,-7.044429,7.0081477,-1.8792272,7.2388988,-7.6914062,7.599245,3.0032125,7.5784593,-6.4427137,8.157038,-1.3017408,6.8780127,-7.824338,8.567888,-4.1467514,9.713498,0.30443764,0.25777277,0.4105113,0.2928352,0.3337042,0.25313923,0.38287392,0.413294,0.33014467,0.4253431,0.3112272,0.4062136,1610.1897144525528,591.0552852348582,1816.2003750432752,356.3906321340178,3381.4962192216526,1223.827376453964,27.78127564267605,17.54525808358616,21.466964558956867,21.560946951259332,20.737025064789872,19.412616044214964,37.28305275594813,0.0732932075996517,0.04208430253745286,0.10521845,0.037214153,107.666015625
genres_original\rock\rock.00090.wav,rock,-89.05669,46.844666,86.2166,27.13378,-24.418585,16.258904,47.110077,15.204835,-33.645473,12.513154,29.479248,8.040683,-19.750383,9.266342,21.647642,9.542781,-16.75611,9.021857,6.549621,10.09055,-13.397908,9.375657,7.489511,11.741821,-12.868063,10.553086,8.592251,10.700965,-7.8963995,9.750955,11.499058,11.419127,0.6794173,14.118853,9.798442,13.128127,-2.1312432,13.431724,0.5883066,12.199174,0.46173897,0.21255392,0.19692332,0.13644373,0.16847515,0.216581,0.19450393,0.31256017,0.22966684,0.30847564,0.30950272,0.32097813,2495.6204189789773,523.2267306371576,2249.6305200765196,194.42166895912248,5212.826812082769,728.5909195672217,16.708218070170133,16.147689659450133,22.31055044978517,20.561194091026508,19.473646678280694,18.612706135477204,42.53255946616961,0.1206425055630805,0.042100724366107546,0.1546425,0.038554817,123.046875
genres_original\rock\rock.00091.wav,rock,-74.3017,28.897028,100.113205,21.095991,-47.370808,17.142218,49.62339,10.842922,-18.414455,8.234684,24.620586,6.9375753,-15.914734,7.9505267,23.901295,6.5128927,-22.833792,5.779327,23.336365,7.132914,-16.94892,5.886804,14.932431,5.596834,-11.504434,5.395339,4.227315,5.107179,-13.630019,5.42691,4.4797993,5.0697656,-11.667689,5.592637,4.327969,5.4591103,-10.597871,4.8655286,-0.8430529,4.9032187,0.3400288,0.4203185,0.45464936,0.5070957,0.5812499,0.35190007,0.4313042,0.32894585,0.41766083,0.5341746,0.4023084,0.5533693,2474.554693163817,508.2418073056499,2123.3128660945194,288.39496773634517,4754.654582587558,1079.8228647769392,29.26795773145907,15.247479228893196,18.250034700499583,17.73719784135523,16.600847369328346,18.209131623102817,41.78855695362589,0.15018352118808048,0.04258267610020258,0.10825303,0.012780053,143.5546875
genres_original\rock\rock.00092.wav,rock,-70.11754,23.816044,94.181656,14.139757,-50.328033,9.394255,46.9629,7.863498,-16.114256,7.0872226,19.996185,6.0054965,-23.959724,6.163202,16.344028,6.054558,-22.188528,5.505573,14.435193,5.899375,-20.092636,5.4673676,12.150915,5.0511317,-14.765589,5.30294,4.90943,5.349092,-13.623413,5.145248,0.8304447,5.096308,-15.061136,4.6711392,-1.6045009,4.8753147,-16.089468,4.590792,-2.1846826,4.8559756,0.54058534,0.3829057,0.33428833,0.5435107,0.35091045,0.39160827,0.27569765,0.33952573,0.4592149,0.3793105,0.5804183,0.419805,2471.302263920436,329.71361649491746,2102.197362988974,161.27167746634544,4687.154990748355,677.1534610723764,28.446014375078523,15.21257499142867,18.465375697221738,16.984094103711374,16.818417262783314,17.246566666735667,42.150173842938266,0.15094504341621517,0.031195736048494384,0.10687875,0.014712857,129.19921875
genres_original\rock\rock.00093.wav,rock,-114.74584,31.63772,119.291725,21.874596,-50.724567,14.743199,42.631332,11.629135,-6.709271,9.623847,19.714178,9.256259,-16.887064,7.6450033,19.393305,6.7652793,-17.415947,7.1616592,17.311916,8.159167,-10.866727,6.5701814,6.668212,5.9450235,-15.753816,6.682187,3.555531,7.1815796,-7.75999,6.7264934,3.388017,5.7018137,-7.6890497,5.738718,1.6226153,5.8744245,-10.707391,7.020448,-0.5426015,6.5789413,0.32110772,0.4290265,0.25233865,0.27404583,0.17605409,0.32537004,0.6980911,0.32365036,0.31700546,0.20375246,0.3348529,0.46684465,1939.914177955945,398.5016817412271,1881.68340347433,301.9097525499275,3749.093996408185,926.3299790012494,30.006952330879702,17.7825884650458,20.310846280575955,18.411452757542353,17.824860607324652,18.394310694346412,38.77605688061519,0.09836637420181889,0.026133221737026716,0.1057426,0.021932373,103.359375
genres_original\rock\rock.00094.wav,rock,-90.21276,24.792007,80.05299,11.628598,-46.369427,14.677347,56.04585,7.0476246,-8.101378,5.9936194,27.485428,5.216996,-17.328846,5.598575,22.971903,4.7266045,-17.603975,6.765875,18.40145,6.055239,-17.44811,6.170613,7.6514463,6.0191627,-19.300837,5.2222576,1.1936784,4.9289136,-14.480706,5.6336107,4.5198197,5.115183,-12.764398,4.9662523,2.996175,5.619556,-6.416898,5.6147523,2.256299,6.2006097,0.28774822,0.505126,0.32459313,0.28986558,0.27729586,0.39955616,0.8039199,0.44620475,0.2968234,0.2302994,0.45970613,0.34855515,2629.304423185467,306.18865932339173,2210.6104193984875,193.05439938157352,5086.752574436436,679.0979704752874,30.702016596824432,15.678067121280764,18.384686572216598,19.580597103857013,19.076870370717348,17.54649469682454,41.527886227157445,0.14670470624516255,0.03192306094204864,0.101931095,0.019278236,112.34714673913044
genres_original\rock\rock.00095.wav,rock,-153.61649,50.409138,109.894516,21.310797,-23.10659,13.708888,59.00746,11.440838,-7.527995,9.482701,19.730127,7.6352167,-16.486076,9.436793,18.08352,6.6171546,-22.215626,8.807547,15.403847,7.812191,-12.378472,6.532578,12.349251,6.59662,-12.316458,7.008484,5.778132,7.510835,-10.268911,6.056841,1.8052714,6.709403,-13.300427,6.45363,2.4732304,6.0506597,-6.7196245,7.405422,-1.199268,7.0711155,0.18143554,0.4286234,0.7740228,0.40571022,0.330305,0.21710359,0.34966502,0.38190624,0.29402792,0.4348243,0.2329737,0.1933035,2008.5370455020422,531.172751307587,2106.3492062217842,297.6892029187816,4254.124275892512,1105.8177725423172,29.630814102891275,16.809843837218455,20.967230506234984,18.804176214535495,18.604170492383002,17.746729563166706,38.29943879950445,0.08926665598393962,0.03610640992682045,0.07944141,0.018598795,103.359375
genres_original\rock\rock.00096.wav,rock,-142.44206,57.30492,116.23844,18.534527,-32.19032,13.77396,49.11461,8.165844,-8.395415,9.009659,22.872288,6.666198,-18.311134,7.9997544,20.106487,6.631457,-22.10691,6.067586,10.796755,7.2891493,-13.001553,6.6068993,14.067452,6.16178,-16.397627,5.9013653,4.1621165,5.396136,-4.3573008,6.5761847,3.7380047,5.8204775,-10.8545265,6.2642417,1.8724996,5.6580915,-7.467166,6.26138,-2.7979817,5.630101,0.2737294,0.49905103,0.32811353,0.3471606,0.5619075,0.29844028,0.26375777,0.2603783,0.5627183,0.70337653,0.36360857,0.32288975,2006.009247645843,425.9542240665252,2068.2248787337094,286.2183806329179,4147.166589317676,1020.7378911473027,29.235735127125754,15.697127650526477,19.90063637319366,18.778863641944774,18.51304505343838,17.47330894218381,39.08523968232962,0.0976588954866486,0.029462377052617658,0.076425396,0.024282128,117.45383522727273
genres_original\rock\rock.00097.wav,rock,-125.06511,40.961506,115.20331,21.799253,-48.00468,17.031206,52.8431,10.640033,-13.491938,8.781066,21.765408,8.983522,-12.428562,7.7468486,20.139965,6.4478464,-18.370886,6.680021,10.11969,9.050744,-16.055443,6.5752683,10.48674,6.552416,-17.959637,6.6549187,1.2157048,6.105106,-11.543171,6.2644753,1.8466086,5.7919483,-12.854931,6.0287323,3.4517848,5.99659,-12.594253,6.5221415,-2.1046684,5.4677978,0.38388708,0.37587,0.5338377,0.40733522,0.4564808,0.34240118,0.47859547,0.46600682,0.35593417,0.5271537,0.38669056,0.46871996,2077.166787874547,481.3659289106179,1926.8958101296082,273.2683731153465,4030.750626602409,896.8604640240508,28.8386055459778,15.299608036536561,18.461844001990038,18.04529548541681,17.635317565457374,19.550765549673745,38.388536945704516,0.12182428224167957,0.04120224485352374,0.08158259,0.017962335,129.19921875
genres_original\rock\rock.00098.wav,rock,-224.99405,103.790054,123.669685,22.213045,-9.775933,24.56775,56.605724,13.780771,10.427106,12.503182,20.634146,14.530519,-10.2572565,10.345753,15.573306,10.1605425,-8.251973,8.342935,12.805178,9.626792,-9.004445,7.9969482,7.690068,8.687231,-10.085666,7.5310187,-0.25135592,6.529712,-5.2833486,6.840185,-2.8149054,6.806639,-4.421223,6.607147,1.5605098,5.861417,-5.0464134,6.8708324,-3.5825648,6.426081,0.4698415,0.35624388,0.29649246,0.22812636,0.33564463,0.3792804,0.35623062,0.5616469,0.42452028,0.33662793,0.26346642,0.34101182,1398.5815744518927,490.5017698600753,1817.813570023843,330.27178810884976,3014.6734373488293,1154.5015356198594,28.556795594682942,17.909224772580362,20.567328814262353,18.141956565123728,19.354425650643478,18.159281873884574,34.764970590447895,0.04873137577399381,0.028427600986249267,0.08383445,0.034732975,73.828125
genres_original\rock\rock.00099.wav,rock,-235.2182,87.8612,123.893234,28.272966,-22.541746,22.7864,52.924854,15.069693,-1.4473311,13.509756,24.668274,11.240404,-7.0728726,10.884007,14.884823,9.676073,-12.778574,8.907961,16.709099,8.725599,-2.946438,8.89898,10.071948,6.7457886,-15.021038,6.561292,3.1123164,8.2062235,-7.1283135,7.621275,1.7882509,7.6883025,-7.072692,8.584454,0.021304127,8.749215,-2.02767,8.496375,1.1558678,7.0520763,0.3616164,0.26398584,0.21086437,0.42249405,0.67181534,0.42794213,0.33535048,0.22347498,0.32006714,0.23771796,0.28122666,0.5414234,1609.3699366383669,649.9446029181671,1796.9237162030495,346.8476935597052,3246.3053700355554,1324.495994843472,29.66634269593698,18.060343494461538,22.82869266315617,21.847852148238044,21.767874537229094,20.380403040029282,35.352577641845485,0.07628978811919504,0.0466082884383466,0.05444213,0.018348562,123.046875
